"","id","place","weight_lbs","grower_name","city","state_prov","country","gpc_site","seed_mother","pollinator_father","ott","est_weight","pct_chart","variety","weight_Kg","weight_class"
"1","2820-P",6,2039.45456519537,"ZGMTN","Los Angeles","California","USA","Local Pumpkin Festival","1292 L","1640 L",480,1995,4,"Hooligan",924.922705304021,"heavy"
"2","2589-P",91,1536.16131311562,"FVRJQ","Los Angeles","California","France","National Pumpkin Festival","1908 Y","1808 A",404,1431,3,"Porcelain Doll",696.671797331347,"heavy"
"3","2608-P",91,1505.53737142403,"JKFLG","Los Angeles","New York","France","National Pumpkin Festival","1369 H","1238 V",422,1532,-3,"Porcelain Doll",682.783388400919,"heavy"
"4","2524-P",76,1487.20525499247,"YIWPW","Los Angeles","Florida","UK","Local Pumpkin Festival","1560 C","1213 T",406,1403,8,"Porcelain Doll",674.469503397946,"heavy"
"5","2529-P",73,1481.74478624295,"HHIFG","New York","California","UK","National Pumpkin Festival","1942 Y","1632 U",423,1506,-7,"Porcelain Doll",671.993100336941,"heavy"
"6","2393-P",91,1443.77780548856,"MBREA","Los Angeles","Florida","UK","National Pumpkin Festival","1759 X","1353 W",417,1487,-3,"Hooligan",654.774514960797,"heavy"
"7","2626-P",87,1426.97475316469,"LTFAE","Chicago","California","France","Local Pumpkin Festival","1353 I","1098 X",379,1165,21,"Porcelain Doll",647.154083067885,"heavy"
"8","2259-P",27,1411.67133921012,"AMCSJ","Houston","New York","USA","Local Pumpkin Festival","1643 D","1273 U",385,1263,9,"Porcelain Doll",640.213759278967,"heavy"
"9","2211-P",52,1405.1876427047,"XVUVU","Nottingham","Florida","France","National Pumpkin Festival","1525 Y","1019 A",409,1417,0,"Porcelain Doll",637.273307349068,"heavy"
"10","2389-P",3,1363.7153692171,"DSGCX","New York","Florida","USA","Regional Pumpkin Festival","1135 Y","1572 U",384,1250,11,"Porcelain Doll",618.465020053105,"heavy"
"11","2401-P",82,1364.53149987664,"ICAJA","Chicago","Texas","USA","National Pumpkin Festival","1099 R","1695 P",408,1434,-1,"Hooligan",618.835147336345,"heavy"
"12","2865-P",65,1295.35868124366,"UABAK","Los Angeles","California","France","National Pumpkin Festival","1165 V","1233 Y",379,1175,11,"White Pumpkin",587.464254532271,"heavy"
"13","2875-P",26,1286.10326659121,"RRAZS","Nottingham","Texas","France","National Pumpkin Festival","1794 V","1662 Q",393,1271,3,"White Pumpkin",583.266787569708,"heavy"
"14","2772-P",85,1273.00485815667,"JHUEZ","New York","Florida","USA","Local Pumpkin Festival","1882 N","1123 N",387,1237,3,"Hooligan",577.326466284202,"heavy"
"15","2940-P",78,1272.21788809448,"IKIKV","Nottingham","Texas","UK","Regional Pumpkin Festival","1603 H","1576 U",376,1162,13,"Porcelain Doll",576.969563761671,"heavy"
"16","2361-P",15,1265.40067875851,"YWKPT","Los Angeles","Texas","USA","National Pumpkin Festival","1171 C","1225 R",373,1151,11,"Hooligan",573.877858847397,"heavy"
"17","2712-P",5,1211.69056839589,"GBECB","Los Angeles","New York","France","Local Pumpkin Festival","1046 U","1693 U",380,1143,8,"Porcelain Doll",549.519532152331,"heavy"
"18","2253-P",41,1223.03804092947,"ROEZU","Houston","New York","USA","Local Pumpkin Festival","1191 D","1184 M",370,1105,8,"Porcelain Doll",554.665778199308,"heavy"
"19","2696-P",21,1206.58086664509,"NHETX","Chicago","Florida","USA","Local Pumpkin Festival","1127 N","1318 E",395,1272,-1,"Porcelain Doll",547.202207095279,"heavy"
"20","2706-P",52,1211.91466998681,"KSSEG","Nottingham","New York","France","Local Pumpkin Festival","1978 J","1327 V",380,1204,5,"Lady Godiva",549.6211655269,"heavy"
"21","2437-P",9,1202.65662244055,"OYWUB","New York","Florida","USA","Regional Pumpkin Festival","1652 P","1247 X",368,1101,11,"Hooligan",545.422504508188,"heavy"
"22","2700-P",88,1183.18114616442,"QNAPG","Chicago","California","USA","National Pumpkin Festival","1762 U","1967 W",367,1086,5,"Lady Godiva",536.590088963458,"heavy"
"23","2780-P",20,1167.9761900343,"HHDER","Houston","Florida","USA","Regional Pumpkin Festival","1225 Z","1009 R",372,1120,0,"Lady Godiva",529.694417249116,"heavy"
"24","2634-P",46,1165.6846628096,"AXZNH","New York","California","UK","National Pumpkin Festival","1808 P","1381 V",358,1037,17,"White Pumpkin",528.655175877368,"heavy"
"25","2905-P",56,1161.44242427684,"NLDEC","Paris","Texas","UK","Local Pumpkin Festival","1849 M","1925 X",374,1116,-1,"Lady Godiva",526.731258175439,"heavy"
"26","2654-P",42,1134.95512970164,"GPUWD","Chicago","Texas","USA","Regional Pumpkin Festival","1164 E","1084 B",394,1276,-6,"Hooligan",514.718879683285,"heavy"
"27","2117-P",18,1134.87699190788,"WQVAM","Los Angeles","California","USA","Local Pumpkin Festival","1086 E","1876 Z",364,1039,8,"Hooligan",514.683443042122,"heavy"
"28","2537-P",84,1140.04978456721,"UDJRN","Paris","Texas","UK","Regional Pumpkin Festival","1682 M","1016 O",353,993,19,"White Pumpkin",517.029380756103,"heavy"
"29","2237-P",79,1146.92764157243,"MYUKG","Houston","New York","UK","Regional Pumpkin Festival","1795 S","1734 H",377,1120,-4,"White Pumpkin",520.148590282281,"heavy"
"30","2595-P",24,1132.41032757796,"CAXFP","Nottingham","New York","USA","National Pumpkin Festival","1607 G","1478 J",382,1161,2,"Lady Godiva",513.564774411775,"heavy"
"31","2640-P",10,1125.00595269538,"TWZBZ","Nottingham","California","USA","National Pumpkin Festival","1258 I","1598 Y",378,1179,-5,"Lady Godiva",510.206781267748,"heavy"
"32","2498-P",48,1109.4255763758,"ZKHDM","Houston","New York","France","National Pumpkin Festival","1563 S","1254 E",363,1053,1,"Hooligan",503.14085096408,"heavy"
"33","2548-P",29,1107.35936263669,"VSDEF","Paris","Florida","UK","National Pumpkin Festival","1772 Y","1224 M",381,1195,-4,"Porcelain Doll",502.203792578999,"heavy"
"34","2884-P",85,1096.28090862371,"ETWMA","Chicago","Texas","France","National Pumpkin Festival","1293 Z","1850 G",376,1167,-8,"White Pumpkin",497.17955039624,"medium"
"35","2364-P",34,1092.03693792149,"ZAMOC","Houston","New York","UK","National Pumpkin Festival","1332 T","1875 W",378,1125,-1,"Lady Godiva",495.254847129929,"medium"
"36","2519-P",71,1072.79496540688,"KWEHA","New York","Texas","USA","Regional Pumpkin Festival","1378 O","1442 K",379,1159,-6,"Lady Godiva",486.528328982712,"medium"
"37","2563-P",29,1062.54949341118,"JUIKK","Nottingham","Florida","USA","National Pumpkin Festival","1306 V","1620 O",1,-1,-2,"Porcelain Doll",481.881856422305,"medium"
"38","2798-P",51,1062.99198132847,"OFZJO","Houston","California","France","National Pumpkin Festival","1636 S","1440 F",360,996,9,"White Pumpkin",482.082531214723,"medium"
"39","2987-P",89,1054.90204628371,"QNGQL","Nottingham","California","France","National Pumpkin Festival","1980 T","1191 X",346,932,15,"Hooligan",478.41362643252,"medium"
"40","2184-P",33,1041.64252518676,"JURXP","Chicago","California","France","National Pumpkin Festival","1133 J","1292 B",359,976,10,"White Pumpkin",472.400238179938,"medium"
"41","2499-P",22,1041.57782919146,"HCYDR","New York","California","UK","Local Pumpkin Festival","1283 U","1389 O",352,959,3,"Lady Godiva",472.370897592499,"medium"
"42","2181-P",66,1035.29372357018,"IIGKD","Paris","Florida","UK","National Pumpkin Festival","1989 O","1301 A",375,1141,-6,"Lady Godiva",469.520963070378,"medium"
"43","2109-P",46,1041.6451630583,"POAYF","Los Angeles","Texas","USA","Local Pumpkin Festival","1179 L","1551 O",357,991,5,"White Pumpkin",472.401434493562,"medium"
"44","2780-P",40,1037.2314018989,"BYJPB","Nottingham","Texas","UK","Regional Pumpkin Festival","1267 D","1030 V",367,1033,-5,"White Pumpkin",470.399728752335,"medium"
"45","2380-P",74,1013.42735569645,"HENWY","Paris","Florida","UK","National Pumpkin Festival","1774 O","1590 L",355,1011,-1,"White Pumpkin",459.604242946235,"medium"
"46","2589-P",90,1015.07186256256,"AKBOA","Los Angeles","California","USA","Local Pumpkin Festival","1578 V","1161 Q",347,963,9,"Lady Godiva",460.35005104878,"medium"
"47","2005-P",11,997.864567494951,"OSJJF","Paris","California","USA","Regional Pumpkin Festival","1358 F","1100 K",363,1036,1,"Hooligan",452.546289113357,"medium"
"48","2873-P",47,989.992679249495,"ACJXL","Houston","New York","France","Regional Pumpkin Festival","1024 Z","1123 Y",-2,3,-3,"Porcelain Doll",448.976271768479,"medium"
"49","2886-P",100,1000.7441271618,"VADKV","Paris","Florida","UK","Local Pumpkin Festival","1413 X","1037 W",-4,1,-5,"Hooligan",453.852211864762,"medium"
"50","2203-P",69,992.306354951113,"PFGLG","Chicago","California","France","Local Pumpkin Festival","1497 V","1728 T",3,-1,0,"White Pumpkin",450.025557800958,"medium"
"51","2355-P",55,984.565781276673,"CTFIF","Houston","Texas","UK","Regional Pumpkin Festival","1804 S","1976 Y",348,967,2,"Lady Godiva",446.515093549512,"medium"
"52","2888-P",98,993.386844573542,"RHPEM","New York","Texas","France","National Pumpkin Festival","1933 G","1296 R",349,945,5,"Lady Godiva",450.515575770314,"medium"
"53","2041-P",10,980.323867068626,"ZPZPA","New York","California","France","National Pumpkin Festival","1854 Z","1546 U",352,936,3,"White Pumpkin",444.591322933617,"medium"
"54","2601-P",99,984.409446297213,"ZOWGH","Paris","Texas","USA","Local Pumpkin Festival","1189 Q","1106 C",359,1013,1,"White Pumpkin",446.44419333207,"medium"
"55","2281-P",4,960.368404937908,"VUKFH","Nottingham","New York","UK","Regional Pumpkin Festival","1277 L","1529 A",369,1089,-14,"Lady Godiva",435.54122672921,"medium"
"56","2643-P",66,947.092959320173,"KTPDJ","Paris","California","France","Regional Pumpkin Festival","1061 K","1821 O",356,1011,-5,"Hooligan",429.520616471734,"medium"
"57","2469-P",87,951.081105602905,"DKLLF","Chicago","New York","USA","Regional Pumpkin Festival","1902 C","1828 W",337,821,17,"Porcelain Doll",431.329299593154,"medium"
"58","2901-P",22,957.633132268675,"DFFKR","Los Angeles","Texas","USA","National Pumpkin Festival","1615 B","1028 S",362,1046,-4,"White Pumpkin",434.300740257902,"medium"
"59","2445-P",90,940.332369719632,"LJMET","Nottingham","California","USA","Local Pumpkin Festival","1929 W","1442 E",346,945,-4,"Lady Godiva",426.45458944201,"medium"
"60","2811-P",89,937.010204312392,"LGDNK","New York","Texas","France","National Pumpkin Festival","1605 B","1975 Q",347,906,1,"Porcelain Doll",424.94793846367,"medium"
"61","2373-P",94,931.412924825214,"EUABU","New York","Florida","France","National Pumpkin Festival","1161 E","1068 Y",349,901,6,"Lady Godiva",422.40948971665,"medium"
"62","2023-P",44,919.148765297607,"CEGXU","Chicago","Florida","France","National Pumpkin Festival","1249 V","1652 U",346,891,3,"Porcelain Doll",416.847512606624,"medium"
"63","2025-P",93,890.852477997541,"ENMVI","New York","Texas","USA","National Pumpkin Festival","1187 I","1364 R",337,857,0,"White Pumpkin",404.014729250586,"medium"
"64","2194-P",55,889.400753981061,"WSSOK","Paris","Florida","France","Regional Pumpkin Festival","1378 C","1512 D",359,998,-8,"Lady Godiva",403.356351011819,"medium"
"65","2871-P",35,870.123482020572,"MNSPS","Paris","Texas","UK","Local Pumpkin Festival","1084 J","1718 V",321,748,15,"Lady Godiva",394.613824045611,"medium"
"66","2050-P",93,871.717610947788,"AWCAN","Houston","Florida","UK","National Pumpkin Festival","1932 H","1818 O",343,918,-5,"Lady Godiva",395.336785010335,"medium"
"67","2293-P",24,867.966076431796,"NULME","Nottingham","California","UK","Local Pumpkin Festival","1528 U","1342 V",341,903,-6,"Porcelain Doll",393.635408812606,"medium"
"68","2585-P",48,853.896657780744,"ANWWP","Paris","California","France","National Pumpkin Festival","1327 A","1480 O",357,988,-16,"Lady Godiva",387.25472008197,"medium"
"69","2048-P",72,857.169279335998,"LWYCN","Los Angeles","Florida","USA","National Pumpkin Festival","1202 T","1608 V",336,872,3,"Hooligan",388.738902193196,"medium"
"70","2245-P",100,850.374474572018,"ZMUYG","Houston","Texas","France","Regional Pumpkin Festival","1330 E","1016 R",338,867,0,"Hooligan",385.657358082548,"medium"
"71","2153-P",1,855.117163129151,"VAGDL","Los Angeles","Texas","France","Local Pumpkin Festival","1689 Q","1803 I",334,818,10,"Porcelain Doll",387.80823724678,"medium"
"72","2402-P",21,854.812589896843,"PKOFP","Los Angeles","Florida","UK","Regional Pumpkin Festival","1764 E","1991 F",339,850,2,"Porcelain Doll",387.670108796754,"medium"
"73","2403-P",6,847.903867223859,"GZASM","Los Angeles","Texas","France","Local Pumpkin Festival","1659 I","1338 K",330,825,2,"Hooligan",384.53690123531,"medium"
"74","2117-P",54,847.874835488386,"PEMRR","Nottingham","California","France","Regional Pumpkin Festival","1567 B","1263 Q",340,899,-2,"Porcelain Doll",384.523734915368,"medium"
"75","2471-P",56,833.081044637598,"KVPOA","Chicago","California","USA","National Pumpkin Festival","1318 S","1658 F",331,800,9,"Lady Godiva",377.814532715464,"medium"
"76","2401-P",92,823.757658655755,"HBRVM","Los Angeles","California","UK","National Pumpkin Festival","1771 J","1055 C",318,751,16,"Porcelain Doll",373.586239753177,"medium"
"77","2727-P",3,822.235764542595,"ARIYR","Nottingham","Florida","France","Local Pumpkin Festival","1252 O","1575 F",345,940,-15,"Hooligan",372.896038341313,"medium"
"78","2062-P",60,816.588966893032,"EMQBN","Paris","Texas","France","Local Pumpkin Festival","1497 P","1891 B",349,917,-6,"White Pumpkin",370.335132377792,"medium"
"79","2720-P",60,812.250121003948,"LNTMT","Houston","California","UK","Local Pumpkin Festival","1428 K","1216 Q",323,733,9,"Hooligan",368.367401815849,"medium"
"80","2923-P",5,816.426005271263,"VBXVI","Los Angeles","California","USA","Regional Pumpkin Festival","1580 G","1801 F",325,760,8,"Hooligan",370.261226880392,"medium"
"81","2385-P",68,803.39804328084,"QVUBJ","Chicago","Florida","France","National Pumpkin Festival","1329 E","1547 A",311,699,19,"White Pumpkin",364.352854095619,"medium"
"82","2848-P",12,795.930587739311,"PZTFA","Chicago","Texas","UK","Local Pumpkin Festival","1377 X","1452 O",323,724,9,"Hooligan",360.966252942998,"medium"
"83","2142-P",8,802.340666593984,"CDTZL","Chicago","Texas","USA","Local Pumpkin Festival","1525 G","1293 K",326,770,4,"White Pumpkin",363.873318183213,"medium"
"84","2145-P",71,804.960957983509,"GKCUM","Los Angeles","Texas","UK","Regional Pumpkin Festival","1337 W","1581 K",339,831,-2,"White Pumpkin",365.061658949437,"medium"
"85","2874-P",85,802.496578516066,"GVRCM","Los Angeles","Florida","France","National Pumpkin Festival","1132 E","1311 K",333,839,-3,"Porcelain Doll",363.944026537898,"medium"
"86","2821-P",90,796.007924121805,"JKITK","Paris","California","UK","Regional Pumpkin Festival","1472 T","1668 K",328,777,0,"Porcelain Doll",361.001326132338,"medium"
"87","2493-P",46,783.605235609226,"UEJQD","New York","Florida","France","National Pumpkin Festival","1593 T","1050 X",320,749,1,"Hooligan",355.376524085817,"medium"
"88","2479-P",2,763.665022238158,"UFGTY","Nottingham","Florida","UK","Regional Pumpkin Festival","1702 Y","1360 X",319,729,4,"Lady Godiva",346.333343418666,"medium"
"89","2755-P",53,752.737819089554,"BNXWH","Houston","California","USA","Local Pumpkin Festival","1329 F","1660 M",324,781,-5,"Hooligan",341.377695732224,"medium"
"90","2436-P",65,763.573730268329,"DPSZE","Nottingham","Texas","France","Local Pumpkin Festival","1775 U","1702 V",329,806,-10,"Lady Godiva",346.291941164775,"medium"
"91","2225-P",12,755.621131942607,"LRAHG","Nottingham","Texas","USA","Regional Pumpkin Festival","1164 N","1726 X",324,796,-5,"White Pumpkin",342.685320608892,"medium"
"92","2457-P",81,754.181343861856,"ZJNEU","Nottingham","California","UK","Regional Pumpkin Festival","1892 F","1386 T",329,793,0,"Hooligan",342.032355492905,"medium"
"93","2656-P",40,740.607531878166,"PBVAT","Nottingham","California","France","Local Pumpkin Festival","1525 C","1454 A",339,849,-12,"Lady Godiva",335.876431690778,"medium"
"94","2007-P",83,734.313995651901,"CTEGK","New York","New York","France","Local Pumpkin Festival","1636 U","1795 V",327,756,-3,"Hooligan",333.022220250295,"medium"
"95","2648-P",82,732.220179276541,"YCFHI","Houston","Texas","France","Local Pumpkin Festival","1871 O","1736 E",325,770,-6,"White Pumpkin",332.07264366283,"medium"
"96","2327-P",3,721.268551525474,"UDUZV","Chicago","Florida","France","Local Pumpkin Festival","1815 B","1443 Z",315,689,3,"Lady Godiva",327.105919059172,"medium"
"97","2833-P",35,724.90672952868,"FFVNB","Houston","New York","USA","National Pumpkin Festival","1477 P","1293 U",328,746,2,"White Pumpkin",328.755886407565,"medium"
"98","2911-P",26,721.182325442322,"REZIO","Nottingham","Texas","UK","Regional Pumpkin Festival","1655 V","1230 L",316,735,2,"Porcelain Doll",327.066814259556,"medium"
"99","2485-P",46,720.236595336348,"CAQRW","Nottingham","Texas","UK","National Pumpkin Festival","1895 P","1552 N",315,704,4,"Porcelain Doll",326.637911717165,"medium"
"100","2121-P",74,699.094130137935,"SLZOB","Houston","Texas","UK","National Pumpkin Festival","1430 F","1940 B",328,759,-10,"White Pumpkin",317.049492126048,"medium"
"101","2234-P",42,694.332849563099,"LMNZO","Paris","New York","USA","National Pumpkin Festival","1005 T","1547 N",300,641,5,"Hooligan",314.890181207755,"medium"
"102","2903-P",26,699.150756533258,"PMSWO","Houston","Texas","France","Local Pumpkin Festival","1395 Z","1706 L",308,664,3,"Hooligan",317.075173030956,"medium"
"103","2673-P",23,696.926597507671,"VDZWS","New York","Texas","USA","Regional Pumpkin Festival","1735 S","1222 E",2,1,2,"White Pumpkin",316.066484130463,"medium"
"104","2077-P",31,679.852230113186,"JQVNS","Nottingham","Texas","France","Regional Pumpkin Festival","1474 M","1586 T",301,640,7,"Porcelain Doll",308.323006854053,"medium"
"105","2464-P",39,683.481412891299,"SXIBX","Chicago","New York","UK","Regional Pumpkin Festival","1411 J","1591 C",322,710,2,"Lady Godiva",309.968894735283,"medium"
"106","2875-P",87,691.417251028121,"LAQDM","New York","Florida","France","National Pumpkin Festival","1669 D","1620 I",1,2,2,"White Pumpkin",313.567914298467,"medium"
"107","2248-P",16,685.735131533816,"XYMVO","Houston","Florida","USA","Local Pumpkin Festival","1898 R","1944 F",301,617,15,"White Pumpkin",310.99098935774,"medium"
"108","2723-P",62,671.528993602842,"PLHOZ","New York","California","UK","National Pumpkin Festival","1333 F","1421 Z",314,701,-2,"Lady Godiva",304.548296418522,"medium"
"109","2582-P",95,674.167108859122,"TDJNK","Chicago","Florida","France","Regional Pumpkin Festival","1963 F","1181 L",329,794,-19,"Hooligan",305.74472057103,"medium"
"110","2153-P",17,676.410850328207,"EYNPN","New York","Texas","France","Local Pumpkin Festival","1757 J","1534 U",304,639,6,"Lady Godiva",306.76229039828,"medium"
"111","2387-P",59,668.390015252493,"EXECL","Chicago","New York","France","Local Pumpkin Festival","1437 F","1895 R",311,654,4,"Lady Godiva",303.124723470519,"medium"
"112","2602-P",69,667.182814288884,"MTSUR","Houston","Texas","USA","National Pumpkin Festival","1484 P","1755 N",307,672,-6,"White Pumpkin",302.57724004031,"medium"
"113","2991-P",4,668.9339200221,"IGVJT","Los Angeles","New York","USA","Regional Pumpkin Festival","1073 C","1717 G",320,736,-5,"White Pumpkin",303.371392300272,"medium"
"114","2002-P",79,668.557993243076,"YLQUY","Chicago","California","USA","Regional Pumpkin Festival","1889 J","1340 O",-3,3,-1,"White Pumpkin",303.200903965114,"medium"
"115","2691-P",57,666.577355518006,"GTVVI","Los Angeles","Texas","France","Regional Pumpkin Festival","1763 A","1307 V",325,743,-7,"Hooligan",302.302655563721,"medium"
"116","2009-P",44,653.175202990882,"DFTEI","Chicago","California","France","Regional Pumpkin Festival","1038 S","1950 I",326,783,-13,"White Pumpkin",296.224581855275,"medium"
"117","2923-P",53,649.182626700029,"WBQWK","Paris","California","USA","National Pumpkin Festival","1961 F","1202 K",319,691,-9,"Hooligan",294.413889659877,"medium"
"118","2565-P",64,647.55995807983,"SXQDI","Houston","California","France","Regional Pumpkin Festival","1761 Q","1013 W",320,702,-7,"Hooligan",293.677985523732,"medium"
"119","2646-P",5,639.884842247702,"WWWTT","New York","Florida","UK","Regional Pumpkin Festival","1960 H","1627 C",306,640,4,"Lady Godiva",290.197207368572,"medium"
"120","2776-P",88,631.699218611233,"YEPEH","Houston","California","France","National Pumpkin Festival","1040 V","1276 W",316,692,-10,"Hooligan",286.484906399652,"medium"
"121","2879-P",11,636.14513517078,"EGFUY","Chicago","California","USA","National Pumpkin Festival","1066 R","1448 Z",317,699,-10,"Porcelain Doll",288.501195088789,"medium"
"122","2083-P",51,626.127948691137,"APKQI","Paris","New York","UK","Regional Pumpkin Festival","1153 X","1232 J",313,690,-10,"Hooligan",283.958253374665,"medium"
"123","2539-P",93,627.723816119134,"MUEFK","New York","New York","France","National Pumpkin Festival","1579 V","1286 Z",283,527,21,"Porcelain Doll",284.682002775118,"medium"
"124","2120-P",57,623.366677010432,"LGCBO","Los Angeles","Florida","USA","National Pumpkin Festival","1034 F","1490 H",305,650,-5,"White Pumpkin",282.70597596845,"medium"
"125","2140-P",78,625.848380581476,"SGBMP","Houston","Florida","France","National Pumpkin Festival","1042 A","1069 Z",326,732,-12,"Porcelain Doll",283.831465116316,"medium"
"126","2659-P",76,613.74148167856,"QTNUS","Chicago","Texas","USA","Regional Pumpkin Festival","1725 R","1922 B",316,720,-18,"Porcelain Doll",278.340808017488,"medium"
"127","2022-P",3,617.056368900463,"KQIVP","Houston","Florida","France","National Pumpkin Festival","1573 T","1220 P",-4,-3,2,"Porcelain Doll",279.844158231502,"medium"
"128","2241-P",13,604.376885618083,"HWHCX","Nottingham","Florida","USA","National Pumpkin Festival","1898 Z","1395 F",310,674,-11,"White Pumpkin",274.093825677135,"medium"
"129","2250-P",70,594.308609318919,"HYCFD","Los Angeles","California","France","National Pumpkin Festival","1295 E","1359 M",291,563,6,"Lady Godiva",269.527713976834,"medium"
"130","2295-P",98,598.27060372103,"LMLBA","Paris","Texas","USA","Regional Pumpkin Festival","1643 D","1606 A",289,563,11,"Porcelain Doll",271.324536834934,"medium"
"131","2149-P",42,587.535800522193,"EDUZL","Nottingham","New York","France","Regional Pumpkin Festival","1667 Z","1714 E",0,0,1,"Hooligan",266.456145361539,"medium"
"132","2140-P",99,597.536050365306,"XQYMT","Paris","Texas","UK","Regional Pumpkin Festival","1328 H","1868 F",314,671,-17,"White Pumpkin",270.991406061363,"medium"
"133","2974-P",2,575.322578166798,"TURTN","New York","New York","USA","National Pumpkin Festival","1648 N","1280 O",294,594,-2,"Lady Godiva",260.917269009886,"medium"
"134","2269-P",52,571.626017001458,"POROP","New York","Texas","France","Local Pumpkin Festival","1786 W","1144 F",-1,4,-2,"Lady Godiva",259.240824036942,"medium"
"135","2890-P",61,569.882313853502,"FLIKI","Houston","New York","USA","National Pumpkin Festival","1785 U","1298 R",292,571,4,"White Pumpkin",258.450028958504,"medium"
"136","2852-P",26,565.937591359019,"ZFIAZ","Paris","Florida","USA","Local Pumpkin Festival","1926 X","1242 J",325,731,-27,"Porcelain Doll",256.661039165088,"medium"
"137","2010-P",93,572.104186167009,"IYQYG","Los Angeles","California","France","Local Pumpkin Festival","1386 K","1505 O",292,572,-5,"White Pumpkin",259.457680801365,"medium"
"138","2545-P",73,548.190620402806,"EBMUN","New York","Florida","USA","Regional Pumpkin Festival","1110 O","1059 C",283,537,4,"Hooligan",248.612526259776,"medium"
"139","2564-P",9,551.660658073798,"JVXCI","Chicago","Florida","France","Regional Pumpkin Festival","1286 Q","1126 U",1,2,2,"Hooligan",250.186239489251,"medium"
"140","2658-P",80,565.458061920479,"LTONX","Houston","New York","USA","Regional Pumpkin Festival","1890 I","1009 Q",302,603,-5,"Porcelain Doll",256.443565496816,"medium"
"141","2704-P",32,559.529998687096,"PVLMR","Los Angeles","New York","France","National Pumpkin Festival","1329 E","1739 R",-4,-2,-5,"White Pumpkin",253.755101445395,"medium"
"142","2210-P",32,539.08482019417,"HKDBC","Paris","New York","UK","Regional Pumpkin Festival","1705 O","1481 U",300,611,-9,"Lady Godiva",244.482911652685,"medium"
"143","2186-P",66,509.101548157074,"YQFKV","New York","Florida","USA","Regional Pumpkin Festival","1576 B","1741 T",303,600,-11,"Porcelain Doll",230.885055853548,"medium"
"144","2597-P",6,522.38028767053,"DMBIM","Los Angeles","Texas","USA","Regional Pumpkin Festival","1765 D","1947 Z",268,443,12,"Lady Godiva",236.907159941284,"medium"
"145","2460-P",38,509.926624153741,"XIDMA","Nottingham","Texas","UK","Regional Pumpkin Festival","1274 G","1846 O",288,560,-10,"Hooligan",231.259239979021,"medium"
"146","2690-P",56,507.080999841355,"MAGSI","Nottingham","Texas","France","Regional Pumpkin Festival","1121 E","1024 B",290,534,-8,"Hooligan",229.968707411045,"medium"
"147","2469-P",62,512.903907028958,"JGJJA","New York","Florida","France","National Pumpkin Festival","1834 R","1006 C",286,517,2,"White Pumpkin",232.609481645786,"medium"
"148","2923-P",27,512.081788159348,"DDCII","Paris","California","UK","National Pumpkin Festival","1626 X","1505 Y",0,4,-3,"Lady Godiva",232.23663862102,"medium"
"149","2081-P",83,501.010786975734,"VUNBG","Houston","Texas","France","Local Pumpkin Festival","1177 V","1002 A",296,549,-12,"Porcelain Doll",227.215776406229,"medium"
"150","2645-P",44,500.500168883055,"OGBIR","New York","Texas","USA","Local Pumpkin Festival","1106 X","1524 E",-5,-5,2,"White Pumpkin",226.984203575082,"medium"
"151","2234-P",92,495.546843915246,"QCWGE","Los Angeles","California","UK","Regional Pumpkin Festival","1062 I","1439 S",5,1,-2,"Porcelain Doll",224.737797693989,"medium"
"152","2912-P",81,483.341244006529,"NOQKO","Chicago","New York","USA","Local Pumpkin Festival","1561 R","1061 G",283,496,-4,"Lady Godiva",219.202378234254,"medium"
"153","2567-P",29,480.275071840733,"QPHFN","New York","Florida","USA","National Pumpkin Festival","1465 S","1936 Z",272,472,5,"White Pumpkin",217.811823964051,"medium"
"154","2480-P",50,487.625700576231,"MXEUK","New York","Florida","UK","Local Pumpkin Festival","1628 G","1488 E",1,5,-4,"White Pumpkin",221.1454424382,"medium"
"155","2761-P",52,484.6094462974,"HBTKL","Houston","Florida","France","Regional Pumpkin Festival","1303 F","1250 V",290,524,-12,"Lady Godiva",219.777526665487,"medium"
"156","2133-P",10,471.261382505298,"EZEPM","Los Angeles","Florida","France","Local Pumpkin Festival","1803 E","1741 S",277,469,3,"Lady Godiva",213.7239829956,"medium"
"157","2653-P",75,476.536770149134,"PQDRQ","Paris","California","USA","Local Pumpkin Festival","1990 Q","1301 B",268,455,4,"White Pumpkin",216.116449047226,"medium"
"158","2238-P",79,457.224191355705,"ZQIDR","Paris","New York","France","Regional Pumpkin Festival","1747 A","1505 N",0,-2,4,"Porcelain Doll",207.357909911884,"medium"
"159","2866-P",91,452.716099252924,"WDTYK","Nottingham","Florida","France","Local Pumpkin Festival","1062 L","1619 A",276,466,3,"White Pumpkin",205.313423697471,"medium"
"160","2666-P",21,454.532836146094,"JXORS","Houston","Florida","USA","Local Pumpkin Festival","1068 R","1901 D",265,398,16,"Lady Godiva",206.137340655825,"medium"
"161","2333-P",20,449.259659237228,"AJYEP","Los Angeles","New York","France","Regional Pumpkin Festival","1006 L","1035 W",272,472,-8,"White Pumpkin",203.745877205092,"medium"
"162","2687-P",57,458.906176112592,"QOOII","Houston","California","UK","Local Pumpkin Festival","1874 M","1564 P",278,510,-7,"Lady Godiva",208.120714790291,"medium"
"163","2160-P",72,452.654885428026,"KQFAT","Paris","Florida","France","Regional Pumpkin Festival","1871 A","1721 O",270,450,2,"Hooligan",205.285662325636,"medium"
"164","2146-P",63,413.642556282692,"RJPXK","Los Angeles","Texas","France","Local Pumpkin Festival","1278 X","1234 J",4,2,-4,"Lady Godiva",187.592996046572,"medium"
"165","2300-P",72,420.052314594388,"QWVYN","Paris","New York","USA","Regional Pumpkin Festival","1972 W","1979 K",-1,-2,5,"Hooligan",190.499915915822,"medium"
"166","2148-P",65,416.067846677452,"WKKZE","Nottingham","New York","USA","Regional Pumpkin Festival","1316 K","1121 S",283,534,-24,"White Pumpkin",188.692900987507,"medium"
"167","2905-P",64,415.524664737284,"HNSRQ","Chicago","Florida","France","Regional Pumpkin Festival","1072 C","1506 Y",262,427,-5,"Porcelain Doll",188.446559971557,"medium"
"168","2588-P",67,404.184072474018,"GUKRU","Nottingham","New York","USA","Regional Pumpkin Festival","1567 N","1027 J",2,5,1,"White Pumpkin",183.303434228579,"medium"
"169","2880-P",62,393.496403033845,"DVFOD","Nottingham","California","France","National Pumpkin Festival","1270 K","1535 Q",258,394,-4,"Lady Godiva",178.456418609454,"medium"
"170","2916-P",31,402.244825805537,"EESIJ","Chicago","California","UK","Regional Pumpkin Festival","1284 E","1786 Q",271,438,-14,"Hooligan",182.423957281423,"medium"
"171","2102-P",57,382.206945120357,"NJBNM","Los Angeles","New York","USA","National Pumpkin Festival","1546 F","1723 Y",1,1,5,"White Pumpkin",173.336483047781,"medium"
"172","2374-P",58,391.983028165065,"VEOXK","Los Angeles","New York","USA","Local Pumpkin Festival","1412 I","1696 Q",-2,-2,-2,"Hooligan",177.770080800483,"medium"
"173","2783-P",21,375.365742952563,"MCRFM","New York","New York","USA","Local Pumpkin Festival","1495 Y","1987 D",270,436,-14,"Porcelain Doll",170.233897030641,"medium"
"174","2400-P",93,374.475667428225,"JTJJY","Paris","New York","UK","National Pumpkin Festival","1565 K","1558 G",260,399,-9,"Porcelain Doll",169.830234661327,"medium"
"175","2214-P",85,370.631463842466,"TJEPZ","New York","California","UK","Local Pumpkin Festival","1253 K","1422 R",257,367,-4,"Lady Godiva",168.086831674588,"medium"
"176","2455-P",19,355.283484011889,"HTSGD","Houston","California","USA","Regional Pumpkin Festival","1459 P","1676 J",263,406,-6,"Hooligan",161.126296604031,"medium"
"177","2508-P",9,361.91929182969,"JHORG","Houston","Florida","France","Local Pumpkin Festival","1399 W","1809 M",253,348,9,"White Pumpkin",164.135733256095,"medium"
"178","2191-P",36,361.623219538853,"ASRVB","Paris","New York","France","Local Pumpkin Festival","1712 L","1561 E",258,369,-3,"White Pumpkin",164.001460108323,"medium"
"179","2384-P",50,362.356243600138,"XQOOK","Nottingham","Texas","USA","Local Pumpkin Festival","1183 P","1500 X",256,378,1,"Hooligan",164.333897324325,"medium"
"180","2875-P",30,355.770856553689,"ADLFI","New York","Texas","France","Local Pumpkin Festival","1769 O","1541 R",-2,2,-2,"Hooligan",161.347327235233,"medium"
"181","2745-P",41,350.0015145652,"SDJUE","Houston","New York","USA","Local Pumpkin Festival","1253 D","1152 Z",-2,2,-3,"Porcelain Doll",158.7308456078,"medium"
"182","2846-P",28,359.24431639351,"KVVAT","New York","California","France","National Pumpkin Festival","1524 Q","1082 C",4,-4,-5,"Lady Godiva",162.922592468712,"medium"
"183","2272-P",50,359.98563408386,"LAKRX","Nottingham","California","UK","Regional Pumpkin Festival","1523 D","1060 U",246,348,-4,"Porcelain Doll",163.258790967737,"medium"
"184","2089-P",33,340.973672809079,"BMJZH","Paris","New York","USA","Regional Pumpkin Festival","1786 B","1589 M",253,358,2,"White Pumpkin",154.636586307972,"medium"
"185","2308-P",49,351.681735999137,"GHNNB","Nottingham","California","UK","Regional Pumpkin Festival","1290 C","1793 V",235,305,20,"Lady Godiva",159.492850793259,"medium"
"186","2482-P",47,355.285062606446,"VBCHO","Los Angeles","California","USA","Regional Pumpkin Festival","1932 S","1915 I",253,339,0,"Hooligan",161.12701251993,"medium"
"187","2025-P",6,352.612064251676,"ATQYU","Houston","California","UK","National Pumpkin Festival","1054 X","1915 B",3,2,5,"Lady Godiva",159.914768368107,"medium"
"188","2355-P",23,325.998692182824,"FGAHK","Houston","Florida","USA","Local Pumpkin Festival","1282 V","1445 Q",241,339,-4,"Lady Godiva",147.845211874297,"medium"
"189","2076-P",44,339.097242482938,"BXIAR","Nottingham","Texas","UK","Regional Pumpkin Festival","1431 I","1950 S",246,345,-7,"Porcelain Doll",153.785597497931,"medium"
"190","2419-P",19,332.977253407799,"EUHLY","Chicago","Florida","France","National Pumpkin Festival","1375 O","1061 M",246,324,1,"White Pumpkin",151.010092248435,"medium"
"191","2464-P",95,334.393142527528,"EWGVD","Los Angeles","Florida","UK","Regional Pumpkin Festival","1524 K","1073 U",259,365,-8,"Hooligan",151.652218833346,"medium"
"192","2425-P",2,331.672989360057,"LAJEV","Houston","Florida","USA","National Pumpkin Festival","1723 U","1944 T",239,331,5,"Lady Godiva",150.418589278937,"medium"
"193","2368-P",88,326.108504364267,"MLSFT","Houston","California","France","Local Pumpkin Festival","1045 T","1125 H",-4,-4,-4,"White Pumpkin",147.895013317128,"medium"
"194","2380-P",43,288.795268202201,"KDRTB","Paris","New York","France","National Pumpkin Festival","1975 M","1678 P",241,307,-3,"Hooligan",130.972910749297,"medium"
"195","2434-P",21,290.241353590041,"FAZUB","New York","New York","USA","National Pumpkin Festival","1600 E","1186 T",234,272,5,"Porcelain Doll",131.628731786867,"medium"
"196","2957-P",96,299.159066245519,"SNWJS","Houston","New York","UK","Regional Pumpkin Festival","1811 L","1575 Q",238,297,-3,"Hooligan",135.673045916335,"medium"
"197","2880-P",64,281.600014111958,"WWHAO","Paris","New York","USA","Regional Pumpkin Festival","1184 M","1909 H",-2,4,5,"Porcelain Doll",127.709756966875,"medium"
"198","2953-P",52,290.448673141189,"HGHDB","Houston","Florida","France","Regional Pumpkin Festival","1633 U","1154 S",238,290,0,"White Pumpkin",131.722754259043,"medium"
"199","2032-P",78,287.601798011921,"HQTOU","New York","New York","UK","Local Pumpkin Festival","1713 M","1782 T",2,4,-3,"White Pumpkin",130.431654427175,"medium"
"200","2123-P",21,272.16514085494,"WZMCV","Paris","Texas","France","National Pumpkin Festival","1510 Y","1938 P",236,306,-5,"Hooligan",123.430902882059,"medium"
"201","2518-P",25,270.97137263976,"UWKZB","Nottingham","New York","USA","Regional Pumpkin Festival","1465 R","1577 L",223,258,7,"Porcelain Doll",122.889511401252,"medium"
"202","2424-P",71,267.696600338444,"YPWMK","New York","New York","USA","National Pumpkin Festival","1421 F","1042 K",223,263,-5,"Hooligan",121.404353894986,"medium"
"203","2338-P",2,267.173143203743,"SZQUN","Houston","California","France","National Pumpkin Festival","1799 F","1083 Q",233,289,-5,"Porcelain Doll",121.166958369044,"medium"
"204","2666-P",35,256.073230227828,"HSHTA","Paris","New York","USA","Regional Pumpkin Festival","1824 G","1547 B",233,267,-6,"White Pumpkin",116.132984230307,"medium"
"205","2115-P",19,258.535338878632,"KLBXM","Paris","California","France","National Pumpkin Festival","1738 X","1245 T",5,-1,-5,"Hooligan",117.24958679303,"medium"
"206","2407-P",77,246.738349980675,"GYGSX","Paris","New York","UK","National Pumpkin Festival","1641 B","1916 I",230,264,-7,"White Pumpkin",111.899478449286,"medium"
"207","2276-P",53,248.152797401883,"DKQKN","Los Angeles","California","USA","Local Pumpkin Festival","1789 D","1629 A",-2,1,-2,"Lady Godiva",112.540951202668,"medium"
"208","2850-P",3,237.323013932817,"OLWXK","Los Angeles","New York","UK","Regional Pumpkin Festival","1948 O","1777 G",-3,4,4,"Lady Godiva",107.629484776788,"medium"
"209","2632-P",27,225.952160480432,"KFBCK","Chicago","Florida","USA","Local Pumpkin Festival","1697 G","1159 T",232,263,-11,"White Pumpkin",102.472635138518,"medium"
"210","2978-P",16,225.693600231782,"LRVHA","Houston","New York","UK","Regional Pumpkin Festival","1613 W","1328 I",206,206,15,"Hooligan",102.355374254776,"medium"
"211","2241-P",67,218.677474651486,"JXFKE","Paris","Florida","UK","National Pumpkin Festival","1711 I","1012 B",4,1,-2,"Porcelain Doll",99.1734578918302,"light"
"212","2377-P",43,216.166743452661,"NWNJK","Nottingham","Texas","UK","Local Pumpkin Festival","1718 N","1928 P",206,205,1,"White Pumpkin",98.034804286921,"light"
"213","2985-P",11,193.340179937892,"KOULY","New York","California","UK","Local Pumpkin Festival","1177 V","1306 Z",209,192,-8,"White Pumpkin",87.6826212870257,"light"
"214","2376-P",64,188.396083453484,"ZZXDK","New York","California","France","Local Pumpkin Festival","1785 I","1233 Q",208,211,-9,"Hooligan",85.4404006591763,"light"
"215","2387-P",71,180.516005122103,"ONFRY","Nottingham","New York","UK","Regional Pumpkin Festival","1602 P","1527 F",217,225,-20,"Porcelain Doll",81.8666689896158,"light"
"216","2110-P",8,171.091057576239,"LGGAQ","Chicago","New York","UK","National Pumpkin Festival","1502 F","1766 K",198,181,-4,"Lady Godiva",77.5923163611062,"light"
"217","2851-P",35,179.738954192027,"SVGCQ","Nottingham","Texas","USA","Local Pumpkin Festival","1230 N","1126 W",201,184,-11,"Porcelain Doll",81.514264939695,"light"
"218","2707-P",18,167.503603162244,"QPJDQ","Chicago","Texas","UK","National Pumpkin Festival","1352 I","1566 B",195,172,2,"White Pumpkin",75.9653529080472,"light"
"219","2923-P",16,170.061581028625,"PQBMM","Chicago","New York","UK","Local Pumpkin Festival","1874 E","1422 N",-2,5,-4,"White Pumpkin",77.1254335730727,"light"
"220","2946-P",8,157.783337866887,"SRQDE","New York","Texas","France","Regional Pumpkin Festival","1839 N","1267 G",-1,-5,2,"Porcelain Doll",71.5570693273866,"light"
"221","2359-P",13,153.921299473755,"DTGRQ","Los Angeles","Texas","UK","Local Pumpkin Festival","1953 M","1942 O",200,195,-21,"Hooligan",69.8055779926327,"light"
"222","2639-P",85,169.277045182884,"BKJWJ","Paris","Florida","USA","Local Pumpkin Festival","1887 U","1583 T",198,177,-11,"Lady Godiva",76.7696350035754,"light"
"223","2456-P",13,159.596746483445,"ONEYW","Nottingham","New York","France","Local Pumpkin Festival","1735 O","1082 D",185,155,5,"Lady Godiva",72.3794768632404,"light"
"224","2317-P",94,150.210942572542,"SRATO","Los Angeles","Texas","France","Regional Pumpkin Festival","1036 R","1756 L",186,158,-2,"Hooligan",68.1228764501322,"light"
"225","2335-P",95,150.987087728828,"BSXNN","Los Angeles","Florida","UK","National Pumpkin Festival","1317 E","1144 P",184,141,5,"White Pumpkin",68.4748697182894,"light"
"226","2080-P",10,136.535592357628,"WPGWG","Los Angeles","Florida","USA","National Pumpkin Festival","1309 O","1661 X",181,151,0,"White Pumpkin",61.9209035635501,"light"
"227","2068-P",62,146.534029688127,"XNRSU","Paris","New York","USA","National Pumpkin Festival","1934 Z","1785 W",-3,-4,-4,"Lady Godiva",66.4553422621893,"light"
"228","2949-P",93,141.655641498975,"MLCBR","Paris","California","France","Local Pumpkin Festival","1019 L","1973 I",2,-2,4,"Hooligan",64.2429213147281,"light"
"229","2606-P",1,143.686005439609,"AIXKA","Nottingham","New York","France","Local Pumpkin Festival","1709 H","1148 G",-2,-3,5,"Porcelain Doll",65.1637212878047,"light"
"230","2514-P",15,135.962364633009,"DAQRS","Los Angeles","California","France","Local Pumpkin Festival","1049 W","1044 J",-1,5,1,"Lady Godiva",61.6609363415006,"light"
"231","2766-P",64,129.232195128687,"FEQSG","New York","California","USA","Regional Pumpkin Festival","1723 Z","1637 G",181,146,-10,"Porcelain Doll",58.6087052737808,"light"
"232","2984-P",45,120.154167710803,"YOQCM","New York","New York","USA","Regional Pumpkin Festival","1384 S","1906 S",176,125,-2,"Hooligan",54.4916860366456,"light"
"233","2283-P",40,101.476315530948,"ALZJH","New York","California","France","Local Pumpkin Festival","1582 G","1491 L",-4,3,4,"Porcelain Doll",46.0210047759403,"light"
"234","2837-P",66,109.877063668333,"EGXUG","Los Angeles","California","UK","Regional Pumpkin Festival","1488 P","1194 J",168,115,-13,"Lady Godiva",49.830867876795,"light"
"235","2366-P",46,92.5567783629522,"GIVBS","New York","Texas","UK","Local Pumpkin Festival","1403 X","1364 A",-3,-5,2,"Lady Godiva",41.9758632031529,"light"
"236","2140-P",20,88.070386262238,"KZGKP","New York","New York","USA","Regional Pumpkin Festival","1625 E","1809 Q",2,-4,-2,"Lady Godiva",39.9412182595184,"light"
"237","2332-P",19,79.0600553164259,"ECMFI","Nottingham","New York","UK","Local Pumpkin Festival","1691 X","1084 A",-4,4,-1,"White Pumpkin",35.8549003702612,"light"
"238","2986-P",12,80.7376797078177,"DRJLF","Los Angeles","New York","USA","National Pumpkin Festival","1263 A","1467 Q",-1,3,2,"Lady Godiva",36.6157277586475,"light"
"239","2355-P",79,80.4319687725976,"LCRCR","Paris","Florida","UK","Local Pumpkin Festival","1251 I","1858 B",157,105,-20,"Lady Godiva",36.4770833435817,"light"
"240","2963-P",99,91.4900323895738,"FYPOO","New York","New York","France","Regional Pumpkin Festival","1965 Q","1610 H",159,100,-23,"White Pumpkin",41.4920781812126,"light"
"241","2992-P",96,84.7308644039556,"ABZAZ","Chicago","California","UK","Local Pumpkin Festival","1506 F","1309 T",1,-5,1,"Hooligan",38.4266958748098,"light"
"242","2254-P",28,87.7020450336859,"DNOFR","Los Angeles","California","France","Regional Pumpkin Festival","1373 H","1313 F",162,105,-22,"White Pumpkin",39.7741700833042,"light"
"243","2426-P",20,89.1615712381899,"MYIFQ","New York","Florida","UK","Local Pumpkin Festival","1189 U","1104 M",3,-2,-5,"Porcelain Doll",40.4360867293378,"light"
"244","2126-P",49,53.3790855705738,"SMZWN","Los Angeles","Texas","UK","Local Pumpkin Festival","1230 T","1998 H",-5,-1,0,"Lady Godiva",24.2082020728226,"light"
"245","2926-P",49,32.845071268864,"BKMSJ","Chicago","Texas","France","Local Pumpkin Festival","1810 Q","1681 F",-2,0,1,"Lady Godiva",14.8957239314576,"light"
"246","2473-P",22,37.9118514833972,"TGWUR","Houston","Texas","USA","National Pumpkin Festival","1252 P","1712 R",5,1,2,"Porcelain Doll",17.1935834391824,"light"
"247","2562-P",66,21.2213352480903,"RRDPR","Paris","Florida","UK","Regional Pumpkin Festival","1478 Y","1280 M",5,5,0,"Lady Godiva",9.6241883211294,"light"
"248","2920-P",46,18.1336058115587,"IHUHV","Los Angeles","New York","UK","Local Pumpkin Festival","1884 Y","1526 P",-1,-3,3,"Porcelain Doll",8.22385751091096,"light"
"249","2734-P",55,18.3893002915382,"NYBWY","Paris","New York","France","Local Pumpkin Festival","1933 R","1155 N",1,-2,4,"Porcelain Doll",8.3398187263212,"light"
"250","2006-P",89,21.1755832303315,"LQITD","New York","Florida","USA","National Pumpkin Festival","1590 V","1550 Z",-1,-1,3,"Porcelain Doll",9.60343910672632,"light"
"251","2958-P",54,1392.22861798853,"EWTIM","New York","California","UK","Regional Pumpkin Festival","1461 W","1037 R",408,1411,3,"Porcelain Doll",631.396198634253,"heavy"
"252","2540-P",80,948.617543773726,"JGDKR","Paris","Florida","USA","National Pumpkin Festival","1054 H","1750 M",339,887,3,"Hooligan",430.212037992619,"medium"
"253","2497-P",16,831.18424975127,"ZWFRQ","Houston","New York","UK","Local Pumpkin Festival","1171 F","1110 G",4,3,-2,"Hooligan",376.95430827722,"medium"
"254","2208-P",88,577.182515177876,"ZAFXJ","Houston","California","USA","Local Pumpkin Festival","1403 N","1608 A",312,683,-17,"Porcelain Doll",261.760777858447,"medium"
"255","2405-P",73,429.814000392333,"QIRFU","New York","Texas","France","National Pumpkin Festival","1453 C","1575 O",251,363,17,"Hooligan",194.926984304913,"medium"
"256","2556-P",8,279.439368455298,"AIZUL","Paris","California","France","Regional Pumpkin Festival","1763 I","1055 N",236,302,-13,"Porcelain Doll",126.729872315328,"medium"
"257","2099-P",52,262.984275324643,"OTKHU","Nottingham","California","USA","National Pumpkin Festival","1618 B","1668 C",215,237,18,"Porcelain Doll",119.267245045189,"medium"
"258","2655-P",16,2035.43632794078,"GTQMN","Nottingham","Florida","France","Local Pumpkin Festival","1542 D","1230 S",469,1937,9,"Porcelain Doll",923.100375483349,"heavy"
"259","2892-P",35,1961.16456764285,"NTNDI","Paris","Texas","France","Regional Pumpkin Festival","1897 H","1073 K",453,1785,14,"Lady Godiva",889.417037479748,"heavy"
"260","2943-P",45,1872.55692107417,"WVBDT","New York","New York","UK","Local Pumpkin Festival","1670 M","1768 W",460,1846,4,"Porcelain Doll",849.232163752457,"heavy"
"261","2407-P",91,1834.47807017341,"XFJMA","Paris","New York","France","Regional Pumpkin Festival","1053 X","1836 O",437,1702,7,"White Pumpkin",831.96284361606,"heavy"
"262","2143-P",43,1808.27199949231,"ULLTX","Paris","Texas","USA","Local Pumpkin Festival","1017 J","1231 F",436,1672,6,"Lady Godiva",820.078004304902,"heavy"
"263","2945-P",94,1762.80449990556,"CMXTJ","Paris","Florida","USA","Local Pumpkin Festival","1002 T","1041 M",416,1470,21,"Lady Godiva",799.45782308642,"heavy"
"264","2800-P",67,1726.94943210389,"SBQJQ","Nottingham","New York","USA","Regional Pumpkin Festival","1835 R","1784 A",404,1393,28,"Lady Godiva",783.19702136231,"heavy"
"265","2534-P",78,1699.98070847895,"HEDNT","Nottingham","Florida","USA","Local Pumpkin Festival","1390 U","1401 G",415,1500,8,"Hooligan",770.966307700204,"heavy"
"266","2137-P",63,1685.52412448451,"UMVVO","Paris","New York","USA","Local Pumpkin Festival","1115 X","1086 C",434,1684,2,"Hooligan",764.410033779823,"heavy"
"267","2749-P",53,1682.34779161401,"PVXCM","New York","California","UK","National Pumpkin Festival","1021 V","1065 U",433,1615,6,"Porcelain Doll",762.969520006354,"heavy"
"268","2301-P",88,1626.56405329239,"PPUKX","Houston","New York","France","Regional Pumpkin Festival","1740 A","1740 D",420,1499,8,"Lady Godiva",737.670772468202,"heavy"
"269","2900-P",34,1633.32266197167,"BKYCI","Paris","Texas","France","Regional Pumpkin Festival","1887 B","1120 L",436,1654,-4,"Lady Godiva",740.73590112094,"heavy"
"270","2047-P",74,1609.63420260511,"OYYEX","Houston","New York","France","Local Pumpkin Festival","1872 S","1060 J",431,1589,0,"White Pumpkin",729.992835648578,"heavy"
"271","2331-P",43,1607.60259411111,"JXZMP","Chicago","Florida","UK","Regional Pumpkin Festival","1985 S","1190 M",401,1346,18,"Lady Godiva",729.071471252206,"heavy"
"272","2118-P",53,1598.75241311546,"JHTPI","Chicago","Florida","UK","Local Pumpkin Festival","1950 W","1332 G",412,1466,14,"Lady Godiva",725.057783725834,"heavy"
"273","2284-P",9,1577.36227544677,"GWOTX","Los Angeles","California","France","Regional Pumpkin Festival","1344 J","1113 M",412,1486,5,"White Pumpkin",715.357041018941,"heavy"
"274","2280-P",49,1585.22677862179,"DXVDB","Chicago","Florida","USA","National Pumpkin Festival","1407 T","2000 F",413,1450,10,"Hooligan",718.923709125526,"heavy"
"275","2011-P",47,1569.33720015828,"AFRRX","Houston","Florida","France","National Pumpkin Festival","1818 U","1210 G",437,1671,-7,"Lady Godiva",711.717551092189,"heavy"
"276","2232-P",55,1548.438266824,"CTEDK","Paris","New York","USA","Regional Pumpkin Festival","1129 D","1119 W",428,1586,-4,"Lady Godiva",702.23957679093,"heavy"
"277","2244-P",12,1539.24764793087,"XKFAN","Houston","Florida","UK","Local Pumpkin Festival","1850 U","1502 Z",415,1516,2,"Porcelain Doll",698.071495660258,"heavy"
"278","2967-P",24,1530.3674105769,"TRUPX","Houston","California","USA","Regional Pumpkin Festival","1217 B","1275 M",401,1381,8,"White Pumpkin",694.044177132382,"heavy"
"279","2713-P",41,1513.0711871963,"GEXTV","Chicago","New York","USA","National Pumpkin Festival","1256 Y","1951 D",402,1390,8,"White Pumpkin",686.200084896281,"heavy"
"280","2949-P",90,1497.73894979153,"CKGOM","Nottingham","California","France","Regional Pumpkin Festival","1432 L","1394 S",418,1465,3,"Hooligan",679.246689247859,"heavy"
"281","2941-P",78,1501.7963248821,"SSZHD","New York","Florida","France","National Pumpkin Festival","1443 S","1242 U",411,1411,10,"Porcelain Doll",681.086768654012,"heavy"
"282","2565-P",33,1498.05965910479,"DVJMJ","New York","New York","USA","National Pumpkin Festival","1873 C","1486 S",414,1502,4,"Hooligan",679.392135648433,"heavy"
"283","2404-P",97,1484.70990903582,"POPNK","Chicago","New York","France","National Pumpkin Festival","1952 K","1825 K",427,1562,-2,"Hooligan",673.337827227131,"heavy"
"284","2197-P",40,1470.49723267928,"DPFXM","New York","Florida","France","Regional Pumpkin Festival","1848 U","1064 T",409,1447,5,"Lady Godiva",666.892169015545,"heavy"
"285","2981-P",74,1446.378210086,"WSTKD","Houston","California","UK","National Pumpkin Festival","1097 D","1589 R",422,1582,-11,"White Pumpkin",655.953836773698,"heavy"
"286","2830-P",87,1441.724402925,"XEXRX","New York","California","USA","Regional Pumpkin Festival","1200 U","1534 R",397,1337,10,"Hooligan",653.843266632653,"heavy"
"287","2785-P",4,1436.16696661822,"ZZJOZ","New York","Texas","France","Regional Pumpkin Festival","1200 R","1161 U",414,1514,-7,"White Pumpkin",651.322887355204,"heavy"
"288","2990-P",25,1415.25955463946,"JQVOL","Houston","California","France","Regional Pumpkin Festival","1622 A","1105 Y",394,1285,8,"Lady Godiva",641.8410678637,"heavy"
"289","2930-P",71,1398.14592745248,"ZVBQC","New York","California","France","Regional Pumpkin Festival","1305 I","1413 K",403,1368,2,"Hooligan",634.079785692736,"heavy"
"290","2482-P",92,1385.05667700991,"ZXLAY","Nottingham","Texas","USA","National Pumpkin Festival","1104 V","1145 V",375,1125,19,"White Pumpkin",628.143617691569,"heavy"
"291","2771-P",62,1375.48334093858,"ORWPL","Los Angeles","California","UK","Local Pumpkin Festival","1316 E","1179 T",409,1448,-9,"Lady Godiva",623.801968679626,"heavy"
"292","2641-P",26,1366.34905782528,"TBKCH","Los Angeles","Texas","France","Local Pumpkin Festival","1149 S","1155 J",401,1329,5,"Lady Godiva",619.659436655457,"heavy"
"293","2268-P",82,1352.12605964113,"PTKLM","Paris","California","France","Local Pumpkin Festival","1075 C","1183 F",393,1279,5,"White Pumpkin",613.209097342916,"heavy"
"294","2558-P",78,1346.41692036111,"RYAJU","Los Angeles","Florida","USA","National Pumpkin Festival","1126 X","1588 D",380,1161,17,"Porcelain Doll",610.619918531115,"heavy"
"295","2023-P",26,1347.83594302926,"VJYID","New York","New York","France","Regional Pumpkin Festival","1583 F","1763 K",385,1221,16,"Hooligan",611.263466226423,"heavy"
"296","2537-P",84,1338.15798663534,"AWRDK","Houston","Texas","France","Local Pumpkin Festival","1345 L","1655 Y",391,1250,5,"Porcelain Doll",606.874370356164,"heavy"
"297","2464-P",26,1340.63904239051,"WELCM","New York","Florida","UK","Regional Pumpkin Festival","1940 B","1039 H",401,1392,-4,"Porcelain Doll",607.999565709982,"heavy"
"298","2857-P",34,1324.03638414014,"FMWHK","Houston","California","France","National Pumpkin Festival","1895 R","1591 L",385,1263,7,"Lady Godiva",600.470015483057,"heavy"
"299","2782-P",45,1312.5220372919,"RCSIJ","New York","California","USA","National Pumpkin Festival","1588 Q","1472 A",398,1359,-4,"Lady Godiva",595.248089474784,"heavy"
"300","2414-P",62,1268.03033959214,"AHYYQ","Los Angeles","California","France","Local Pumpkin Festival","1986 A","1073 F",396,1336,-6,"White Pumpkin",575.07044879462,"heavy"
"301","2591-P",88,1264.97433955073,"YRNII","New York","New York","USA","National Pumpkin Festival","1113 R","1223 Y",383,1210,0,"Lady Godiva",573.684507732759,"heavy"
"302","2739-P",29,1246.28964715265,"PYWAR","Houston","Texas","France","Local Pumpkin Festival","1256 C","1545 P",5,2,-1,"White Pumpkin",565.210724332266,"heavy"
"303","2792-P",13,1251.90265920945,"HUQOV","Nottingham","California","France","National Pumpkin Festival","1238 O","1110 G",398,1379,-10,"White Pumpkin",567.756308031494,"heavy"
"304","2830-P",7,1209.05632470921,"SFHHU","New York","Florida","UK","Regional Pumpkin Festival","1126 B","1805 P",5,0,5,"Porcelain Doll",548.324863813699,"heavy"
"305","2954-P",58,1200.93788332958,"FMEFM","Paris","Florida","USA","National Pumpkin Festival","1615 L","1513 L",392,1280,-5,"Hooligan",544.643030988471,"heavy"
"306","2686-P",21,1198.64813363738,"JULBZ","Los Angeles","Florida","USA","National Pumpkin Festival","1922 L","1129 Q",372,1098,4,"Porcelain Doll",543.604595753915,"heavy"
"307","2127-P",88,1191.54826757591,"DTYZX","Chicago","Texas","USA","Regional Pumpkin Festival","1301 G","1115 A",382,1206,4,"Hooligan",540.384701848486,"heavy"
"308","2466-P",59,1190.82589462586,"WUJRS","Nottingham","New York","France","Regional Pumpkin Festival","1204 W","1768 A",380,1211,3,"Hooligan",540.057095068416,"heavy"
"309","2444-P",76,1177.18501423392,"DPCSD","New York","California","UK","Local Pumpkin Festival","1170 G","1807 F",375,1117,8,"Porcelain Doll",533.870754754614,"heavy"
"310","2958-P",82,1176.90734073538,"XBBFA","Chicago","New York","France","National Pumpkin Festival","1447 V","1772 W",395,1352,-12,"Lady Godiva",533.744825730333,"heavy"
"311","2062-P",59,1157.01012511458,"BDSRX","Paris","Texas","France","National Pumpkin Festival","1642 M","1524 Y",397,1290,-7,"White Pumpkin",524.721145176681,"heavy"
"312","2126-P",58,1170.95943843201,"RBLZK","Houston","California","UK","Local Pumpkin Festival","1969 T","1876 N",365,1089,12,"White Pumpkin",531.047364368258,"heavy"
"313","2124-P",63,1149.37301050071,"AVFJX","Houston","Florida","UK","Regional Pumpkin Festival","1414 W","1181 B",392,1258,-12,"White Pumpkin",521.257601134107,"heavy"
"314","2660-P",82,1150.88871043716,"SNEAU","Los Angeles","Florida","USA","Regional Pumpkin Festival","1356 P","1658 O",378,1171,-2,"Porcelain Doll",521.944993395536,"heavy"
"315","2851-P",75,1125.26620456297,"HGOON","Houston","California","USA","Regional Pumpkin Festival","1171 Y","1717 W",373,1165,2,"Porcelain Doll",510.32480932561,"heavy"
"316","2471-P",92,1119.96249382757,"UIASM","New York","New York","France","Regional Pumpkin Festival","1779 N","1422 Q",355,979,13,"White Pumpkin",507.919498334497,"heavy"
"317","2056-P",92,1101.88441001754,"PJPLX","Nottingham","Texas","France","National Pumpkin Festival","1450 X","1746 B",373,1167,-6,"Hooligan",499.720820869634,"medium"
"318","2445-P",23,1094.07355166879,"BQBMC","Paris","Texas","France","Regional Pumpkin Festival","1480 B","1451 R",-5,4,0,"Porcelain Doll",496.178481482442,"medium"
"319","2528-P",96,1078.51646551304,"KTLBH","New York","New York","USA","Regional Pumpkin Festival","1281 S","1303 Q",385,1216,-13,"Hooligan",489.123113611354,"medium"
"320","2740-P",20,1082.58946317993,"YGRRX","Nottingham","New York","UK","Local Pumpkin Festival","1965 J","1084 H",369,1106,-6,"White Pumpkin",490.970278086136,"medium"
"321","2725-P",13,1075.39170029666,"FGHGS","Nottingham","New York","USA","Regional Pumpkin Festival","1578 M","1928 K",359,1033,8,"White Pumpkin",487.705986529099,"medium"
"322","2094-P",44,1070.82178154681,"YOOGD","New York","Florida","USA","Local Pumpkin Festival","1738 T","1129 U",366,1087,1,"Porcelain Doll",485.633461018961,"medium"
"323","2491-P",10,1064.09025806021,"FUACW","New York","Florida","France","Regional Pumpkin Festival","1800 W","1947 J",357,1016,7,"Lady Godiva",482.580615900322,"medium"
"324","2359-P",52,1060.03942667693,"WUUWM","Houston","New York","UK","Local Pumpkin Festival","1139 S","1502 I",343,914,13,"Lady Godiva",480.743504161873,"medium"
"325","2387-P",50,1050.606938635,"YCDDS","Paris","Texas","France","National Pumpkin Festival","1527 M","1231 Q",375,1125,-8,"Hooligan",476.465731807256,"medium"
"326","2647-P",27,1048.32916875184,"EYLFT","Nottingham","Texas","UK","National Pumpkin Festival","1567 S","1436 S",357,961,9,"White Pumpkin",475.432729592669,"medium"
"327","2897-P",6,1046.78802883346,"TUNWJ","Nottingham","New York","France","Local Pumpkin Festival","1830 N","1505 R",375,1159,-4,"Lady Godiva",474.73379992447,"medium"
"328","2814-P",24,1059.45167800039,"ENQKL","New York","California","USA","Local Pumpkin Festival","1658 C","1711 G",357,995,4,"White Pumpkin",480.4769514741,"medium"
"329","2004-P",69,1042.59455248993,"WHYOT","Los Angeles","New York","UK","National Pumpkin Festival","1688 H","1349 X",384,1191,-6,"White Pumpkin",472.831996594072,"medium"
"330","2164-P",54,1038.91076646093,"JVBWR","Los Angeles","New York","France","Regional Pumpkin Festival","1154 Y","1676 S",349,966,3,"Hooligan",471.161345333756,"medium"
"331","2324-P",54,1029.10620016884,"BEJBW","Los Angeles","California","France","Regional Pumpkin Festival","1735 H","1078 K",378,1157,-12,"White Pumpkin",466.714830008544,"medium"
"332","2202-P",22,1034.86281495914,"NPGBG","New York","New York","USA","Regional Pumpkin Festival","1304 C","1756 F",359,979,8,"Porcelain Doll",469.325539664008,"medium"
"333","2500-P",62,1008.24761954509,"XCVXJ","Houston","Florida","UK","Local Pumpkin Festival","1003 G","1522 E",348,957,6,"Lady Godiva",457.255156256275,"medium"
"334","2900-P",54,997.51479679253,"GRHYH","Houston","California","USA","Local Pumpkin Festival","1612 N","1195 E",359,974,-3,"Hooligan",452.387662944458,"medium"
"335","2246-P",87,981.103891275823,"XUKKJ","New York","New York","UK","National Pumpkin Festival","1538 Y","1341 O",366,1084,-5,"Porcelain Doll",444.945075408537,"medium"
"336","2341-P",58,981.178594992124,"PQWWB","New York","California","UK","Regional Pumpkin Festival","1809 E","1629 H",356,960,0,"Hooligan",444.978954644954,"medium"
"337","2856-P",59,985.97147420235,"BBOPX","Houston","Florida","France","Local Pumpkin Festival","1324 R","1066 G",364,1033,-8,"Porcelain Doll",447.152596010136,"medium"
"338","2224-P",23,981.697230476886,"HIJFQ","Nottingham","Texas","UK","Regional Pumpkin Festival","1558 S","1641 X",-1,-4,-5,"Hooligan",445.214163481581,"medium"
"339","2059-P",51,982.487314270809,"NFWEE","New York","Texas","UK","Local Pumpkin Festival","1349 J","1414 M",350,984,4,"Hooligan",445.572478127351,"medium"
"340","2244-P",26,970.743822987191,"RHVKM","Houston","Florida","USA","Local Pumpkin Festival","1870 O","1207 M",349,929,4,"Porcelain Doll",440.246631740223,"medium"
"341","2440-P",71,963.009340882115,"SCJST","Los Angeles","Texas","USA","National Pumpkin Festival","1426 V","1451 A",354,976,-6,"White Pumpkin",436.738930105268,"medium"
"342","2472-P",44,966.535366483219,"NPXGG","Los Angeles","Texas","USA","National Pumpkin Festival","1709 I","1452 C",346,926,4,"White Pumpkin",438.338034686267,"medium"
"343","2225-P",4,951.983204185031,"EICMS","Paris","Florida","France","Regional Pumpkin Festival","1863 G","1683 X",343,863,12,"Hooligan",431.738414596386,"medium"
"344","2511-P",71,945.797476754524,"EQXCV","Nottingham","Florida","UK","National Pumpkin Festival","1786 L","1441 F",350,953,5,"White Pumpkin",428.933096033798,"medium"
"345","2127-P",100,947.46986226365,"XJDIK","Los Angeles","California","USA","Local Pumpkin Festival","1047 C","1578 D",-3,-3,4,"White Pumpkin",429.691547511859,"medium"
"346","2935-P",24,930.616083878092,"XYAMF","Chicago","Texas","France","Local Pumpkin Festival","1575 W","1085 V",340,908,1,"Hooligan",422.04811060231,"medium"
"347","2306-P",74,922.466790684499,"UDRJP","Chicago","Texas","UK","Local Pumpkin Festival","1407 U","1681 E",353,947,-6,"Porcelain Doll",418.352286024716,"medium"
"348","2227-P",66,915.799953407049,"HKIMY","Los Angeles","Texas","France","National Pumpkin Festival","1597 K","1181 O",343,914,2,"White Pumpkin",415.328777055351,"medium"
"349","2684-P",60,913.308884392492,"LNCTG","Chicago","Florida","USA","Regional Pumpkin Festival","1196 O","1546 E",344,897,6,"White Pumpkin",414.199040540813,"medium"
"350","2937-P",64,915.782486087643,"ZXIOT","Los Angeles","New York","France","National Pumpkin Festival","1020 Z","1104 U",344,921,-6,"White Pumpkin",415.320855368545,"medium"
"351","2321-P",64,900.257069509476,"XXXGM","Chicago","New York","France","Regional Pumpkin Festival","1932 S","1228 P",345,908,-5,"Lady Godiva",408.279850117676,"medium"
"352","2546-P",2,914.875529534183,"SVAWJ","Houston","Florida","USA","Regional Pumpkin Festival","1097 A","1560 N",350,921,-4,"White Pumpkin",414.909537203711,"medium"
"353","2510-P",9,898.806726775132,"BTRWT","New York","California","France","National Pumpkin Festival","1600 Q","1727 G",335,845,6,"Lady Godiva",407.622098310717,"medium"
"354","2900-P",58,887.277283309586,"CVSJB","Houston","New York","France","Regional Pumpkin Festival","1884 S","1238 Y",344,861,5,"Hooligan",402.393325763985,"medium"
"355","2201-P",6,886.133053760044,"ASMDY","New York","Florida","UK","Regional Pumpkin Festival","1334 X","1509 O",341,860,1,"Lady Godiva",401.874400798206,"medium"
"356","2362-P",55,872.134872883558,"RLDLI","Chicago","New York","USA","Local Pumpkin Festival","1695 M","1294 Q",338,842,1,"Lady Godiva",395.526019448326,"medium"
"357","2823-P",88,865.742031686939,"FDVXY","Paris","New York","USA","National Pumpkin Festival","1482 F","1954 C",339,822,7,"Porcelain Doll",392.626771740108,"medium"
"358","2385-P",58,849.799469918013,"XQQXP","Chicago","California","USA","National Pumpkin Festival","1583 H","1156 T",331,809,9,"Lady Godiva",385.396584996831,"medium"
"359","2308-P",61,854.217823687941,"MBNBZ","Chicago","New York","UK","Local Pumpkin Festival","1769 Z","1634 Z",338,885,-2,"Hooligan",387.400373554622,"medium"
"360","2985-P",14,826.917250182293,"JPWWK","Houston","Florida","France","Regional Pumpkin Festival","1982 S","1299 X",320,763,14,"White Pumpkin",375.019161080405,"medium"
"361","2573-P",82,820.692126174457,"ZIANL","Chicago","New York","France","Regional Pumpkin Festival","1762 T","1930 Y",351,938,-12,"Lady Godiva",372.195975589323,"medium"
"362","2171-P",55,825.623757225461,"ASFSZ","Los Angeles","New York","UK","Regional Pumpkin Festival","1676 R","1043 U",332,818,4,"White Pumpkin",374.432542959393,"medium"
"363","2036-P",48,814.405906097032,"EBOMZ","Paris","New York","France","National Pumpkin Festival","1588 J","1570 T",327,751,11,"Lady Godiva",369.345082130173,"medium"
"364","2055-P",74,813.945177401975,"MEGOA","Chicago","Florida","France","Regional Pumpkin Festival","1122 I","1561 O",346,920,-10,"White Pumpkin",369.136134876179,"medium"
"365","2088-P",70,811.909958657809,"LQEZI","Paris","California","UK","National Pumpkin Festival","1627 H","1243 L",333,803,7,"White Pumpkin",368.213133178144,"medium"
"366","2744-P",89,819.67335932143,"SCTAB","Los Angeles","California","France","Regional Pumpkin Festival","1584 T","1630 F",325,795,-1,"Hooligan",371.733949805637,"medium"
"367","2669-P",60,812.586147121154,"BIQWV","New York","California","USA","Local Pumpkin Festival","1425 J","1348 Z",518,2331,-65,"Hooligan",368.519794612768,"medium"
"368","2652-P",20,791.810504903086,"JSFEJ","Houston","Florida","USA","National Pumpkin Festival","1473 O","1647 C",330,782,1,"Porcelain Doll",359.097734649925,"medium"
"369","2310-P",3,792.535420770571,"JYWSX","Houston","Texas","France","Regional Pumpkin Festival","1234 P","1259 W",330,791,-4,"Porcelain Doll",359.426494680531,"medium"
"370","2370-P",42,789.5937326001,"QMDFE","Nottingham","Texas","USA","National Pumpkin Festival","1089 C","1514 X",2,-3,-4,"White Pumpkin",358.092395737007,"medium"
"371","2922-P",49,778.616324586794,"DCYGQ","Chicago","California","France","National Pumpkin Festival","1231 U","1458 P",318,743,5,"Lady Godiva",353.113979404442,"medium"
"372","2716-P",87,760.519786891527,"OPKQM","Houston","Texas","USA","National Pumpkin Festival","1515 C","1491 A",323,749,-1,"Lady Godiva",344.906932830625,"medium"
"373","2516-P",58,761.32884371765,"DPIBR","Nottingham","New York","France","Regional Pumpkin Festival","1967 Z","1884 Y",313,677,11,"White Pumpkin",345.273852026145,"medium"
"374","2940-P",15,763.777915160172,"QWJTC","Los Angeles","Florida","UK","National Pumpkin Festival","1137 E","1195 H",324,785,-4,"Lady Godiva",346.384542022754,"medium"
"375","2254-P",4,752.09467468597,"ZBLIA","Paris","California","USA","Regional Pumpkin Festival","1997 G","1383 A",313,705,12,"Hooligan",341.086020265746,"medium"
"376","2784-P",80,751.077248292044,"TOUBF","Houston","New York","UK","Local Pumpkin Festival","1157 E","1975 J",319,737,0,"Hooligan",340.62460240002,"medium"
"377","2142-P",33,760.518779639155,"KSTOL","Los Angeles","New York","USA","National Pumpkin Festival","1231 R","1771 G",317,749,7,"Hooligan",344.906476026827,"medium"
"378","2775-P",43,750.505464113317,"SRXXN","Paris","California","France","National Pumpkin Festival","1472 J","1884 F",313,715,1,"Hooligan",340.365289847309,"medium"
"379","2657-P",48,743.412988883443,"EVLVJ","Paris","Texas","UK","Regional Pumpkin Festival","1672 V","1045 G",-5,-4,-4,"Hooligan",337.148747792945,"medium"
"380","2675-P",100,727.755262359045,"AYTKS","Paris","New York","France","Local Pumpkin Festival","1388 M","1718 X",1,0,-1,"Porcelain Doll",330.047738031313,"medium"
"381","2737-P",14,738.216178936511,"SBIOG","Chicago","California","France","Local Pumpkin Festival","1083 U","1983 S",317,742,-5,"Hooligan",334.791917885039,"medium"
"382","2227-P",6,730.268277832679,"QEUND","New York","California","France","Regional Pumpkin Festival","1768 I","1714 I",314,717,4,"White Pumpkin",331.187427588517,"medium"
"383","2366-P",87,727.169558085501,"TFTVX","Houston","California","France","Regional Pumpkin Festival","1282 R","1000 Y",324,725,-2,"Hooligan",329.782112510431,"medium"
"384","2083-P",52,723.759574959986,"HHJHI","Houston","New York","France","Local Pumpkin Festival","1604 M","1661 V",313,694,1,"Hooligan",328.235634902488,"medium"
"385","2759-P",34,717.269001717679,"ZPYMP","Houston","New York","USA","Local Pumpkin Festival","1192 P","1834 V",319,693,1,"Hooligan",325.292064271056,"medium"
"386","2418-P",90,719.012796972878,"OBFRQ","Paris","Texas","UK","Local Pumpkin Festival","1003 N","1401 A",329,795,-5,"Porcelain Doll",326.082901121487,"medium"
"387","2630-P",73,718.566433161497,"SFEQM","Paris","New York","France","Regional Pumpkin Festival","1426 I","1286 C",318,745,-3,"Hooligan",325.880468553967,"medium"
"388","2610-P",33,703.151739445515,"XLNVQ","New York","California","UK","Regional Pumpkin Festival","1222 S","1641 Z",322,736,-6,"Porcelain Doll",318.889677753068,"medium"
"389","2215-P",38,704.650116909295,"EQCYP","Los Angeles","Florida","USA","Regional Pumpkin Festival","1358 D","1828 N",0,3,-4,"Lady Godiva",319.569214017821,"medium"
"390","2577-P",37,681.67982108146,"CTTSU","Paris","New York","UK","Local Pumpkin Festival","1684 R","1997 H",313,647,9,"White Pumpkin",309.151846295446,"medium"
"391","2421-P",60,672.107618371025,"NZDIM","Houston","New York","USA","Local Pumpkin Festival","1281 Q","1230 T",322,714,-4,"Porcelain Doll",304.810711279376,"medium"
"392","2518-P",76,682.076706303284,"YOJJA","Chicago","New York","UK","Local Pumpkin Festival","1123 V","1169 W",320,706,-10,"White Pumpkin",309.331839593326,"medium"
"393","2098-P",30,682.796032820828,"UIFSM","Chicago","California","USA","Local Pumpkin Festival","1679 B","1708 B",313,723,-1,"White Pumpkin",309.658064771351,"medium"
"394","2744-P",35,665.239481213503,"PJWMB","Nottingham","Florida","France","Regional Pumpkin Festival","1153 S","1694 U",311,664,-5,"Lady Godiva",301.695909847393,"medium"
"395","2798-P",36,670.080423661694,"NUOCV","Nottingham","Florida","France","Local Pumpkin Festival","1122 R","1032 A",318,754,-8,"Hooligan",303.891348599408,"medium"
"396","2920-P",17,658.619002641737,"WBYOY","Los Angeles","New York","UK","Local Pumpkin Festival","1867 S","1778 R",316,743,-14,"Hooligan",298.693425234348,"medium"
"397","2677-P",9,667.008803918026,"PTSXY","Los Angeles","Texas","France","Local Pumpkin Festival","1271 N","1356 P",313,691,-2,"Hooligan",302.498323772348,"medium"
"398","2068-P",15,649.572320196778,"XQUBV","Los Angeles","Florida","USA","National Pumpkin Festival","1281 A","1331 E",317,737,-15,"Porcelain Doll",294.590621404434,"medium"
"399","2832-P",93,651.739234699681,"QSJOD","Paris","Texas","UK","Regional Pumpkin Festival","1632 J","1085 H",320,748,-8,"Lady Godiva",295.57334907015,"medium"
"400","2365-P",53,651.774476831779,"PGKUY","Houston","Texas","France","Regional Pumpkin Festival","1232 B","1321 J",311,664,-6,"Lady Godiva",295.589331896498,"medium"
"401","2074-P",79,651.89811299108,"DBODB","New York","California","UK","Regional Pumpkin Festival","1596 R","1767 J",308,631,-2,"White Pumpkin",295.645402717043,"medium"
"402","2063-P",43,649.179050210863,"ROZHM","Los Angeles","California","UK","Regional Pumpkin Festival","1489 O","1809 F",0,-4,-2,"Lady Godiva",294.412267669326,"medium"
"403","2350-P",36,638.621896715835,"JVAYR","Houston","Texas","France","National Pumpkin Festival","1941 W","1901 R",307,669,-3,"Hooligan",289.624442955027,"medium"
"404","2982-P",42,640.462946929038,"EBMRT","Nottingham","Texas","USA","National Pumpkin Festival","1228 F","1241 R",314,671,-1,"Porcelain Doll",290.459386362375,"medium"
"405","2109-P",29,636.516089500114,"CCPZK","New York","California","UK","Regional Pumpkin Festival","1822 W","1710 S",321,723,-9,"White Pumpkin",288.669428344723,"medium"
"406","2056-P",85,612.074517473578,"SHJXV","New York","Texas","France","National Pumpkin Festival","1058 O","1049 B",313,691,-13,"Porcelain Doll",277.584815180761,"medium"
"407","2756-P",78,613.42918731086,"TAZMR","Houston","California","France","National Pumpkin Festival","1932 V","1024 P",294,580,3,"Hooligan",278.199177918757,"medium"
"408","2159-P",82,604.533636725508,"YLHQR","Paris","California","France","Regional Pumpkin Festival","1545 B","1044 I",306,655,-8,"White Pumpkin",274.164914614743,"medium"
"409","2359-P",87,605.868658017367,"YFWLD","Houston","Texas","USA","Regional Pumpkin Festival","1850 T","1642 O",315,707,-14,"Hooligan",274.770366447786,"medium"
"410","2139-P",41,578.536516385153,"WFMZW","Los Angeles","New York","USA","Regional Pumpkin Festival","1489 Y","1590 F",279,513,17,"Hooligan",262.374837362881,"medium"
"411","2012-P",11,585.833515876904,"JMIGF","Nottingham","Texas","UK","National Pumpkin Festival","1659 I","1045 E",292,567,-1,"Hooligan",265.684134184537,"medium"
"412","2300-P",9,596.576244386844,"CPHSQ","Los Angeles","New York","France","Regional Pumpkin Festival","1891 R","1814 U",284,508,12,"Hooligan",270.556119903331,"medium"
"413","2263-P",78,577.008037161082,"MGAXW","Houston","New York","UK","Regional Pumpkin Festival","1141 D","1665 E",279,462,21,"Porcelain Doll",261.68164950616,"medium"
"414","2839-P",13,581.197754234076,"UKKPR","Houston","Texas","USA","National Pumpkin Festival","1023 X","1007 H",300,577,1,"Hooligan",263.581747951962,"medium"
"415","2039-P",59,571.136732745916,"SZQYY","Houston","California","France","Regional Pumpkin Festival","1047 P","1343 G",298,585,-4,"Hooligan",259.018926415381,"medium"
"416","2851-P",26,578.588882132992,"FWZBO","Houston","Texas","UK","National Pumpkin Festival","1234 F","1924 D",0,-2,4,"Hooligan",262.398586001357,"medium"
"417","2094-P",78,572.378697690554,"NVHZD","Houston","California","France","Regional Pumpkin Festival","1471 A","1360 S",-1,-5,-1,"Porcelain Doll",259.58217582338,"medium"
"418","2291-P",49,565.587867435068,"NMEAA","Chicago","Florida","USA","Regional Pumpkin Festival","1896 X","1250 T",293,564,-3,"Porcelain Doll",256.502434210915,"medium"
"419","2506-P",17,578.015109699219,"BKGIF","Nottingham","Florida","USA","Local Pumpkin Festival","1764 R","1614 Z",3,3,-3,"Hooligan",262.138371745678,"medium"
"420","2717-P",77,557.755192968994,"JVDFW","Los Angeles","New York","France","Regional Pumpkin Festival","1789 B","1396 E",295,566,1,"White Pumpkin",252.950200892968,"medium"
"421","2744-P",83,552.253411879763,"JLVKJ","Nottingham","Florida","UK","Regional Pumpkin Festival","1022 S","1965 Y",284,524,3,"White Pumpkin",250.45506207699,"medium"
"422","2428-P",96,541.266608771868,"RKKOK","Houston","California","USA","National Pumpkin Festival","1594 R","1017 M",1,-2,5,"Lady Godiva",245.472384930552,"medium"
"423","2267-P",36,517.206418891437,"HZRRU","Houston","Texas","USA","Regional Pumpkin Festival","1748 C","1912 S",294,570,-9,"Hooligan",234.560734191128,"medium"
"424","2467-P",59,519.207907762565,"GQJWW","Nottingham","Texas","UK","Regional Pumpkin Festival","1821 S","1098 G",291,538,2,"Hooligan",235.468438894587,"medium"
"425","2741-P",11,503.651932956651,"ATSKU","New York","Florida","USA","Local Pumpkin Festival","1418 P","1097 H",285,501,-4,"White Pumpkin",228.41357503703,"medium"
"426","2339-P",100,509.182485417463,"XWDCA","Houston","California","USA","National Pumpkin Festival","1106 X","1320 U",275,489,0,"Hooligan",230.921762094087,"medium"
"427","2803-P",20,497.745290730149,"DJVUN","Paris","California","France","Local Pumpkin Festival","1940 L","1288 C",275,458,4,"Porcelain Doll",225.734825727959,"medium"
"428","2851-P",35,496.790993827395,"KMZBR","Nottingham","California","UK","National Pumpkin Festival","1989 T","1088 L",275,490,3,"Hooligan",225.302038016959,"medium"
"429","2188-P",17,491.918489367701,"UTFAM","Nottingham","Texas","France","Regional Pumpkin Festival","1456 M","1641 M",261,424,21,"Hooligan",223.092285427529,"medium"
"430","2747-P",80,496.572446001694,"EGTXR","Paris","New York","France","Regional Pumpkin Festival","1768 N","1409 G",-1,3,5,"Hooligan",225.202923356777,"medium"
"431","2502-P",47,472.846457880549,"OZMUJ","Los Angeles","Florida","UK","Local Pumpkin Festival","1514 S","1586 U",287,546,-13,"Porcelain Doll",214.442838041065,"medium"
"432","2107-P",98,466.607995467447,"QGNVE","Nottingham","New York","USA","Local Pumpkin Festival","1039 Z","1091 E",267,451,6,"White Pumpkin",211.613603386597,"medium"
"433","2794-P",3,446.876395385712,"MEVRQ","Chicago","California","UK","National Pumpkin Festival","1154 S","1079 P",283,486,-4,"Lady Godiva",202.665031920958,"medium"
"434","2786-P",87,457.086650400423,"RPXHM","Nottingham","California","USA","Regional Pumpkin Festival","1800 R","1119 G",277,452,-2,"Lady Godiva",207.295533061416,"medium"
"435","2429-P",63,449.620628237911,"MVSKJ","Chicago","New York","France","National Pumpkin Festival","1925 D","1888 I",284,493,-4,"White Pumpkin",203.909581967306,"medium"
"436","2875-P",24,440.056214794517,"DRYAB","Los Angeles","California","USA","National Pumpkin Festival","1717 W","1298 Q",277,465,-1,"Hooligan",199.571979498647,"medium"
"437","2958-P",61,438.052784686908,"RSPNK","Los Angeles","Florida","France","Local Pumpkin Festival","1234 N","1191 Q",263,429,1,"Lady Godiva",198.663394415831,"medium"
"438","2198-P",77,424.064619123749,"CNOWI","Chicago","New York","UK","National Pumpkin Festival","1125 C","1405 F",273,442,-4,"Porcelain Doll",192.319555158163,"medium"
"439","2563-P",41,428.819428248331,"NNTAU","Houston","Texas","USA","Regional Pumpkin Festival","1124 P","1961 O",2,1,2,"Porcelain Doll",194.475931178381,"medium"
"440","2409-P",32,420.590509632602,"OPIWE","Nottingham","California","USA","Local Pumpkin Festival","1597 B","1149 S",269,429,-3,"White Pumpkin",190.743995298232,"medium"
"441","2108-P",75,428.797540395521,"JANQZ","Los Angeles","Texas","UK","National Pumpkin Festival","1317 A","1788 A",275,452,-6,"White Pumpkin",194.466004714522,"medium"
"442","2750-P",1,411.52145161666,"LLZKE","Chicago","California","UK","Regional Pumpkin Festival","1099 H","1548 U",-5,1,-2,"Porcelain Doll",186.631043817079,"medium"
"443","2422-P",60,414.668375342153,"PMNGV","Nottingham","Texas","France","Local Pumpkin Festival","1175 Z","1949 E",4,4,5,"Porcelain Doll",188.05822010982,"medium"
"444","2291-P",23,422.671773786657,"NCSUY","Nottingham","Texas","UK","National Pumpkin Festival","1970 I","1944 G",0,1,-1,"White Pumpkin",191.687879268325,"medium"
"445","2322-P",45,411.574604276195,"CSAEM","Nottingham","Texas","USA","Regional Pumpkin Festival","1350 R","1279 T",268,434,1,"Lady Godiva",186.655149331608,"medium"
"446","2025-P",69,413.70122999642,"NDBEJ","Chicago","Texas","UK","National Pumpkin Festival","1836 Y","1529 I",265,417,-7,"Porcelain Doll",187.619605440553,"medium"
"447","2035-P",93,403.727126371302,"UAJPZ","Chicago","New York","USA","National Pumpkin Festival","1333 A","1821 Z",-4,0,1,"Porcelain Doll",183.096202435964,"medium"
"448","2070-P",44,409.210518050939,"URFBC","Houston","California","UK","National Pumpkin Festival","1916 J","1186 X",250,369,14,"Porcelain Doll",185.583001383646,"medium"
"449","2628-P",15,403.241816092283,"CMJGX","Paris","Florida","UK","Local Pumpkin Festival","1699 R","1079 D",250,359,13,"Porcelain Doll",182.87610707133,"medium"
"450","2329-P",69,397.489661781117,"IBUBH","Houston","California","USA","Local Pumpkin Festival","1336 Q","1128 I",-4,5,1,"Porcelain Doll",180.267420308897,"medium"
"451","2480-P",28,396.205333950743,"EVUAA","Paris","New York","USA","National Pumpkin Festival","1264 L","1426 U",3,3,4,"Lady Godiva",179.68495870782,"medium"
"452","2281-P",53,399.288580080494,"SFAKN","Nottingham","California","UK","National Pumpkin Festival","1504 F","1556 V",260,394,-2,"Hooligan",181.083256272333,"medium"
"453","2158-P",75,394.603404293768,"IBHOE","New York","Florida","USA","National Pumpkin Festival","1594 W","1012 I",254,351,5,"Lady Godiva",178.958459997174,"medium"
"454","2455-P",56,376.891806030646,"WNCRI","Paris","Texas","UK","National Pumpkin Festival","1256 A","1420 Q",249,360,9,"White Pumpkin",170.925989129545,"medium"
"455","2078-P",15,379.715346165001,"DYZZX","Nottingham","California","France","Regional Pumpkin Festival","1296 O","1707 X",263,390,-4,"Porcelain Doll",172.20650619728,"medium"
"456","2660-P",47,388.528438678011,"WQAVU","Nottingham","California","USA","Local Pumpkin Festival","1967 Z","1689 B",252,351,7,"White Pumpkin",176.203373550118,"medium"
"457","2050-P",54,381.625596268661,"PJIDB","Paris","Texas","USA","National Pumpkin Festival","1998 U","1530 B",251,360,7,"Lady Godiva",173.072832774903,"medium"
"458","2295-P",69,371.185742070898,"UKVGG","Nottingham","Texas","UK","Regional Pumpkin Festival","1151 X","1473 R",253,352,8,"Porcelain Doll",168.338205020816,"medium"
"459","2133-P",92,362.823661448434,"KUEQK","Chicago","California","France","National Pumpkin Festival","1571 A","1293 X",260,414,-5,"Hooligan",164.545878207907,"medium"
"460","2981-P",30,374.275261608884,"EREOS","New York","New York","France","Local Pumpkin Festival","1507 Q","1092 O",251,361,-3,"Hooligan",169.739347668428,"medium"
"461","2469-P",36,370.722389415279,"HWQKQ","Chicago","Florida","UK","National Pumpkin Festival","1027 W","1084 H",264,404,-15,"Hooligan",168.128067762031,"medium"
"462","2008-P",89,353.118559996597,"FFWWO","Paris","Florida","USA","Regional Pumpkin Festival","1061 S","1855 B",255,386,-11,"White Pumpkin",160.144471653786,"medium"
"463","2605-P",58,361.577356437221,"WEWNU","Houston","Florida","UK","Local Pumpkin Festival","1424 A","1108 G",251,338,1,"White Pumpkin",163.980660515747,"medium"
"464","2558-P",80,363.118434488773,"VAPRD","Nottingham","New York","France","Local Pumpkin Festival","1331 L","1978 U",250,364,-8,"Lady Godiva",164.679562126428,"medium"
"465","2659-P",93,359.061345375143,"TXFJZ","Chicago","Texas","France","Local Pumpkin Festival","1903 F","1608 P",2,-1,5,"Porcelain Doll",162.839612415031,"medium"
"466","2069-P",34,353.315014945343,"XVUPN","Houston","New York","USA","National Pumpkin Festival","1899 R","1253 I",1,0,1,"Hooligan",160.233566868636,"medium"
"467","2216-P",94,344.845584196597,"TGJOH","Houston","Florida","UK","Regional Pumpkin Festival","1763 B","1489 Y",248,340,-2,"Hooligan",156.392555191201,"medium"
"468","2661-P",67,340.902736021206,"NGLNA","Paris","Florida","France","National Pumpkin Festival","1663 S","1112 S",261,382,-18,"Porcelain Doll",154.604415429118,"medium"
"469","2516-P",52,324.003082102165,"YDAVF","Nottingham","New York","France","National Pumpkin Festival","1893 B","1029 L",237,303,-1,"White Pumpkin",146.940173288964,"medium"
"470","2237-P",69,322.143830330111,"WODJY","Chicago","California","UK","National Pumpkin Festival","1031 L","1563 M",2,2,2,"Lady Godiva",146.0969752064,"medium"
"471","2462-P",77,306.362551413476,"RSVNW","Paris","New York","France","National Pumpkin Festival","1951 Q","1376 I",234,300,0,"White Pumpkin",138.939932613822,"medium"
"472","2051-P",4,303.431637987681,"KBHBQ","Chicago","Texas","France","Local Pumpkin Festival","1323 S","1976 H",-3,-4,4,"Hooligan",137.610720175819,"medium"
"473","2902-P",90,289.075033432804,"KKOCD","Paris","Texas","UK","Local Pumpkin Festival","1085 T","1853 W",235,312,-8,"White Pumpkin",131.0997884049,"medium"
"474","2052-P",99,289.785394917242,"KZZMI","New York","California","France","Regional Pumpkin Festival","1501 T","1100 Z",242,317,-11,"White Pumpkin",131.421947808273,"medium"
"475","2548-P",32,276.784546679817,"KUQCO","Paris","Florida","UK","Local Pumpkin Festival","1925 V","1422 O",229,273,7,"White Pumpkin",125.525871510121,"medium"
"476","2136-P",65,270.221115588211,"AEJXS","Chicago","New York","UK","National Pumpkin Festival","1370 N","1027 D",5,5,-1,"Porcelain Doll",122.549258770164,"medium"
"477","2260-P",42,255.620118910447,"SUALV","Houston","Florida","USA","Regional Pumpkin Festival","1270 F","1694 R",232,268,3,"Lady Godiva",115.927491569364,"medium"
"478","2895-P",44,260.86542487964,"MOHDY","New York","New York","USA","Regional Pumpkin Festival","1896 H","1174 V",232,262,1,"White Pumpkin",118.306315138159,"medium"
"479","2335-P",36,253.347918869369,"QOMKS","Nottingham","New York","UK","Regional Pumpkin Festival","1868 Q","1448 X",231,261,-10,"Lady Godiva",114.897015360258,"medium"
"480","2265-P",51,257.320497142151,"IFCKV","Paris","Florida","France","Local Pumpkin Festival","1400 R","1641 B",235,274,-7,"Porcelain Doll",116.698638159706,"medium"
"481","2277-P",60,242.04634015169,"YYFGS","Nottingham","Florida","USA","Local Pumpkin Festival","1470 J","1681 L",232,289,-9,"Lady Godiva",109.771582835234,"medium"
"482","2593-P",26,253.263145672157,"MFHJP","Chicago","New York","UK","Local Pumpkin Festival","1242 Z","1228 G",217,248,0,"White Pumpkin",114.858569465831,"medium"
"483","2725-P",30,253.506681287102,"DJIXG","Los Angeles","California","France","Local Pumpkin Festival","1412 K","1004 L",222,244,4,"White Pumpkin",114.969016456736,"medium"
"484","2530-P",89,231.255482373759,"VAINX","Los Angeles","Florida","UK","Local Pumpkin Festival","1631 M","1062 O",-1,-2,0,"White Pumpkin",104.877769784018,"medium"
"485","2637-P",92,245.144262627698,"IUIHE","Nottingham","Texas","UK","Regional Pumpkin Festival","1179 A","1034 T",215,230,-4,"Porcelain Doll",111.176536339092,"medium"
"486","2308-P",3,241.938819792494,"TKSYU","Chicago","California","UK","Local Pumpkin Festival","1051 E","1070 W",-1,3,0,"Lady Godiva",109.722820767571,"medium"
"487","2104-P",9,220.806808892637,"YIAYZ","New York","Florida","UK","National Pumpkin Festival","1336 M","1546 O",211,208,10,"Hooligan",100.139142354938,"medium"
"488","2620-P",36,222.15785515178,"JHNQH","New York","New York","USA","National Pumpkin Festival","1462 X","1245 J",-2,0,2,"Lady Godiva",100.751861746839,"medium"
"489","2744-P",90,218.931094595604,"MOFJG","Los Angeles","California","France","Local Pumpkin Festival","1037 H","1714 A",-2,-5,2,"Porcelain Doll",99.2884782746502,"light"
"490","2402-P",42,217.124630355276,"GSWDD","Paris","Florida","France","National Pumpkin Festival","1752 G","1929 T",220,232,-10,"Porcelain Doll",98.4692201157715,"light"
"491","2304-P",14,195.268805633299,"HOSPZ","Nottingham","New York","UK","Regional Pumpkin Festival","1759 T","1707 I",205,208,-6,"Hooligan",88.5572814663488,"light"
"492","2041-P",63,185.516255260445,"PKOCF","New York","Texas","France","Regional Pumpkin Festival","1078 Q","1295 U",199,189,-2,"Hooligan",84.134356127186,"light"
"493","2803-P",100,183.554817065597,"HSQBQ","Houston","Texas","USA","Local Pumpkin Festival","1857 H","1682 X",1,1,-1,"Lady Godiva",83.2448149957354,"light"
"494","2702-P",35,183.939546351321,"TGYXQ","Houston","New York","France","Regional Pumpkin Festival","1218 O","1743 X",2,1,2,"Porcelain Doll",83.4192953974245,"light"
"495","2213-P",33,186.626407803968,"MYRGP","Los Angeles","Florida","USA","National Pumpkin Festival","1260 E","1397 L",2,2,-3,"White Pumpkin",84.637826668466,"light"
"496","2696-P",32,166.967815423571,"SXPFB","Houston","California","UK","Regional Pumpkin Festival","1282 X","1703 D",189,151,1,"Lady Godiva",75.7223652714606,"light"
"497","2944-P",74,159.447477034293,"BYSEW","Houston","New York","France","National Pumpkin Festival","1757 T","1364 U",192,162,-2,"Lady Godiva",72.3117809679334,"light"
"498","2679-P",52,157.530721894465,"EOQXX","New York","California","UK","Regional Pumpkin Festival","1511 V","1001 V",-1,-5,1,"Hooligan",71.4425042605285,"light"
"499","2359-P",6,158.837414199114,"ZYXJA","Houston","California","France","Regional Pumpkin Festival","1968 K","1686 D",185,155,-2,"Porcelain Doll",72.0351084803237,"light"
"500","2714-P",31,158.358718346804,"BFCNJ","New York","New York","USA","Local Pumpkin Festival","1038 Z","1200 S",-3,5,4,"Lady Godiva",71.8180128556936,"light"
"501","2160-P",72,163.414901495166,"KGGRS","Los Angeles","Florida","UK","National Pumpkin Festival","1005 C","1546 W",1,1,-5,"Hooligan",74.1110664377171,"light"
"502","2118-P",38,146.42120277416,"XKTBB","Chicago","Texas","UK","Regional Pumpkin Festival","1317 Q","1806 I",197,164,-13,"Porcelain Doll",66.4041735937232,"light"
"503","2068-P",41,148.272825813852,"WEJSY","Nottingham","California","USA","Local Pumpkin Festival","1495 D","1558 T",186,158,-12,"White Pumpkin",67.2439119337198,"light"
"504","2983-P",22,122.033126235008,"RWFBD","Nottingham","California","UK","Regional Pumpkin Festival","1361 S","1390 X",-5,-3,-4,"White Pumpkin",55.3438214217724,"light"
"505","2047-P",59,121.592362348922,"RVDDE","Paris","Florida","UK","Local Pumpkin Festival","1287 S","1469 S",0,-5,2,"Porcelain Doll",55.1439285029123,"light"
"506","2628-P",46,97.6736873008311,"OFNUM","Los Angeles","Florida","France","Regional Pumpkin Festival","1777 Y","1706 W",180,134,-23,"White Pumpkin",44.2964568257737,"light"
"507","2924-P",8,94.0834006853402,"TQLAI","Paris","California","France","Local Pumpkin Festival","1716 J","1672 Y",-5,2,-2,"Lady Godiva",42.6682089275919,"light"
"508","2387-P",16,74.1412888020277,"WXPBV","Houston","New York","UK","Regional Pumpkin Festival","1840 P","1518 K",157,109,-28,"Porcelain Doll",33.6241672571554,"light"
"509","2711-P",50,81.7575438426807,"IAJJX","Chicago","Florida","France","Regional Pumpkin Festival","1846 V","1868 H",1,-3,0,"Porcelain Doll",37.0782511758189,"light"
"510","2771-P",94,77.5859454898164,"MWKJQ","New York","Florida","USA","Regional Pumpkin Festival","1579 N","1691 I",145,88,-9,"Porcelain Doll",35.1863698366514,"light"
"511","2263-P",47,66.269836101681,"WXWIC","Nottingham","Florida","France","Regional Pumpkin Festival","1860 X","1120 S",146,94,-17,"White Pumpkin",30.0543474384041,"light"
"512","2941-P",13,75.4259032951668,"YCVFK","Paris","Texas","USA","Regional Pumpkin Festival","1120 A","1463 L",-5,-4,-4,"Porcelain Doll",34.2067588640212,"light"
"513","2905-P",18,74.4337323522195,"QDZWG","Houston","Texas","USA","Local Pumpkin Festival","1023 F","1737 Q",5,3,1,"White Pumpkin",33.7567947175599,"light"
"514","2755-P",15,51.7291355859488,"MTYPS","Chicago","Texas","UK","Regional Pumpkin Festival","1039 A","1818 J",135,78,-26,"White Pumpkin",23.4599254358045,"light"
"515","2107-P",33,50.8731252901256,"HQBHB","New York","Texas","France","Regional Pumpkin Festival","1083 E","1919 M",1,4,-4,"Porcelain Doll",23.0717121497168,"light"
"516","2680-P",45,25.7814352747053,"DNMJY","Houston","Texas","France","National Pumpkin Festival","1420 Y","1335 M",-1,1,1,"Lady Godiva",11.692260895558,"light"
"517","2975-P",31,1648.10417698883,"JXVAD","Chicago","Florida","France","National Pumpkin Festival","1839 Z","1574 B",426,1572,-1,"White Pumpkin",747.439536049354,"heavy"
"518","2483-P",31,1636.95220625307,"XMJZP","New York","Florida","USA","Regional Pumpkin Festival","1850 C","1070 U",2,-1,-2,"White Pumpkin",742.38195294924,"heavy"
"519","2223-P",23,1474.13255149033,"LIJGC","Paris","Florida","USA","Regional Pumpkin Festival","1234 W","1436 V",402,1381,5,"Hooligan",668.540839678154,"heavy"
"520","2332-P",97,755.518256098032,"KDOYF","Paris","Texas","UK","Local Pumpkin Festival","1065 K","1518 E",317,714,8,"Lady Godiva",342.638664897067,"medium"
"521","2086-P",9,443.08695687633,"PIITX","Paris","California","UK","National Pumpkin Festival","1184 Y","1063 K",1,5,-5,"Hooligan",200.946465703551,"medium"
"522","2916-P",71,2235.03854970168,"PIXKL","Nottingham","Texas","France","Regional Pumpkin Festival","1966 U","1250 U",465,1932,17,"Porcelain Doll",1013.62292503478,"heavy"
"523","2388-P",94,2137.37210650183,"ZCGSN","Nottingham","Florida","UK","Regional Pumpkin Festival","1841 X","1510 P",477,2010,5,"Hooligan",969.32975351557,"heavy"
"524","2876-P",46,1914.36334134638,"OTHAC","Chicago","Florida","USA","Regional Pumpkin Festival","1138 W","1449 B",436,1704,7,"Hooligan",868.19199154031,"heavy"
"525","2845-P",92,1869.4644217642,"UWBVD","Houston","Texas","USA","Local Pumpkin Festival","1758 H","1914 D",469,1962,-4,"Porcelain Doll",847.829669734332,"heavy"
"526","2212-P",57,1744.96423726808,"EORTB","Paris","California","USA","Local Pumpkin Festival","1369 C","1518 T",445,1772,-6,"Lady Godiva",791.367001028609,"heavy"
"527","2110-P",72,1742.12421096023,"YQEGF","Los Angeles","Florida","France","National Pumpkin Festival","1751 Z","1753 Y",431,1605,9,"Lady Godiva",790.0790072382,"heavy"
"528","2788-P",15,1721.73764611874,"PRGCK","Nottingham","Texas","France","Regional Pumpkin Festival","1246 O","1198 W",426,1593,12,"Hooligan",780.833399600335,"heavy"
"529","2401-P",78,1711.57358918432,"FPBNX","Paris","California","USA","Regional Pumpkin Festival","1387 R","1051 L",427,1572,14,"Lady Godiva",776.223849970214,"heavy"
"530","2303-P",17,1688.29281758983,"QPGEW","Nottingham","California","UK","National Pumpkin Festival","1952 Q","1707 O",422,1590,11,"White Pumpkin",765.665676911486,"heavy"
"531","2462-P",3,1676.03395281658,"MBEMS","Paris","Florida","USA","National Pumpkin Festival","1667 B","1959 H",433,1621,5,"Hooligan",760.106101050601,"heavy"
"532","2343-P",43,1684.2581455633,"GISRG","Chicago","Texas","UK","National Pumpkin Festival","1470 F","1985 Q",415,1521,15,"Lady Godiva",763.835893679503,"heavy"
"533","2190-P",34,1662.69260587357,"PRSTW","Paris","California","France","Local Pumpkin Festival","1781 E","1034 X",437,1628,0,"Lady Godiva",754.05560357078,"heavy"
"534","2165-P",33,1652.44939710759,"TLNLM","Los Angeles","New York","UK","National Pumpkin Festival","1585 R","1093 J",419,1471,13,"Hooligan",749.410157418406,"heavy"
"535","2328-P",55,1651.3293067934,"TNDWH","Los Angeles","New York","USA","Local Pumpkin Festival","1366 E","1833 L",421,1571,8,"Lady Godiva",748.902179951655,"heavy"
"536","2696-P",72,1548.23250161391,"WAWDV","Paris","Texas","UK","Local Pumpkin Festival","1779 E","1107 G",401,1317,15,"Lady Godiva",702.146259235332,"heavy"
"537","2962-P",99,1537.15268958732,"VLNCO","Houston","Florida","USA","Regional Pumpkin Festival","1300 V","1232 F",425,1546,-1,"Hooligan",697.12140117339,"heavy"
"538","2473-P",48,1461.34355399199,"MYLMC","Chicago","California","UK","National Pumpkin Festival","1476 O","1268 A",390,1259,21,"Lady Godiva",662.740840812693,"heavy"
"539","2953-P",24,1442.89447115082,"DKHOF","Chicago","New York","UK","National Pumpkin Festival","1160 T","1374 I",407,1418,-2,"Lady Godiva",654.373909818967,"heavy"
"540","2668-P",12,1443.87069877051,"CDZVF","Los Angeles","New York","USA","Regional Pumpkin Festival","1723 Y","1411 Y",429,1573,-12,"White Pumpkin",654.816643433337,"heavy"
"541","2981-P",91,1444.54547972139,"QZPPE","Los Angeles","Florida","France","Local Pumpkin Festival","1854 K","1243 D",425,1543,-3,"Hooligan",655.122666540313,"heavy"
"542","2693-P",46,1438.35776161682,"DVUJS","Houston","New York","USA","National Pumpkin Festival","1472 T","1829 R",409,1440,0,"Lady Godiva",652.316445177696,"heavy"
"543","2270-P",5,1415.49112895224,"SKACU","Los Angeles","California","France","Local Pumpkin Festival","1357 K","1839 D",392,1314,9,"Lady Godiva",641.946090227774,"heavy"
"544","2705-P",90,1387.58179284446,"VAAJD","New York","California","USA","National Pumpkin Festival","1167 T","1784 H",388,1293,10,"White Pumpkin",629.288794940798,"heavy"
"545","2532-P",5,1381.97904816363,"QGORX","Nottingham","Florida","UK","Regional Pumpkin Festival","1114 N","1181 X",402,1418,-1,"Porcelain Doll",626.747867647905,"heavy"
"546","2134-P",88,1382.01153394803,"YNYEJ","Houston","Texas","France","National Pumpkin Festival","1791 S","1750 W",388,1238,6,"Lady Godiva",626.762600429947,"heavy"
"547","2210-P",73,1346.04182936437,"GDCUX","Paris","Florida","USA","Local Pumpkin Festival","1114 F","1301 A",396,1359,1,"Porcelain Doll",610.449809235544,"heavy"
"548","2772-P",85,1338.71738324128,"TAUFF","Houston","California","UK","Local Pumpkin Festival","1077 H","1919 O",391,1300,4,"White Pumpkin",607.128064962032,"heavy"
"549","2610-P",98,1333.43394417875,"KYQXC","New York","Florida","France","Local Pumpkin Festival","1048 T","1634 Z",381,1191,17,"White Pumpkin",604.731947473354,"heavy"
"550","2575-P",35,1318.50339018647,"HCSNX","Nottingham","New York","France","Local Pumpkin Festival","1594 A","1701 V",402,1393,-9,"Lady Godiva",597.960721173001,"heavy"
"551","2796-P",67,1311.90508077759,"ZQNIQ","Chicago","New York","USA","Regional Pumpkin Festival","1441 F","1207 K",394,1341,2,"White Pumpkin",594.968290602083,"heavy"
"552","2703-P",36,1310.15647023916,"JUBHM","Houston","New York","France","Local Pumpkin Festival","1049 V","1848 M",400,1317,4,"White Pumpkin",594.175269949734,"heavy"
"553","2857-P",64,1297.92600999586,"UDKSG","Nottingham","Florida","UK","Local Pumpkin Festival","1849 Y","1596 K",380,1194,4,"Hooligan",588.628575961843,"heavy"
"554","2031-P",2,1305.26744976547,"OHTLK","Chicago","New York","USA","Regional Pumpkin Festival","1210 C","1061 H",391,1244,4,"Lady Godiva",591.95802710452,"heavy"
"555","2927-P",35,1289.50378479715,"DNAWT","Nottingham","California","France","Regional Pumpkin Festival","1094 N","1560 G",386,1250,8,"Lady Godiva",584.808972697122,"heavy"
"556","2584-P",39,1283.76243437454,"LHNGZ","New York","Texas","UK","Local Pumpkin Festival","1820 G","1629 I",392,1288,-5,"Lady Godiva",582.205185657388,"heavy"
"557","2307-P",63,1282.44183709472,"DKXFJ","Paris","Texas","USA","National Pumpkin Festival","1600 B","1853 J",390,1284,5,"White Pumpkin",581.606275326405,"heavy"
"558","2172-P",47,1277.54043516386,"SGTOF","Nottingham","California","France","Local Pumpkin Festival","1844 C","1411 R",390,1248,1,"Lady Godiva",579.383417307874,"heavy"
"559","2719-P",21,1239.42675951183,"JMGGL","Houston","Texas","USA","Local Pumpkin Festival","1815 V","1024 L",3,2,-5,"Porcelain Doll",562.098303633482,"heavy"
"560","2797-P",11,1246.11630571634,"MYLAJ","New York","New York","France","National Pumpkin Festival","1022 P","1647 O",395,1269,-6,"Lady Godiva",565.13211143598,"heavy"
"561","2891-P",78,1233.28244076762,"JAOML","Paris","California","USA","Local Pumpkin Festival","1363 C","1078 V",392,1282,-6,"Lady Godiva",559.311764520464,"heavy"
"562","2485-P",31,1240.32062418107,"AEFHY","Chicago","California","France","Regional Pumpkin Festival","1805 S","1128 X",393,1279,-3,"White Pumpkin",562.503684435859,"heavy"
"563","2202-P",95,1228.3031865852,"AXYXI","Paris","Florida","USA","Regional Pumpkin Festival","1864 C","1376 M",382,1208,0,"Hooligan",557.053599358365,"heavy"
"564","2936-P",4,1212.57658523619,"WMVGH","Los Angeles","California","France","National Pumpkin Festival","1020 R","1863 H",404,1365,-11,"White Pumpkin",549.921353848613,"heavy"
"565","2798-P",79,1199.09708071593,"HFBUA","Chicago","New York","UK","National Pumpkin Festival","1051 W","1860 W",370,1137,1,"Lady Godiva",543.808199871171,"heavy"
"566","2044-P",88,1212.31666732486,"KAQMM","Paris","Florida","France","Local Pumpkin Festival","1349 H","1726 E",374,1167,5,"White Pumpkin",549.803477244836,"heavy"
"567","2028-P",23,1200.64297827613,"UUQIC","Houston","Texas","UK","Local Pumpkin Festival","1847 Y","1447 M",374,1159,7,"Porcelain Doll",544.509287200057,"heavy"
"568","2315-P",5,1208.65856679995,"BEEBR","Los Angeles","New York","USA","Regional Pumpkin Festival","1973 A","1350 E",359,1045,16,"White Pumpkin",548.144474739205,"heavy"
"569","2475-P",33,1212.31697879825,"PSINT","Paris","California","UK","National Pumpkin Festival","1040 J","1646 I",389,1299,-3,"White Pumpkin",549.803618502607,"heavy"
"570","2343-P",16,1204.36219730321,"OHWZD","New York","Texas","UK","Regional Pumpkin Festival","1523 P","1006 Z",353,959,29,"Lady Godiva",546.196007847262,"heavy"
"571","2507-P",64,1188.20641753636,"XNBHQ","New York","Florida","USA","Local Pumpkin Festival","1301 D","1995 I",371,1107,6,"Lady Godiva",538.869123599258,"heavy"
"572","2895-P",34,1172.26685930137,"XUIQL","Paris","Florida","France","Local Pumpkin Festival","1105 S","1361 A",389,1282,-7,"White Pumpkin",531.640299002887,"heavy"
"573","2750-P",47,1171.03346945718,"EWMJC","Los Angeles","New York","UK","Local Pumpkin Festival","1636 H","1184 V",379,1132,6,"Lady Godiva",531.080938529333,"heavy"
"574","2718-P",90,1170.06902650278,"UYGYF","Los Angeles","Texas","France","Local Pumpkin Festival","1363 C","1970 T",374,1099,2,"Lady Godiva",530.643549434368,"heavy"
"575","2265-P",43,1158.48372476641,"WCTXN","New York","Florida","UK","Regional Pumpkin Festival","1962 V","1889 P",375,1137,6,"Porcelain Doll",525.389444338508,"heavy"
"576","2200-P",64,1147.91351151187,"FQGPB","Paris","New York","USA","Local Pumpkin Festival","1885 B","1370 T",378,1159,-4,"Hooligan",520.59569683078,"heavy"
"577","2257-P",72,1150.62756335828,"ACUDV","Chicago","Florida","UK","Local Pumpkin Festival","1619 G","1351 T",384,1242,-8,"White Pumpkin",521.826559346161,"heavy"
"578","2499-P",43,1145.63850247581,"BNJOT","New York","New York","UK","Local Pumpkin Festival","1479 U","1711 A",375,1128,4,"White Pumpkin",519.563946701046,"heavy"
"579","2827-P",85,1120.56043855157,"UKUKT","Los Angeles","California","UK","National Pumpkin Festival","1629 F","1789 O",353,1007,9,"Porcelain Doll",508.190675080076,"heavy"
"580","2612-P",52,1116.91235851496,"XBIBE","Los Angeles","New York","UK","Local Pumpkin Festival","1885 D","1130 T",374,1097,-2,"White Pumpkin",506.536217013589,"heavy"
"581","2107-P",85,1130.99188775849,"WXQUR","Nottingham","New York","USA","Regional Pumpkin Festival","1869 O","1410 U",368,1119,5,"White Pumpkin",512.921491046932,"heavy"
"582","2839-P",65,1120.72263419908,"JEHKM","Paris","California","USA","National Pumpkin Festival","1473 Z","1511 S",355,995,10,"Lady Godiva",508.26423319686,"heavy"
"583","2425-P",10,1101.63508805446,"GAGAD","Houston","New York","France","Regional Pumpkin Festival","1854 J","1547 L",387,1203,-10,"Porcelain Doll",499.607749684564,"medium"
"584","2916-P",8,1092.74588539079,"EROXS","Nottingham","California","USA","Local Pumpkin Festival","1764 D","1360 D",373,1127,2,"Porcelain Doll",495.576365256593,"medium"
"585","2106-P",93,1087.41632258613,"WQRHN","New York","California","UK","National Pumpkin Festival","1976 Y","1067 G",377,1167,-2,"White Pumpkin",493.159329971032,"medium"
"586","2333-P",39,1092.25378221739,"RLCDW","Paris","California","USA","Local Pumpkin Festival","1633 N","1594 Q",1,-4,-1,"White Pumpkin",495.353189214236,"medium"
"587","2537-P",93,1083.94803364296,"CEEAK","Paris","California","France","Local Pumpkin Festival","1751 B","1473 W",382,1185,-7,"White Pumpkin",491.586409815399,"medium"
"588","2409-P",7,1081.85521603096,"PWIPN","Los Angeles","Texas","France","Local Pumpkin Festival","1164 G","1162 M",362,1075,-3,"Porcelain Doll",490.637286181843,"medium"
"589","2793-P",99,1057.37552670576,"SEQZV","Nottingham","Florida","UK","National Pumpkin Festival","1955 N","1146 J",366,1077,0,"Porcelain Doll",479.535386261114,"medium"
"590","2608-P",33,1043.27745879162,"CPJFM","Nottingham","Florida","France","Regional Pumpkin Festival","1580 T","1448 F",361,1028,7,"Hooligan",473.141704667402,"medium"
"591","2084-P",94,1038.21030293684,"IVAXZ","Paris","Texas","USA","National Pumpkin Festival","1736 U","1038 E",343,931,11,"Hooligan",470.84367480129,"medium"
"592","2093-P",47,1047.66822731681,"UMNMC","Houston","Florida","USA","Regional Pumpkin Festival","1780 C","1000 J",372,1124,-5,"Lady Godiva",475.132982910119,"medium"
"593","2929-P",52,1036.05540603586,"OPJSU","Chicago","California","UK","Regional Pumpkin Festival","1899 T","1756 K",384,1187,-17,"White Pumpkin",469.866397295173,"medium"
"594","2650-P",18,1037.98209961876,"NMSKJ","Houston","Florida","France","National Pumpkin Festival","1181 W","1593 W",367,1052,-1,"Hooligan",470.740181232999,"medium"
"595","2191-P",18,1018.73573076352,"QAEBF","Paris","Texas","UK","National Pumpkin Festival","1586 O","1502 P",360,1054,-4,"Hooligan",462.01166928051,"medium"
"596","2652-P",84,1010.72867260315,"TPBNW","New York","Florida","France","Local Pumpkin Festival","1784 W","1717 Z",4,0,-3,"Porcelain Doll",458.380350386914,"medium"
"597","2069-P",33,1016.8706906382,"WSEXS","Chicago","California","USA","Local Pumpkin Festival","1752 U","1563 F",357,1012,2,"Lady Godiva",461.165846094422,"medium"
"598","2869-P",36,1005.86064862181,"SSSRR","New York","Florida","USA","National Pumpkin Festival","1036 A","1265 U",354,936,12,"Porcelain Doll",456.172629760456,"medium"
"599","2946-P",37,1006.01011389494,"CGYDN","Houston","Texas","France","National Pumpkin Festival","1159 E","1084 P",356,1000,-5,"White Pumpkin",456.240414464825,"medium"
"600","2864-P",70,1001.47597916313,"GSCOG","Los Angeles","New York","France","National Pumpkin Festival","1522 H","1680 F",363,1070,-7,"Lady Godiva",454.184117534297,"medium"
"601","2842-P",63,991.865569807403,"SOJJX","Houston","Texas","USA","Regional Pumpkin Festival","1891 I","1840 J",368,1089,-7,"Lady Godiva",449.825655241453,"medium"
"602","2777-P",29,980.918217496946,"BQTHP","Houston","New York","France","National Pumpkin Festival","1356 C","1893 H",348,965,8,"Porcelain Doll",444.860869613128,"medium"
"603","2037-P",86,982.706051872112,"BSNNI","Houston","Florida","UK","Local Pumpkin Festival","1868 G","1638 C",339,885,6,"Porcelain Doll",445.671678853565,"medium"
"604","2419-P",11,981.872317001224,"FUCLY","Houston","Florida","USA","National Pumpkin Festival","1011 V","1873 S",359,991,4,"White Pumpkin",445.293567801008,"medium"
"605","2089-P",83,964.363017227501,"ACBBY","Paris","Texas","USA","Local Pumpkin Festival","1302 K","1339 A",367,1059,-11,"Lady Godiva",437.352842280046,"medium"
"606","2394-P",71,954.806906291284,"DDTZZ","Nottingham","Texas","France","Local Pumpkin Festival","1813 R","1939 G",-1,2,1,"Porcelain Doll",433.019005120764,"medium"
"607","2062-P",82,941.39755891636,"ZUCUA","Nottingham","California","USA","National Pumpkin Festival","1286 D","1564 V",360,1007,-7,"White Pumpkin",426.937668442794,"medium"
"608","2958-P",6,933.136394513212,"WXQJX","Chicago","Florida","USA","Local Pumpkin Festival","1707 F","1913 V",346,948,-1,"Lady Godiva",423.191108622772,"medium"
"609","2085-P",31,945.397680318914,"YNQCK","Los Angeles","California","USA","National Pumpkin Festival","1927 B","1615 S",367,1043,-9,"Lady Godiva",428.751782457558,"medium"
"610","2725-P",4,922.680078860372,"BXDOJ","Houston","Texas","USA","Local Pumpkin Festival","1597 M","1229 P",341,863,4,"Hooligan",418.449015356178,"medium"
"611","2292-P",42,921.990315390751,"ILTFC","New York","California","France","Regional Pumpkin Festival","1136 C","1948 Q",350,940,-2,"White Pumpkin",418.136197456123,"medium"
"612","2490-P",80,911.237431621179,"LLJDT","Nottingham","California","France","National Pumpkin Festival","1341 M","1979 B",335,819,15,"White Pumpkin",413.259606177405,"medium"
"613","2372-P",27,910.712075024843,"YLRVA","Chicago","New York","USA","National Pumpkin Festival","1112 I","1402 Y",345,887,6,"White Pumpkin",413.021349217616,"medium"
"614","2323-P",7,895.208442959189,"QZHUH","Houston","California","France","Local Pumpkin Festival","1876 K","1003 V",346,899,-4,"Lady Godiva",405.990223564258,"medium"
"615","2111-P",67,897.723224000074,"CXSBO","Paris","Texas","UK","National Pumpkin Festival","1957 M","1808 M",352,970,-12,"White Pumpkin",407.130713832233,"medium"
"616","2340-P",65,870.936368762515,"XCCSZ","Chicago","Texas","USA","Regional Pumpkin Festival","1079 O","1465 E",328,808,7,"Porcelain Doll",394.982480164406,"medium"
"617","2020-P",34,874.737646588124,"QJJVE","Houston","Florida","UK","Local Pumpkin Festival","1789 X","1603 L",332,836,0,"Hooligan",396.706415686224,"medium"
"618","2503-P",58,877.852828655392,"ASYOX","Houston","Florida","France","Local Pumpkin Festival","1464 Z","1033 N",356,986,-15,"White Pumpkin",398.119196669112,"medium"
"619","2619-P",28,861.975780257955,"LOHCN","New York","Texas","UK","National Pumpkin Festival","1809 G","1667 A",339,854,2,"White Pumpkin",390.918721205422,"medium"
"620","2265-P",66,872.928984761983,"GVWKH","Chicago","Texas","USA","Local Pumpkin Festival","1760 T","1313 L",331,790,10,"Porcelain Doll",395.886160889788,"medium"
"621","2678-P",15,872.453733937815,"HMBAK","Houston","Texas","UK","Local Pumpkin Festival","1252 J","1651 B",338,848,3,"Lady Godiva",395.670627636197,"medium"
"622","2341-P",35,860.504434797913,"JUODN","Chicago","New York","France","Local Pumpkin Festival","1570 K","1119 I",344,862,-2,"Hooligan",390.251444352795,"medium"
"623","2078-P",40,840.678178676404,"BJKBA","New York","Florida","France","National Pumpkin Festival","1321 N","1961 Q",333,795,3,"Hooligan",381.259944977961,"medium"
"624","2889-P",28,852.949144873768,"FAAOT","Houston","Florida","USA","Local Pumpkin Festival","1226 S","1646 G",367,1056,-21,"Lady Godiva",386.825009013047,"medium"
"625","2455-P",80,837.139250054024,"NZDIF","Houston","New York","UK","Local Pumpkin Festival","1030 G","1217 O",338,824,1,"Porcelain Doll",379.654988686632,"medium"
"626","2468-P",17,829.576015218161,"YZYGW","Nottingham","Florida","UK","National Pumpkin Festival","1617 U","1038 J",326,791,1,"Porcelain Doll",376.224950212318,"medium"
"627","2587-P",38,824.523104503751,"LKMYG","Nottingham","Texas","France","Regional Pumpkin Festival","1509 B","1028 T",322,763,7,"White Pumpkin",373.933380727325,"medium"
"628","2690-P",77,804.40176210925,"LGMAJ","Nottingham","Texas","USA","Regional Pumpkin Festival","1551 Q","1062 E",2,3,1,"White Pumpkin",364.808055378345,"medium"
"629","2691-P",75,806.265294902027,"EWQAA","Chicago","New York","UK","National Pumpkin Festival","1809 L","1775 Z",347,889,-3,"White Pumpkin",365.653194966906,"medium"
"630","2265-P",49,811.779250616208,"XRTRV","Chicago","Texas","UK","National Pumpkin Festival","1761 F","1119 V",311,672,22,"Hooligan",368.153855154743,"medium"
"631","2443-P",36,810.708252320066,"DTHZV","Houston","Texas","USA","National Pumpkin Festival","1699 A","1324 A",330,784,7,"White Pumpkin",367.668141641753,"medium"
"632","2633-P",24,801.618027766235,"URSQC","New York","New York","UK","Regional Pumpkin Festival","1570 M","1657 X",329,764,5,"White Pumpkin",363.545590823689,"medium"
"633","2374-P",94,799.077640875056,"IJTCQ","Los Angeles","Texas","France","Local Pumpkin Festival","1208 L","1211 N",333,820,-9,"Hooligan",362.393487925196,"medium"
"634","2952-P",17,783.19078335166,"UFBOO","New York","Florida","USA","National Pumpkin Festival","1296 U","1205 M",346,953,-20,"White Pumpkin",355.188563878304,"medium"
"635","2732-P",13,780.164209502749,"XJKDB","Houston","California","UK","Local Pumpkin Festival","1338 P","1736 J",328,756,6,"Lady Godiva",353.815968028458,"medium"
"636","2770-P",18,789.51486746408,"WDJUB","New York","Texas","UK","National Pumpkin Festival","1624 P","2000 B",-2,-2,-2,"Porcelain Doll",358.056629235411,"medium"
"637","2302-P",30,789.073667630553,"EYXJX","Los Angeles","New York","USA","Local Pumpkin Festival","1068 C","1551 V",326,772,3,"White Pumpkin",357.856538607961,"medium"
"638","2082-P",95,778.028159650974,"CYBOG","Houston","California","France","National Pumpkin Festival","1435 R","1740 E",-3,-5,-2,"White Pumpkin",352.84723793695,"medium"
"639","2582-P",1,780.195177681744,"ALBJH","New York","Florida","USA","National Pumpkin Festival","1460 C","1180 F",313,675,14,"White Pumpkin",353.830012554079,"medium"
"640","2208-P",43,781.459678154439,"MHQYX","Paris","Florida","France","National Pumpkin Festival","1797 S","1489 I",347,898,-18,"Lady Godiva",354.403482156208,"medium"
"641","2138-P",53,758.698126175441,"NMHSG","Los Angeles","Texas","France","National Pumpkin Festival","1773 I","1339 A",-5,-3,3,"Hooligan",344.080782846005,"medium"
"642","2448-P",90,755.146799193695,"XYQWX","New York","New York","UK","Local Pumpkin Festival","1839 E","1729 I",-2,-5,-5,"Porcelain Doll",342.470203715962,"medium"
"643","2028-P",93,747.852958667092,"YOJJN","New York","Texas","France","National Pumpkin Festival","1981 J","1045 I",340,871,-15,"Lady Godiva",339.162339531561,"medium"
"644","2241-P",48,751.946983993053,"XWAQP","Los Angeles","California","USA","National Pumpkin Festival","1273 C","1258 A",337,885,-13,"Lady Godiva",341.019040359661,"medium"
"645","2518-P",69,749.450898503885,"ZJXUL","Nottingham","California","USA","National Pumpkin Festival","1982 M","1382 V",325,740,2,"Hooligan",339.887028799948,"medium"
"646","2203-P",36,753.930426699482,"WEKLS","New York","Texas","UK","National Pumpkin Festival","1871 W","1926 K",335,839,-11,"Porcelain Doll",341.918560861443,"medium"
"647","2101-P",62,746.506159656681,"UGRSU","Houston","California","UK","Regional Pumpkin Festival","1832 A","1812 G",328,808,-8,"Porcelain Doll",338.551546329561,"medium"
"648","2062-P",39,739.946379205212,"IHIRI","Paris","New York","France","Local Pumpkin Festival","1920 U","1179 Z",325,743,-1,"Lady Godiva",335.576589208713,"medium"
"649","2984-P",95,735.542680543847,"BMNLZ","Chicago","California","France","National Pumpkin Festival","1053 M","1418 Z",332,845,-15,"Porcelain Doll",333.579446958661,"medium"
"650","2080-P",64,724.517290799879,"LZACA","Chicago","California","France","National Pumpkin Festival","1751 Q","1489 N",318,716,-3,"Hooligan",328.579270204027,"medium"
"651","2314-P",58,714.635565302521,"IYJDA","Chicago","California","USA","National Pumpkin Festival","1497 Y","1046 T",302,603,23,"Porcelain Doll",324.09776204196,"medium"
"652","2165-P",39,713.211411178112,"LHRUQ","New York","Florida","France","Local Pumpkin Festival","1736 J","1297 S",314,676,3,"Hooligan",323.451887155606,"medium"
"653","2697-P",34,686.398378092796,"GOVOB","Chicago","New York","USA","Regional Pumpkin Festival","1529 C","1310 V",310,650,1,"White Pumpkin",311.29178144798,"medium"
"654","2880-P",20,696.188550234958,"BLDHH","Chicago","California","France","National Pumpkin Festival","1838 T","1548 L",302,638,10,"Hooligan",315.73176881404,"medium"
"655","2152-P",100,672.812715332955,"PKMWA","New York","Florida","France","Regional Pumpkin Festival","1699 M","1302 N",308,629,6,"Hooligan",305.130483144197,"medium"
"656","2396-P",100,669.285745548084,"BVDDM","Nottingham","Texas","France","National Pumpkin Festival","1428 W","1947 I",299,583,9,"White Pumpkin",303.530950361943,"medium"
"657","2404-P",90,657.845616383478,"NTEXG","Los Angeles","Florida","USA","National Pumpkin Festival","1304 G","1292 P",4,4,5,"Lady Godiva",298.34268316711,"medium"
"658","2799-P",30,652.170993888006,"UDHPV","New York","Florida","France","Regional Pumpkin Festival","1187 R","1436 Y",305,627,4,"Porcelain Doll",295.769158225853,"medium"
"659","2036-P",77,656.336574636027,"WBVIA","Houston","Florida","France","Local Pumpkin Festival","1953 U","1497 I",309,675,1,"Lady Godiva",297.658310492529,"medium"
"660","2614-P",28,660.689194212668,"SQCVF","Chicago","Texas","USA","National Pumpkin Festival","1064 Z","1036 Q",306,643,1,"Lady Godiva",299.632287624793,"medium"
"661","2548-P",54,637.03085852135,"XONNH","Nottingham","New York","France","National Pumpkin Festival","1767 X","1146 S",309,639,-1,"Hooligan",288.902883683152,"medium"
"662","2176-P",75,616.027069983073,"MLPJI","Chicago","New York","UK","Regional Pumpkin Festival","1523 D","1467 D",300,625,1,"Porcelain Doll",279.377356001393,"medium"
"663","2304-P",90,619.879583047703,"PKQAL","Chicago","New York","UK","Regional Pumpkin Festival","1360 J","1768 I",273,479,30,"Hooligan",281.124527459276,"medium"
"664","2628-P",45,615.49713324476,"PFOQJ","Paris","New York","France","Local Pumpkin Festival","1023 R","1248 X",289,544,9,"Lady Godiva",279.13702187971,"medium"
"665","2749-P",39,611.536793833785,"ITSCH","New York","Texas","France","Local Pumpkin Festival","1446 T","1692 B",286,553,7,"White Pumpkin",277.340949584483,"medium"
"666","2070-P",66,597.967093276791,"GFXJE","Nottingham","Texas","UK","National Pumpkin Festival","1000 R","1316 V",300,632,-3,"Lady Godiva",271.186890374962,"medium"
"667","2908-P",68,614.121956247836,"YCTPG","Nottingham","Texas","France","Regional Pumpkin Festival","1659 Q","1321 G",289,558,8,"Porcelain Doll",278.513358842556,"medium"
"668","2933-P",79,597.196741242893,"EACHJ","New York","Texas","USA","Local Pumpkin Festival","1479 N","1139 J",316,687,-12,"Hooligan",270.837524373194,"medium"
"669","2206-P",74,591.377143536694,"TUCLF","Houston","California","UK","National Pumpkin Festival","1858 L","1153 P",303,589,-5,"White Pumpkin",268.19825103705,"medium"
"670","2445-P",67,593.185399406776,"XDPSK","New York","Florida","UK","Regional Pumpkin Festival","1490 Q","1075 U",301,584,2,"Porcelain Doll",269.018321726429,"medium"
"671","2224-P",34,591.483613017946,"STUME","New York","Texas","France","Regional Pumpkin Festival","1396 M","1110 X",288,564,10,"Porcelain Doll",268.246536516075,"medium"
"672","2392-P",30,588.790614215657,"UUMQZ","Nottingham","New York","USA","Regional Pumpkin Festival","1198 I","1981 Q",272,469,24,"Lady Godiva",267.025221866511,"medium"
"673","2239-P",10,586.618671332486,"VXISD","Nottingham","Florida","UK","National Pumpkin Festival","1810 O","1856 H",289,569,-2,"Porcelain Doll",266.040213756229,"medium"
"674","2807-P",49,592.810601210222,"SAVFT","Nottingham","Texas","UK","Regional Pumpkin Festival","1157 W","1518 Z",279,481,20,"Hooligan",268.848345220055,"medium"
"675","2601-P",80,592.354534854181,"MATSZ","Los Angeles","Texas","France","Regional Pumpkin Festival","1754 P","1164 Z",299,595,-6,"Porcelain Doll",268.641512405524,"medium"
"676","2464-P",75,588.232810080051,"WYGSS","Nottingham","Texas","USA","Regional Pumpkin Festival","1671 O","1456 O",296,557,6,"Porcelain Doll",266.772249469411,"medium"
"677","2919-P",7,581.235882696696,"VAWAU","Nottingham","New York","France","National Pumpkin Festival","1133 W","1245 N",-1,1,4,"Porcelain Doll",263.599039771744,"medium"
"678","2623-P",63,581.903856358305,"MOWYG","Chicago","Texas","UK","Local Pumpkin Festival","1113 X","1140 W",299,585,2,"Lady Godiva",263.901975672701,"medium"
"679","2222-P",81,572.275316600129,"FTEKO","Chicago","California","USA","Local Pumpkin Festival","1903 H","1333 F",319,695,-18,"Porcelain Doll",259.535290975115,"medium"
"680","2289-P",84,572.905018128455,"EIEMO","Nottingham","California","USA","Regional Pumpkin Festival","1915 C","1501 V",297,587,-2,"Lady Godiva",259.820869899526,"medium"
"681","2576-P",62,562.38934017811,"YDMVN","Nottingham","California","USA","Local Pumpkin Festival","1142 Z","1239 K",289,512,15,"Hooligan",255.051854956059,"medium"
"682","2886-P",80,578.306538566202,"HAWXX","Chicago","California","USA","Regional Pumpkin Festival","1782 F","1214 W",276,468,27,"Porcelain Doll",262.270539032291,"medium"
"683","2940-P",5,570.198482805863,"KWTNP","Nottingham","California","France","Regional Pumpkin Festival","1432 Y","1825 L",-4,2,-4,"Porcelain Doll",258.593416238487,"medium"
"684","2112-P",60,565.908969087899,"BQYYC","New York","Florida","France","National Pumpkin Festival","1799 Y","1826 D",292,545,2,"Hooligan",256.648058543265,"medium"
"685","2176-P",62,552.038239570335,"NCDLC","Nottingham","New York","USA","National Pumpkin Festival","1081 B","1560 P",292,531,5,"White Pumpkin",250.35747826319,"medium"
"686","2503-P",65,552.790068062022,"AVOLE","New York","New York","France","Regional Pumpkin Festival","1369 L","1931 T",279,480,13,"Porcelain Doll",250.698443565543,"medium"
"687","2080-P",72,560.890444199368,"HVQPP","Los Angeles","California","France","Regional Pumpkin Festival","1408 C","1962 Z",302,648,-15,"Lady Godiva",254.372083537129,"medium"
"688","2473-P",94,541.171849592589,"OZOQZ","Chicago","New York","France","Local Pumpkin Festival","1238 Y","1598 G",283,515,6,"White Pumpkin",245.429410246072,"medium"
"689","2777-P",66,530.713514614292,"IPBVJ","Nottingham","California","France","Regional Pumpkin Festival","1767 B","1684 K",296,593,-11,"Hooligan",240.68640118562,"medium"
"690","2268-P",62,528.521392221563,"LKENS","Nottingham","Texas","UK","National Pumpkin Festival","1538 D","1546 F",303,641,-14,"Hooligan",239.692241370323,"medium"
"691","2268-P",64,530.703897720203,"DPMNL","Paris","Florida","USA","Regional Pumpkin Festival","1306 N","1041 S",272,453,18,"Hooligan",240.682039782405,"medium"
"692","2850-P",26,525.667997196317,"LJJWT","Chicago","Florida","UK","National Pumpkin Festival","1873 D","2000 A",278,467,10,"Porcelain Doll",238.398184669531,"medium"
"693","2237-P",13,519.038276323117,"NAOYT","Nottingham","California","UK","National Pumpkin Festival","1748 L","1024 H",297,576,-11,"Lady Godiva",235.391508536561,"medium"
"694","2466-P",82,529.82317364011,"QKFJG","New York","New York","USA","Local Pumpkin Festival","1144 N","1078 Y",298,577,-13,"Porcelain Doll",240.282618430889,"medium"
"695","2813-P",69,525.00868073348,"VKYTH","Nottingham","Florida","France","Local Pumpkin Festival","1354 J","1498 O",285,498,-2,"White Pumpkin",238.099174935818,"medium"
"696","2781-P",54,505.734140159376,"MMNAI","Paris","Texas","USA","Local Pumpkin Festival","1272 O","1169 E",277,499,1,"Lady Godiva",229.357886693595,"medium"
"697","2142-P",68,513.96320908051,"IDDEQ","Houston","New York","UK","Regional Pumpkin Festival","1252 H","1266 M",284,502,6,"Porcelain Doll",233.08989073946,"medium"
"698","2325-P",60,505.929581928998,"BMLHX","Houston","New York","France","National Pumpkin Festival","1799 L","1041 X",279,509,-5,"Hooligan",229.446522416779,"medium"
"699","2314-P",42,516.089165861718,"LPNIO","Chicago","Florida","UK","National Pumpkin Festival","1914 V","1069 I",296,572,-11,"White Pumpkin",234.054043474702,"medium"
"700","2997-P",25,503.21488901414,"IDXSP","Chicago","New York","UK","National Pumpkin Festival","1044 S","1093 Y",270,442,14,"White Pumpkin",228.21536916741,"medium"
"701","2376-P",29,510.144331053086,"JEWXK","Paris","Texas","USA","National Pumpkin Festival","1018 F","1885 T",-1,5,-3,"White Pumpkin",231.357973266705,"medium"
"702","2181-P",23,482.419614762068,"CAGFO","Paris","Florida","USA","Regional Pumpkin Festival","1998 C","1350 Q",274,447,12,"White Pumpkin",218.784405787786,"medium"
"703","2911-P",92,478.697273007594,"USZIG","Los Angeles","Florida","France","National Pumpkin Festival","1763 R","1441 Z",299,596,-19,"Porcelain Doll",217.096268937684,"medium"
"704","2993-P",13,481.450904086642,"WEKTX","Paris","New York","USA","National Pumpkin Festival","1350 H","1296 X",-5,0,3,"Porcelain Doll",218.345081218432,"medium"
"705","2257-P",83,471.937105586752,"AQLFT","Chicago","Florida","France","National Pumpkin Festival","1635 N","1167 U",275,486,1,"Porcelain Doll",214.030433372677,"medium"
"706","2942-P",78,471.799865890108,"ORVVE","Chicago","Florida","USA","National Pumpkin Festival","1300 Z","1681 H",284,491,-4,"Porcelain Doll",213.968193147441,"medium"
"707","2292-P",5,467.723790460266,"VCDEO","Paris","Florida","UK","National Pumpkin Festival","1921 O","1667 C",284,494,-4,"Lady Godiva",212.119632861799,"medium"
"708","2211-P",95,467.490806942806,"IXJRW","New York","Florida","UK","Local Pumpkin Festival","1664 R","1737 T",276,491,-3,"Lady Godiva",212.013971402633,"medium"
"709","2702-P",5,459.066692632623,"QCGDW","Chicago","California","France","Regional Pumpkin Festival","1414 F","1168 Q",5,5,-2,"Porcelain Doll",208.193511398015,"medium"
"710","2773-P",14,452.55081821233,"ISOSZ","New York","California","France","Regional Pumpkin Festival","1990 M","1118 G",262,423,2,"Lady Godiva",205.238466309447,"medium"
"711","2904-P",91,453.99109810777,"HGMJZ","Los Angeles","Texas","UK","Regional Pumpkin Festival","1762 R","1266 Z",260,415,8,"Lady Godiva",205.891654470644,"medium"
"712","2034-P",79,459.775485015288,"KZGYU","Los Angeles","New York","France","National Pumpkin Festival","1752 T","1777 L",282,487,-10,"White Pumpkin",208.514959190607,"medium"
"713","2727-P",42,444.46087963786,"LGHMV","Los Angeles","Texas","UK","Regional Pumpkin Festival","1896 N","1437 H",270,451,-2,"Porcelain Doll",201.569559926467,"medium"
"714","2282-P",67,441.644117306918,"JJTQB","Chicago","Florida","UK","Local Pumpkin Festival","1390 X","1283 Y",270,471,-4,"Lady Godiva",200.29211669248,"medium"
"715","2597-P",19,417.328727707267,"RLPHL","Chicago","Texas","UK","Local Pumpkin Festival","1269 Q","1642 E",254,384,9,"Porcelain Doll",189.264729118942,"medium"
"716","2014-P",9,410.142386790365,"NZIVL","Paris","New York","France","National Pumpkin Festival","1237 Z","1487 B",267,408,1,"Hooligan",186.005617592002,"medium"
"717","2307-P",79,406.894855096377,"FXDLT","Chicago","Texas","UK","Local Pumpkin Festival","1134 J","1970 D",-1,5,4,"Lady Godiva",184.532814102665,"medium"
"718","2924-P",93,402.983000928536,"HQEEL","New York","California","France","National Pumpkin Festival","1447 A","1023 O",261,377,12,"Hooligan",182.758730579835,"medium"
"719","2473-P",97,393.955898950808,"UASFJ","New York","New York","USA","National Pumpkin Festival","1122 C","1236 D",258,400,0,"Hooligan",178.664806780412,"medium"
"720","2275-P",56,389.924225429073,"MVQFY","Paris","Florida","UK","National Pumpkin Festival","1421 B","1896 M",-4,-3,-4,"White Pumpkin",176.836383414546,"medium"
"721","2158-P",41,393.232985680923,"IFVWP","Los Angeles","Texas","UK","Regional Pumpkin Festival","1575 T","1207 W",258,389,2,"Lady Godiva",178.336954957335,"medium"
"722","2590-P",23,399.960729248822,"ZRUPL","Houston","Texas","France","Local Pumpkin Festival","1017 J","1489 Y",258,407,-3,"Hooligan",181.38808582713,"medium"
"723","2225-P",56,393.563693329692,"NIWIW","Paris","Florida","USA","Regional Pumpkin Festival","1054 I","1912 N",252,338,12,"Hooligan",178.486935750427,"medium"
"724","2554-P",47,379.515059124678,"ILGDD","Paris","Florida","UK","Local Pumpkin Festival","1862 T","1395 T",0,4,-4,"Hooligan",172.115673072416,"medium"
"725","2482-P",44,391.074999772012,"NFVJK","Paris","California","France","Local Pumpkin Festival","1423 K","1892 S",248,356,6,"Porcelain Doll",177.358276540595,"medium"
"726","2511-P",82,380.378023044206,"ZFORL","New York","California","UK","Regional Pumpkin Festival","1751 E","1218 F",-1,-2,4,"Porcelain Doll",172.507039929345,"medium"
"727","2148-P",34,382.612933787517,"UIDGQ","Houston","New York","France","Regional Pumpkin Festival","1069 K","1355 I",-1,-4,-5,"Porcelain Doll",173.520604892298,"medium"
"728","2882-P",44,372.324952008203,"HRUUG","Nottingham","New York","UK","Local Pumpkin Festival","1794 X","1433 Q",4,-1,-1,"Lady Godiva",168.854853518459,"medium"
"729","2537-P",44,380.88327091746,"ZVRQG","Chicago","New York","USA","National Pumpkin Festival","1958 H","1416 M",248,368,4,"Lady Godiva",172.73617728683,"medium"
"730","2988-P",27,369.264928933233,"SMOTE","New York","Texas","UK","Regional Pumpkin Festival","1601 Z","1404 R",257,371,3,"Hooligan",167.46708795158,"medium"
"731","2211-P",40,353.211787928827,"LZIXQ","Houston","California","France","Local Pumpkin Festival","1865 Q","1717 N",259,383,-4,"Hooligan",160.18675189516,"medium"
"732","2902-P",23,359.975864921696,"ZAXYX","Houston","New York","UK","National Pumpkin Festival","1780 B","1703 I",242,341,7,"Lady Godiva",163.254360508706,"medium"
"733","2338-P",25,345.136762553826,"YGHTC","Houston","Florida","USA","Regional Pumpkin Festival","1803 B","1649 Z",250,378,-10,"White Pumpkin",156.524608867948,"medium"
"734","2509-P",80,337.673301458359,"CGAJH","Chicago","Florida","USA","Regional Pumpkin Festival","1522 W","1272 B",237,314,2,"Lady Godiva",153.139819255491,"medium"
"735","2087-P",23,343.051588239893,"CRZAB","Paris","Texas","USA","National Pumpkin Festival","1562 H","1619 N",-2,5,-2,"Lady Godiva",155.578951582718,"medium"
"736","2157-P",17,319.621923206374,"PUERI","Los Angeles","Florida","France","Regional Pumpkin Festival","1416 Z","1993 S",246,318,6,"Porcelain Doll",144.953253154818,"medium"
"737","2004-P",2,313.639378999919,"PKLWO","Nottingham","California","France","Local Pumpkin Festival","1616 C","1289 E",244,342,0,"Porcelain Doll",142.240081179101,"medium"
"738","2269-P",48,306.187220810913,"FEEXM","Chicago","New York","France","National Pumpkin Festival","1669 F","1259 L",250,338,-10,"White Pumpkin",138.860417601321,"medium"
"739","2872-P",44,296.257796352543,"ASUNX","Nottingham","New York","UK","Local Pumpkin Festival","1960 O","1520 I",-4,3,-5,"Lady Godiva",134.357277257389,"medium"
"740","2328-P",47,307.942980351672,"QCKPG","Paris","Florida","USA","Local Pumpkin Festival","1321 T","1842 O",249,364,-16,"White Pumpkin",139.656680431597,"medium"
"741","2336-P",15,295.43046419695,"DLRCU","Los Angeles","Texas","France","Local Pumpkin Festival","1031 U","1711 O",242,301,-1,"White Pumpkin",133.98206993059,"medium"
"742","2634-P",12,288.314275659993,"PPSYI","Los Angeles","Florida","USA","Local Pumpkin Festival","1744 T","1527 X",243,324,-9,"Lady Godiva",130.754773541947,"medium"
"743","2859-P",58,298.577516372316,"ERGHT","Nottingham","Florida","UK","National Pumpkin Festival","1558 U","1063 H",233,298,-2,"White Pumpkin",135.409304477241,"medium"
"744","2899-P",11,282.918680031784,"RMWKX","Houston","Texas","France","Local Pumpkin Festival","1647 H","1570 Q",232,290,-7,"Porcelain Doll",128.307791397634,"medium"
"745","2175-P",35,292.521731116809,"GROQO","New York","New York","France","National Pumpkin Festival","1423 A","1271 J",4,5,2,"White Pumpkin",132.662916606263,"medium"
"746","2810-P",30,289.123577741533,"JGMQK","Houston","Texas","UK","Regional Pumpkin Festival","1591 E","1724 D",1,-4,5,"Lady Godiva",131.121803964414,"medium"
"747","2934-P",80,275.701277185045,"WJHVG","New York","Florida","UK","Local Pumpkin Festival","1996 Z","1096 Q",230,289,-4,"Hooligan",125.034592827685,"medium"
"748","2407-P",22,277.934842854738,"UKXLG","Chicago","Texas","France","National Pumpkin Festival","1470 E","1483 Y",221,253,9,"Lady Godiva",126.047547779927,"medium"
"749","2098-P",30,259.09171598684,"QUKKC","Los Angeles","New York","USA","Regional Pumpkin Festival","1253 H","1252 K",213,227,11,"Lady Godiva",117.501912012173,"medium"
"750","2686-P",18,258.272126577795,"QUANV","Paris","Florida","USA","Regional Pumpkin Festival","1443 V","1986 U",224,253,-5,"White Pumpkin",117.130216135054,"medium"
"751","2115-P",20,239.163038277067,"DSKQG","Houston","California","USA","Local Pumpkin Festival","1310 B","1905 V",-2,-5,5,"Lady Godiva",108.463962937445,"medium"
"752","2263-P",67,222.144820593297,"ZNBUA","Chicago","California","UK","Local Pumpkin Festival","1201 B","1710 B",227,249,-5,"White Pumpkin",100.745950382448,"medium"
"753","2451-P",20,223.790913903154,"UHDPM","Paris","Florida","USA","Regional Pumpkin Festival","1923 G","1972 R",211,220,8,"Lady Godiva",101.492477960614,"medium"
"754","2845-P",87,212.356403764337,"LMDAO","Houston","New York","USA","Local Pumpkin Festival","1362 X","1054 T",-1,3,2,"Lady Godiva",96.306759076797,"light"
"755","2540-P",91,217.401605389267,"AFRIV","Chicago","New York","USA","National Pumpkin Festival","1576 I","1625 Y",-3,-3,-3,"White Pumpkin",98.5948323760849,"light"
"756","2960-P",1,213.978061887436,"TGACE","Paris","Texas","USA","Regional Pumpkin Festival","1141 X","1179 E",217,222,-2,"Porcelain Doll",97.0422049376125,"light"
"757","2288-P",31,215.412919413336,"SJPLL","Chicago","Florida","USA","National Pumpkin Festival","1438 T","1738 Z",0,-4,-4,"Hooligan",97.6929339743019,"light"
"758","2939-P",25,206.075777717866,"QAAGA","New York","New York","France","Regional Pumpkin Festival","1522 D","1921 V",217,214,-11,"Porcelain Doll",93.4584025931365,"light"
"759","2756-P",90,202.037822542712,"SSRVW","Nottingham","Florida","USA","National Pumpkin Festival","1430 B","1425 E",215,218,-11,"Porcelain Doll",91.6271304048581,"light"
"760","2289-P",76,201.528434509411,"EACPJ","New York","Florida","USA","National Pumpkin Festival","1332 P","1994 L",196,158,16,"Lady Godiva",91.3961154237694,"light"
"761","2180-P",49,181.218305663206,"UISYJ","Los Angeles","New York","USA","Local Pumpkin Festival","1387 R","1361 K",212,211,-6,"White Pumpkin",82.1851726363745,"light"
"762","2368-P",35,183.154475130141,"GMCBF","Nottingham","California","USA","Local Pumpkin Festival","1325 Q","1628 C",0,-4,-2,"Hooligan",83.0632540272747,"light"
"763","2441-P",12,179.186251319014,"XQHXZ","Houston","Texas","UK","National Pumpkin Festival","1458 Y","1079 Z",190,162,7,"Hooligan",81.2636060403689,"light"
"764","2788-P",81,164.652517226525,"WEMAM","Paris","Florida","France","Local Pumpkin Festival","1800 G","1814 U",198,188,-8,"Hooligan",74.6723434133899,"light"
"765","2738-P",13,153.843495128676,"VGQBQ","Paris","Texas","USA","Local Pumpkin Festival","1239 Y","1883 I",185,156,4,"Hooligan",69.7702925753634,"light"
"766","2106-P",95,137.208606316708,"FHIFV","Paris","Florida","USA","Regional Pumpkin Festival","1520 G","1410 H",189,151,-10,"Hooligan",62.2261253136998,"light"
"767","2001-P",7,129.330756169744,"OCRKU","Los Angeles","Texas","France","Regional Pumpkin Festival","1603 C","1164 I",181,135,5,"Porcelain Doll",58.653404158614,"light"
"768","2600-P",18,134.701181638055,"VTRPU","Nottingham","California","France","Regional Pumpkin Festival","1957 Y","1432 J",183,141,-3,"White Pumpkin",61.0889712644238,"light"
"769","2147-P",88,132.564909969456,"VROEK","Los Angeles","New York","France","Local Pumpkin Festival","1847 B","1598 B",175,120,8,"Hooligan",60.1201405757172,"light"
"770","2085-P",2,113.307657913454,"QROZT","New York","California","USA","National Pumpkin Festival","1319 R","1183 E",4,4,4,"Lady Godiva",51.3866929312716,"light"
"771","2199-P",44,109.270720136352,"LBRXG","New York","Florida","UK","National Pumpkin Festival","1732 Z","1061 U",5,3,-3,"Lady Godiva",49.5558821480054,"light"
"772","2140-P",16,95.4528726870194,"SKKHM","Houston","Texas","France","Local Pumpkin Festival","1114 F","1457 S",158,94,6,"White Pumpkin",43.2892846653149,"light"
"773","2715-P",46,106.98125870619,"NZIYR","New York","New York","France","Regional Pumpkin Festival","1135 N","1909 Q",5,-2,5,"Porcelain Doll",48.5175776445305,"light"
"774","2685-P",36,91.9679549429566,"KLSCO","Houston","Florida","UK","Local Pumpkin Festival","1939 C","1961 N",-5,-5,3,"Hooligan",41.7088231033817,"light"
"775","2065-P",21,73.1965193096548,"TDJBC","Paris","Florida","France","National Pumpkin Festival","1981 B","1053 C",149,90,-14,"White Pumpkin",33.1957003671904,"light"
"776","2156-P",4,82.4445581687614,"DZCKE","Chicago","New York","UK","Local Pumpkin Festival","1960 Y","1453 S",149,84,-17,"Porcelain Doll",37.389822298758,"light"
"777","2432-P",79,72.5918697435409,"NFWSC","Chicago","Florida","France","National Pumpkin Festival","1998 R","1419 D",-3,-3,5,"Lady Godiva",32.9214828768893,"light"
"778","2642-P",47,53.6697507174686,"UQNNT","New York","California","UK","Regional Pumpkin Festival","1365 D","1505 V",138,69,-16,"Hooligan",24.3400230011195,"light"
"779","2364-P",23,37.9561654757708,"RNIYE","Paris","Texas","UK","Regional Pumpkin Festival","1305 U","1702 T",-4,5,-3,"Hooligan",17.2136804878779,"light"
"780","2635-P",61,49.5218074237928,"FARZP","New York","California","France","Local Pumpkin Festival","1562 V","1692 U",122,54,-25,"White Pumpkin",22.4588695799514,"light"
"781","2215-P",89,41.6032334524766,"LFDFO","Los Angeles","California","France","Regional Pumpkin Festival","1486 S","1753 E",1,0,-1,"Hooligan",18.8676795702842,"light"
"782","2934-P",28,199.718610916287,"FZALP","Los Angeles","New York","USA","National Pumpkin Festival","1919 A","1433 U",207,214,-1,"Hooligan",90.5753337488829,"light"
"783","2877-P",38,2037.66342773847,"VGTAT","Houston","New York","UK","Regional Pumpkin Festival","1396 K","1768 M",479,1993,-2,"White Pumpkin",924.110398067335,"heavy"
"784","2226-P",25,1803.11102941521,"AWPPF","Los Angeles","New York","UK","Regional Pumpkin Festival","1150 T","1172 T",430,1637,5,"Hooligan",817.737428306216,"heavy"
"785","2594-P",53,1741.96340354998,"QBZLK","Los Angeles","Florida","USA","Local Pumpkin Festival","1868 X","1479 C",422,1499,13,"Lady Godiva",790.006078707472,"heavy"
"786","2795-P",79,1725.17450542655,"JQIJZ","Nottingham","California","France","Regional Pumpkin Festival","1935 O","1157 C",448,1797,-3,"Lady Godiva",782.392065953083,"heavy"
"787","2866-P",74,1725.57740967721,"YZNQP","Nottingham","Texas","USA","Local Pumpkin Festival","1950 Y","1293 I",422,1582,10,"Hooligan",782.574788969255,"heavy"
"788","2753-P",96,1701.77240058873,"LXRVB","Houston","New York","France","National Pumpkin Festival","1038 C","1841 Y",453,1836,-11,"White Pumpkin",771.778866480149,"heavy"
"789","2329-P",26,1641.70566952359,"QFEDY","New York","California","USA","Regional Pumpkin Festival","1822 A","1493 I",412,1445,14,"White Pumpkin",744.537718604802,"heavy"
"790","2144-P",44,1631.26887791883,"ILNZI","Paris","California","France","National Pumpkin Festival","1942 I","1585 X",421,1528,12,"Porcelain Doll",739.804479781783,"heavy"
"791","2800-P",2,1639.65153446887,"MHQDT","Houston","Florida","USA","National Pumpkin Festival","1585 T","1950 P",414,1442,9,"Hooligan",743.606138081119,"heavy"
"792","2626-P",100,1624.00806669053,"BHYEG","Paris","Texas","France","National Pumpkin Festival","1868 Z","1013 U",437,1642,0,"Lady Godiva",736.511594870987,"heavy"
"793","2505-P",74,1607.2309557572,"NDBUR","Houston","Florida","USA","Local Pumpkin Festival","1666 N","1886 B",435,1672,-6,"Hooligan",728.902927781043,"heavy"
"794","2704-P",65,1597.30848003458,"YWPBI","Chicago","California","UK","Local Pumpkin Festival","1906 V","1088 W",419,1527,1,"White Pumpkin",724.402938791194,"heavy"
"795","2934-P",46,1577.41467381734,"IXYIK","Los Angeles","California","UK","Regional Pumpkin Festival","1777 I","1543 J",410,1424,16,"Hooligan",715.38080445231,"heavy"
"796","2787-P",13,1566.53815387748,"XEQUY","Houston","Texas","UK","Regional Pumpkin Festival","1950 T","1160 U",400,1325,21,"Porcelain Doll",710.448142348064,"heavy"
"797","2686-P",38,1536.36157597974,"YIYYS","New York","Texas","UK","Regional Pumpkin Festival","1397 M","1720 Z",3,1,4,"White Pumpkin",696.762619491945,"heavy"
"798","2463-P",86,1508.44448032416,"CLONJ","Nottingham","Florida","UK","Local Pumpkin Festival","1628 D","1769 G",403,1389,5,"White Pumpkin",684.101805135675,"heavy"
"799","2569-P",92,1516.8100020254,"GPCIX","Chicago","California","UK","Local Pumpkin Festival","1584 F","1974 M",413,1479,-2,"Porcelain Doll",687.895692528527,"heavy"
"800","2815-P",95,1488.95174957719,"BKDSA","Paris","Texas","USA","Regional Pumpkin Festival","1642 Q","1708 H",406,1376,7,"White Pumpkin",675.261564434098,"heavy"
"801","2979-P",80,1496.21989899967,"FEJSO","Nottingham","New York","UK","National Pumpkin Festival","1862 Q","1829 X",402,1381,11,"Hooligan",678.557777324113,"heavy"
"802","2455-P",28,1488.33041107375,"ZGIBC","Chicago","New York","France","National Pumpkin Festival","1826 R","1064 R",423,1539,-2,"Lady Godiva",674.97977826474,"heavy"
"803","2676-P",83,1478.18587028049,"DYSLY","Chicago","Texas","France","Regional Pumpkin Festival","1246 X","1512 O",416,1449,2,"Hooligan",670.379079492285,"heavy"
"804","2638-P",27,1468.20294441469,"GNQJV","Houston","New York","USA","Local Pumpkin Festival","1662 P","1421 R",384,1265,13,"Lady Godiva",665.851675471515,"heavy"
"805","2993-P",49,1461.33764396328,"BCALL","Chicago","Florida","USA","National Pumpkin Festival","1658 U","1442 U",405,1399,10,"White Pumpkin",662.738160527567,"heavy"
"806","2555-P",84,1468.49164111074,"VCOTE","Paris","New York","France","Local Pumpkin Festival","1329 A","1193 N",429,1570,-6,"Lady Godiva",665.98260367834,"heavy"
"807","2976-P",43,1457.24359418545,"BKUFI","Houston","California","UK","Local Pumpkin Festival","1685 F","1833 Q",404,1388,9,"White Pumpkin",660.881448610181,"heavy"
"808","2745-P",73,1451.55932131968,"QQZYB","New York","California","USA","Local Pumpkin Festival","1108 S","1619 R",412,1417,5,"Porcelain Doll",658.303547083757,"heavy"
"809","2522-P",34,1434.76082164291,"LAHLZ","Paris","California","UK","Local Pumpkin Festival","1378 M","1097 L",406,1424,5,"Hooligan",650.685179883407,"heavy"
"810","2089-P",50,1430.90025875531,"CCDJU","Los Angeles","California","France","Regional Pumpkin Festival","1825 C","1538 K",388,1244,14,"Hooligan",648.934357712159,"heavy"
"811","2705-P",36,1414.68629334122,"JKRMB","Chicago","Texas","USA","Local Pumpkin Festival","1209 M","1098 K",413,1479,1,"Lady Godiva",641.581085415519,"heavy"
"812","2729-P",41,1404.32098926511,"QJVHS","Houston","California","France","Local Pumpkin Festival","1323 N","1503 Q",409,1393,-3,"White Pumpkin",636.880267240411,"heavy"
"813","2559-P",22,1400.98165073153,"HZVGA","Nottingham","California","UK","Local Pumpkin Festival","1628 Z","1968 N",390,1299,3,"Porcelain Doll",635.365827996157,"heavy"
"814","2524-P",80,1412.27172462828,"ZAWRC","Houston","California","USA","Regional Pumpkin Festival","1080 C","1356 S",403,1351,9,"White Pumpkin",640.486042915322,"heavy"
"815","2889-P",73,1409.96506929304,"DOJZL","Chicago","California","UK","Local Pumpkin Festival","1663 E","1995 P",395,1274,13,"White Pumpkin",639.439940722469,"heavy"
"816","2270-P",63,1396.20535819698,"GZNOX","Los Angeles","California","USA","Local Pumpkin Festival","1299 D","1579 H",399,1346,8,"Porcelain Doll",633.199708932871,"heavy"
"817","2444-P",67,1404.20365217328,"CLWXE","Los Angeles","California","USA","Regional Pumpkin Festival","1782 V","1676 E",387,1229,12,"White Pumpkin",636.82705313981,"heavy"
"818","2636-P",6,1394.87338472437,"ZWJBN","New York","New York","France","Local Pumpkin Festival","1471 Z","1465 I",390,1280,4,"Porcelain Doll",632.595639330781,"heavy"
"819","2929-P",61,1395.66490009241,"MYYKH","Los Angeles","Florida","UK","Local Pumpkin Festival","1312 L","1028 U",405,1377,4,"White Pumpkin",632.954603216512,"heavy"
"820","2970-P",96,1332.3022266496,"NBGMR","Paris","New York","France","Regional Pumpkin Festival","1835 C","1447 B",387,1259,4,"Lady Godiva",604.218696893241,"heavy"
"821","2638-P",41,1329.21168604586,"KMUCZ","New York","New York","USA","Local Pumpkin Festival","1437 H","1755 N",393,1263,5,"Porcelain Doll",602.817091177262,"heavy"
"822","2276-P",27,1324.69244487565,"ENSRH","Nottingham","Texas","UK","Local Pumpkin Festival","1214 N","1452 H",373,1133,15,"White Pumpkin",600.76754869644,"heavy"
"823","2922-P",34,1322.82399302721,"NXVJF","Los Angeles","Florida","USA","National Pumpkin Festival","1584 D","1970 E",386,1240,3,"Hooligan",599.920178243633,"heavy"
"824","2262-P",85,1325.94888910186,"BREBD","Los Angeles","New York","UK","National Pumpkin Festival","1019 N","1026 K",384,1231,12,"Hooligan",601.337364672043,"heavy"
"825","2836-P",28,1330.21475315839,"ZOVMB","New York","Texas","France","Local Pumpkin Festival","1233 O","1853 N",397,1355,0,"Lady Godiva",603.271996897229,"heavy"
"826","2771-P",1,1309.3461143095,"LPCQX","New York","Texas","France","National Pumpkin Festival","1894 J","1656 W",397,1352,-4,"White Pumpkin",593.807761591612,"heavy"
"827","2599-P",100,1303.07672249991,"ZUJXY","Los Angeles","New York","UK","National Pumpkin Festival","1689 C","1692 L",5,-2,-5,"Lady Godiva",590.964499999961,"heavy"
"828","2961-P",72,1288.25962169562,"OFMMI","Nottingham","New York","USA","Local Pumpkin Festival","1968 P","1754 C",395,1299,5,"Lady Godiva",584.244726392569,"heavy"
"829","2559-P",98,1294.31332234666,"JEEKS","Paris","Florida","UK","National Pumpkin Festival","1596 K","1845 D",412,1409,-3,"Hooligan",586.990168864697,"heavy"
"830","2862-P",100,1302.71368870698,"MFCGE","Paris","California","USA","Local Pumpkin Festival","1370 P","1723 Y",399,1359,-10,"White Pumpkin",590.799858824027,"heavy"
"831","2170-P",3,1284.95619782619,"XEUNX","Paris","Florida","France","National Pumpkin Festival","1448 D","1984 T",412,1439,-11,"Lady Godiva",582.746574977865,"heavy"
"832","2679-P",96,1268.34732466936,"GNVMS","Houston","Texas","UK","Local Pumpkin Festival","1425 B","1302 K",398,1299,-2,"Porcelain Doll",575.214206199257,"heavy"
"833","2677-P",13,1252.29635187797,"WOOCC","Houston","Texas","USA","Local Pumpkin Festival","1443 E","1763 Z",383,1208,8,"Lady Godiva",567.934853459398,"heavy"
"834","2176-P",69,1256.5822002599,"IREKB","Paris","California","UK","Local Pumpkin Festival","1789 K","1508 E",367,1124,15,"Hooligan",569.878548870704,"heavy"
"835","2346-P",70,1236.49844970088,"YCTRT","Los Angeles","California","UK","National Pumpkin Festival","1663 G","1826 P",370,1083,14,"White Pumpkin",560.77027197319,"heavy"
"836","2228-P",19,1223.47426314,"SHJZJ","Los Angeles","Florida","UK","Local Pumpkin Festival","1765 J","1866 N",361,993,28,"Hooligan",554.863611401361,"heavy"
"837","2809-P",5,1222.6921833083,"WMGJR","Nottingham","Florida","France","National Pumpkin Festival","1177 H","1608 S",387,1266,-7,"White Pumpkin",554.508926670432,"heavy"
"838","2470-P",18,1217.66020238865,"GIMWS","Los Angeles","Texas","UK","National Pumpkin Festival","1127 C","1673 X",383,1231,0,"Lady Godiva",552.226849155851,"heavy"
"839","2356-P",53,1203.28111158963,"LZRLS","New York","California","UK","Regional Pumpkin Festival","1075 L","1559 N",360,1030,15,"Hooligan",545.705719541784,"heavy"
"840","2417-P",40,1208.16715828441,"GQTFY","Chicago","Florida","USA","Local Pumpkin Festival","1875 T","1443 Z",376,1121,3,"Hooligan",547.921613734427,"heavy"
"841","2340-P",75,1185.9578323504,"JNSQL","Nottingham","Texas","UK","Regional Pumpkin Festival","1225 D","1492 D",376,1168,0,"Porcelain Doll",537.849357075009,"heavy"
"842","2981-P",64,1196.89821754023,"WBNCJ","Nottingham","New York","USA","Regional Pumpkin Festival","1698 Q","1610 Z",379,1157,0,"White Pumpkin",542.810983011444,"heavy"
"843","2523-P",38,1186.03642486501,"RKUOX","Chicago","California","UK","Local Pumpkin Festival","1958 I","1446 H",382,1201,-2,"White Pumpkin",537.884999938782,"heavy"
"844","2172-P",93,1188.11312141232,"FYQBI","New York","Texas","UK","National Pumpkin Festival","1212 R","1967 T",377,1137,8,"White Pumpkin",538.826812431892,"heavy"
"845","2200-P",58,1192.79146244489,"MVOKW","New York","New York","USA","Local Pumpkin Festival","1753 E","1685 L",371,1078,5,"Porcelain Doll",540.9485090453,"heavy"
"846","2631-P",84,1184.90007880144,"COSKY","Nottingham","Florida","UK","Regional Pumpkin Festival","1492 M","1142 Q",373,1146,8,"Porcelain Doll",537.369650250085,"heavy"
"847","2315-P",78,1169.81383804884,"FOGZT","Nottingham","Texas","USA","Regional Pumpkin Festival","1058 H","1201 L",-1,-3,-3,"Lady Godiva",530.527817709224,"heavy"
"848","2245-P",44,1170.91553503182,"FTWSE","Houston","Texas","UK","Local Pumpkin Festival","1202 X","1811 Y",378,1127,6,"Lady Godiva",531.027453529169,"heavy"
"849","2883-P",12,1157.46075807605,"TJACO","Houston","Florida","France","Local Pumpkin Festival","1558 E","1168 A",-5,-4,-4,"Lady Godiva",524.925513866689,"heavy"
"850","2107-P",70,1147.69986648578,"VAXKD","Nottingham","California","UK","National Pumpkin Festival","1082 B","1851 L",369,1134,4,"Hooligan",520.498805662486,"heavy"
"851","2737-P",49,1148.35394711141,"WCGPW","Houston","California","France","National Pumpkin Festival","1640 V","1762 V",371,1115,4,"Hooligan",520.795440866851,"heavy"
"852","2339-P",70,1157.48037933558,"UDRMI","Los Angeles","Florida","USA","National Pumpkin Festival","1553 V","1542 E",362,1018,9,"Lady Godiva",524.934412397089,"heavy"
"853","2278-P",35,1159.39439872093,"TDPNE","New York","Florida","UK","Regional Pumpkin Festival","1743 E","1016 L",362,1085,12,"White Pumpkin",525.802448399517,"heavy"
"854","2025-P",25,1142.92348852474,"ZABVK","New York","Florida","UK","National Pumpkin Festival","1972 S","1231 W",374,1117,0,"White Pumpkin",518.332647857026,"heavy"
"855","2668-P",93,1150.04086076841,"INNEU","New York","California","France","National Pumpkin Festival","1871 B","1387 C",372,1141,-4,"Hooligan",521.560481074108,"heavy"
"856","2851-P",76,1136.27805510629,"IZAVG","Houston","New York","France","Local Pumpkin Festival","1388 W","1508 V",358,969,14,"White Pumpkin",515.318845853193,"heavy"
"857","2207-P",28,1137.50144749507,"BDOCV","New York","New York","UK","National Pumpkin Festival","1986 K","1403 D",379,1161,1,"Lady Godiva",515.873672333366,"heavy"
"858","2569-P",37,1135.88821436502,"VLXIM","Chicago","Florida","USA","National Pumpkin Festival","1342 R","1838 Q",370,1149,0,"Porcelain Doll",515.142047331075,"heavy"
"859","2514-P",99,1132.68894200958,"BSZDT","Nottingham","New York","France","Local Pumpkin Festival","1164 O","1955 M",370,1128,-3,"Porcelain Doll",513.691130163076,"heavy"
"860","2023-P",80,1132.81478467677,"QKCIB","Chicago","Florida","USA","Local Pumpkin Festival","1784 W","1275 O",-2,-2,3,"White Pumpkin",513.748201667468,"heavy"
"861","2227-P",14,1132.02882269491,"BUOOF","Nottingham","New York","USA","National Pumpkin Festival","1280 J","1769 R",377,1191,0,"Porcelain Doll",513.39175632422,"heavy"
"862","2649-P",54,1120.68380812742,"RFPPP","New York","Texas","UK","National Pumpkin Festival","1962 Q","1797 G",384,1174,-8,"Porcelain Doll",508.246625001097,"heavy"
"863","2761-P",39,1114.99501313344,"TKUVE","Chicago","Texas","USA","National Pumpkin Festival","1804 Y","1696 R",389,1243,-16,"Hooligan",505.666672622874,"heavy"
"864","2332-P",5,1094.46122650988,"IZPYK","Nottingham","Texas","France","National Pumpkin Festival","1689 I","1559 I",365,1039,9,"Porcelain Doll",496.354297736909,"medium"
"865","2603-P",70,1105.63346322533,"NQFHE","New York","New York","USA","National Pumpkin Festival","1510 G","1742 M",373,1114,4,"Hooligan",501.421071757518,"heavy"
"866","2493-P",83,1096.24376647919,"UEZKC","Los Angeles","Texas","France","Regional Pumpkin Festival","1703 O","1971 F",366,1034,5,"White Pumpkin",497.162705886256,"medium"
"867","2172-P",10,1081.99464922678,"LSSYW","Houston","Florida","USA","Regional Pumpkin Festival","1201 J","1625 D",330,767,39,"Lady Godiva",490.700521191282,"medium"
"868","2883-P",10,1083.6553898761,"HHWKF","Paris","California","France","National Pumpkin Festival","1119 F","1214 Z",378,1134,0,"Hooligan",491.453691553789,"medium"
"869","2735-P",76,1078.76185401995,"DVWXP","Chicago","Texas","USA","Regional Pumpkin Festival","1648 A","1954 X",374,1172,-11,"White Pumpkin",489.234400916076,"medium"
"870","2213-P",1,1067.43505106308,"GWDQW","Paris","Florida","USA","National Pumpkin Festival","1825 M","1002 X",371,1144,-3,"Lady Godiva",484.097528826792,"medium"
"871","2366-P",24,1072.23030502722,"KAJZA","New York","Texas","UK","Regional Pumpkin Festival","1361 E","1817 P",370,1134,0,"Porcelain Doll",486.272247177876,"medium"
"872","2541-P",90,1040.90480469912,"IEIIT","Paris","Texas","UK","Local Pumpkin Festival","1370 E","1504 O",-2,-1,1,"Hooligan",472.065671065362,"medium"
"873","2309-P",52,1055.44266885519,"ZCRWW","Paris","New York","France","Local Pumpkin Festival","1676 F","1549 H",372,1157,-10,"Porcelain Doll",478.658806737048,"medium"
"874","2925-P",7,1044.42408041749,"WLOLI","Paris","New York","USA","Local Pumpkin Festival","1161 J","1162 U",370,1112,-6,"White Pumpkin",473.661714475053,"medium"
"875","2701-P",99,1045.28228744864,"PZPZI","Chicago","California","UK","National Pumpkin Festival","1669 E","1679 L",368,1047,0,"Hooligan",474.050924012991,"medium"
"876","2223-P",60,1037.05612376705,"VGKYH","New York","New York","France","Regional Pumpkin Festival","1279 R","1359 K",351,938,15,"Porcelain Doll",470.320237536076,"medium"
"877","2632-P",46,1035.47173035916,"KANSJ","Chicago","California","UK","Regional Pumpkin Festival","1899 S","1776 L",-2,-4,-1,"Porcelain Doll",469.601691772861,"medium"
"878","2137-P",66,1021.7574600894,"JRSBC","Paris","New York","France","Local Pumpkin Festival","1033 E","1632 K",-3,-1,2,"Porcelain Doll",463.382068067755,"medium"
"879","2385-P",54,1020.71251378674,"RYASO","Paris","Texas","France","Regional Pumpkin Festival","1922 S","1776 E",351,909,7,"Lady Godiva",462.908169517796,"medium"
"880","2258-P",57,1017.49286312703,"DTIJW","Los Angeles","California","France","Local Pumpkin Festival","1589 E","1470 P",366,1048,-2,"White Pumpkin",461.448010488449,"medium"
"881","2588-P",18,1016.06390396375,"HQYUI","Paris","Florida","USA","National Pumpkin Festival","1358 J","1843 E",2,5,3,"Hooligan",460.799956446146,"medium"
"882","2610-P",73,1000.49011163972,"GJAQD","New York","California","USA","Local Pumpkin Festival","1515 D","1756 X",345,927,11,"Hooligan",453.737012081507,"medium"
"883","2895-P",45,1006.85999439284,"UZXHL","Nottingham","New York","UK","Regional Pumpkin Festival","1142 L","1961 C",367,1117,-10,"Hooligan",456.625847797207,"medium"
"884","2022-P",8,981.738482167013,"GFTPA","Paris","Texas","France","Regional Pumpkin Festival","1896 B","1434 L",344,864,10,"Porcelain Doll",445.232871731072,"medium"
"885","2852-P",67,985.851588191465,"DWQQN","Nottingham","Florida","USA","Local Pumpkin Festival","1607 R","1756 I",342,876,9,"White Pumpkin",447.098225937172,"medium"
"886","2412-P",82,974.037595774047,"BIKJH","Houston","New York","France","Regional Pumpkin Festival","1208 E","1914 H",353,1006,-1,"Porcelain Doll",441.740406246733,"medium"
"887","2285-P",55,978.113492931239,"RIUSJ","Los Angeles","Florida","USA","Regional Pumpkin Festival","1384 P","1433 P",339,886,9,"Hooligan",443.588885683102,"medium"
"888","2886-P",66,968.488125034608,"TKKZK","Paris","California","France","Regional Pumpkin Festival","1537 Y","1391 B",340,876,15,"Porcelain Doll",439.223639471477,"medium"
"889","2691-P",72,959.513529063575,"HFEZA","Paris","Florida","France","Local Pumpkin Festival","1318 I","1237 G",367,1068,-8,"Hooligan",435.153527919989,"medium"
"890","2428-P",15,950.307145823725,"BJWQF","Paris","Florida","France","Local Pumpkin Festival","1545 H","1505 U",359,1020,-5,"Porcelain Doll",430.978297425725,"medium"
"891","2567-P",93,953.80904679466,"SIKME","Los Angeles","California","France","National Pumpkin Festival","1773 M","1114 Y",357,959,-3,"White Pumpkin",432.566461131365,"medium"
"892","2365-P",50,964.031445654109,"NSVNH","New York","Florida","France","National Pumpkin Festival","1177 D","1393 F",335,832,19,"Hooligan",437.202469684403,"medium"
"893","2640-P",73,962.861322966404,"XFPXA","Los Angeles","Florida","USA","Local Pumpkin Festival","1917 F","1391 J",374,1142,-15,"Hooligan",436.671801798823,"medium"
"894","2734-P",3,959.765034452081,"UGMSV","Los Angeles","Florida","UK","National Pumpkin Festival","1291 G","1343 I",349,938,6,"White Pumpkin",435.267589320672,"medium"
"895","2395-P",17,944.285128886811,"PKRNY","Chicago","Texas","UK","Regional Pumpkin Festival","1314 V","1202 Y",336,877,8,"Hooligan",428.247223984949,"medium"
"896","2033-P",21,937.491243720986,"PGOZX","Nottingham","California","France","Local Pumpkin Festival","1500 B","1768 X",-1,3,-5,"Hooligan",425.166096925617,"medium"
"897","2060-P",97,942.191297698766,"ZLBMW","Chicago","New York","UK","Regional Pumpkin Festival","1840 D","1044 F",344,933,0,"Hooligan",427.297640679712,"medium"
"898","2443-P",20,930.469689027406,"CKYPC","Houston","Texas","USA","Local Pumpkin Festival","1919 Q","1790 A",352,974,-9,"White Pumpkin",421.981718379776,"medium"
"899","2782-P",5,929.878920318559,"DQVST","Chicago","Texas","USA","Local Pumpkin Festival","1910 O","1016 D",343,883,7,"Porcelain Doll",421.713796062838,"medium"
"900","2857-P",26,932.30776217524,"SVYNW","Nottingham","New York","UK","National Pumpkin Festival","1791 E","1339 S",342,917,5,"Porcelain Doll",422.8153116441,"medium"
"901","2075-P",70,930.248615234159,"DXHMH","New York","Florida","France","Local Pumpkin Festival","1325 H","1676 G",333,823,9,"Lady Godiva",421.881458156081,"medium"
"902","2673-P",36,903.250919093378,"PJGLP","Chicago","Florida","France","Local Pumpkin Festival","1055 S","1955 Z",344,902,-5,"White Pumpkin",409.63760503101,"medium"
"903","2951-P",21,882.136793891154,"LTYWB","Los Angeles","California","UK","Local Pumpkin Festival","1062 O","1042 Y",-4,-4,4,"Hooligan",400.062038045875,"medium"
"904","2471-P",1,879.032361902297,"ZLDTQ","New York","Texas","France","National Pumpkin Festival","1157 S","1389 F",328,805,5,"White Pumpkin",398.654132381994,"medium"
"905","2735-P",88,860.157936793752,"TEWNE","Nottingham","Florida","France","Regional Pumpkin Festival","1007 J","1729 H",332,828,4,"Lady Godiva",390.094302400795,"medium"
"906","2821-P",15,863.288987877779,"TYSON","Los Angeles","Florida","UK","National Pumpkin Festival","1811 U","1992 Y",338,868,2,"Lady Godiva",391.51428021668,"medium"
"907","2228-P",24,865.814724349417,"TKRRM","New York","California","USA","Local Pumpkin Festival","1124 N","1789 U",326,784,12,"Hooligan",392.659738933976,"medium"
"908","2836-P",42,860.608328243718,"PTQVR","New York","Florida","UK","National Pumpkin Festival","1451 Y","1488 J",341,855,-3,"White Pumpkin",390.298561561777,"medium"
"909","2858-P",25,847.099208869971,"VQLQD","Paris","Florida","France","Regional Pumpkin Festival","1751 L","1923 P",336,841,0,"Lady Godiva",384.171976811778,"medium"
"910","2842-P",72,828.030854425393,"SVVEV","Los Angeles","New York","UK","Regional Pumpkin Festival","1160 X","1654 F",312,714,10,"White Pumpkin",375.524197018319,"medium"
"911","2812-P",54,816.98395333346,"PQBRY","Houston","New York","USA","National Pumpkin Festival","1977 S","1143 M",317,726,13,"Hooligan",370.514264550322,"medium"
"912","2488-P",48,819.66323491279,"GOOBW","Nottingham","Florida","UK","Local Pumpkin Festival","1340 B","1534 F",326,779,6,"Lady Godiva",371.729358237093,"medium"
"913","2509-P",82,803.254930718802,"HDOUZ","Los Angeles","Texas","UK","Local Pumpkin Festival","1117 R","1140 I",0,3,-3,"Lady Godiva",364.287950439366,"medium"
"914","2244-P",50,804.501928759739,"OYCLO","Los Angeles","New York","France","Regional Pumpkin Festival","1808 V","1233 N",323,725,7,"Hooligan",364.853482430721,"medium"
"915","2161-P",76,785.234317291528,"HOHIW","Nottingham","Florida","UK","Local Pumpkin Festival","1351 T","1872 L",-4,2,2,"Hooligan",356.115336640149,"medium"
"916","2595-P",1,791.258589706384,"BGAUK","Los Angeles","Texas","USA","National Pumpkin Festival","1267 X","1565 M",342,878,-14,"White Pumpkin",358.847432973417,"medium"
"917","2635-P",42,790.742520194687,"FYUNX","Chicago","Florida","UK","National Pumpkin Festival","1136 V","1946 A",327,766,8,"Porcelain Doll",358.613387843395,"medium"
"918","2539-P",79,792.68935211841,"FXSEZ","Houston","Florida","France","Local Pumpkin Festival","1319 B","1195 K",333,804,-2,"Porcelain Doll",359.496304815606,"medium"
"919","2886-P",21,787.988726293668,"SBWER","Houston","California","USA","Regional Pumpkin Festival","1600 T","1675 B",339,840,-4,"Hooligan",357.364501720484,"medium"
"920","2302-P",25,769.013762069121,"AYBYY","New York","Texas","France","National Pumpkin Festival","1087 I","1627 J",327,796,2,"Porcelain Doll",348.759075768309,"medium"
"921","2949-P",84,774.078282057866,"WAFLE","Houston","California","USA","Local Pumpkin Festival","1030 E","1460 Z",341,876,-14,"Porcelain Doll",351.055910230325,"medium"
"922","2718-P",96,761.530171453021,"LDVOD","Paris","New York","USA","Regional Pumpkin Festival","1293 P","1909 A",323,763,0,"Hooligan",345.365157121552,"medium"
"923","2898-P",68,750.836610100232,"WUHOT","New York","New York","UK","Regional Pumpkin Festival","1723 N","1558 O",5,-1,-4,"Porcelain Doll",340.515469433212,"medium"
"924","2628-P",96,754.856060420163,"HXLHC","Chicago","Texas","France","National Pumpkin Festival","1358 L","1045 H",325,766,-2,"White Pumpkin",342.338349396899,"medium"
"925","2791-P",76,766.481403117999,"BYLXW","Los Angeles","Texas","France","Local Pumpkin Festival","1053 G","1608 H",329,765,1,"Hooligan",347.610613658957,"medium"
"926","2513-P",23,746.337744900957,"HUXUJ","Nottingham","Florida","USA","National Pumpkin Festival","1541 P","1735 L",316,704,11,"Porcelain Doll",338.475167755536,"medium"
"927","2532-P",95,746.486963422596,"THEIZ","Chicago","Florida","UK","Local Pumpkin Festival","1078 H","1790 W",318,716,5,"Hooligan",338.542840554465,"medium"
"928","2211-P",37,747.250390631147,"WNREP","Nottingham","Florida","USA","Regional Pumpkin Festival","1975 E","1021 G",315,702,5,"Lady Godiva",338.889066045872,"medium"
"929","2639-P",57,734.618021027185,"ZOOYI","Paris","California","France","Local Pumpkin Festival","1913 V","1035 L",323,774,-8,"White Pumpkin",333.160100239086,"medium"
"930","2187-P",65,722.217108617537,"RRFKF","Chicago","California","USA","Local Pumpkin Festival","1517 J","1905 S",4,-4,2,"Porcelain Doll",327.536103681423,"medium"
"931","2847-P",79,722.754859446548,"YBZWX","Houston","California","France","National Pumpkin Festival","1851 W","1138 L",-2,1,-1,"Lady Godiva",327.779981608412,"medium"
"932","2971-P",81,734.53015234042,"XTQSD","Nottingham","California","USA","Local Pumpkin Festival","1318 I","1910 K",316,727,5,"Hooligan",333.120250494521,"medium"
"933","2585-P",26,724.764476382174,"XFAKL","New York","New York","UK","Regional Pumpkin Festival","1379 P","1039 O",312,709,5,"Lady Godiva",328.691372508922,"medium"
"934","2655-P",81,730.904946828261,"JYEJK","Nottingham","New York","UK","National Pumpkin Festival","1777 Q","1827 D",325,755,-5,"Porcelain Doll",331.476166362023,"medium"
"935","2973-P",9,710.803691268899,"GOBFR","Nottingham","California","USA","Local Pumpkin Festival","1007 O","1027 Q",329,755,-4,"Porcelain Doll",322.359950688843,"medium"
"936","2102-P",75,713.410622036085,"SZZJR","Chicago","California","France","Local Pumpkin Festival","1195 P","1189 G",-2,2,4,"Porcelain Doll",323.542232215911,"medium"
"937","2366-P",5,705.989053547382,"KMYSL","Paris","Texas","USA","National Pumpkin Festival","1856 T","1728 I",5,0,-2,"Porcelain Doll",320.176441518087,"medium"
"938","2994-P",85,711.989647595212,"GTMMP","Paris","California","UK","National Pumpkin Festival","1698 K","1916 X",324,725,3,"Lady Godiva",322.897799362908,"medium"
"939","2333-P",69,707.753829620779,"CAZGY","Los Angeles","Texas","France","National Pumpkin Festival","1190 Y","1168 B",331,785,-14,"Lady Godiva",320.976793478811,"medium"
"940","2373-P",18,714.832671827637,"QMLJB","New York","Texas","USA","Regional Pumpkin Festival","1481 L","1447 G",316,721,-6,"Lady Godiva",324.187152756298,"medium"
"941","2801-P",2,701.71928814631,"VOTJC","Los Angeles","Florida","UK","National Pumpkin Festival","1305 Q","1188 T",-4,5,-3,"White Pumpkin",318.240039975651,"medium"
"942","2692-P",92,704.692420661822,"DNAQN","Nottingham","Florida","France","National Pumpkin Festival","1299 A","1409 B",-5,-4,1,"Lady Godiva",319.588399393117,"medium"
"943","2262-P",9,708.917256212421,"MLAAX","Paris","California","France","Local Pumpkin Festival","1070 T","1660 B",1,2,-5,"Porcelain Doll",321.504424586132,"medium"
"944","2812-P",12,697.472759064287,"VWUPI","Paris","New York","UK","Regional Pumpkin Festival","1326 C","1603 O",306,672,8,"Hooligan",316.314176446389,"medium"
"945","2684-P",88,702.102639839984,"WFZQF","Paris","New York","France","Local Pumpkin Festival","1061 A","1969 G",324,793,-8,"Lady Godiva",318.413895619041,"medium"
"946","2162-P",22,683.62594653666,"HKSCV","Nottingham","New York","USA","Regional Pumpkin Festival","1246 Q","1003 O",308,627,10,"Lady Godiva",310.034442873769,"medium"
"947","2817-P",26,697.763469656929,"VFTAM","Chicago","California","France","Local Pumpkin Festival","1452 S","1523 Q",302,640,7,"White Pumpkin",316.446017985002,"medium"
"948","2489-P",79,679.519673331641,"QPEKO","Chicago","New York","USA","Local Pumpkin Festival","1353 N","1898 R",328,752,-4,"Porcelain Doll",308.172187451991,"medium"
"949","2476-P",19,694.11868098937,"CBEVK","New York","Texas","France","Local Pumpkin Festival","1385 E","1588 U",301,619,9,"Lady Godiva",314.793052602889,"medium"
"950","2344-P",67,675.654079852812,"XCOLW","Los Angeles","New York","France","Regional Pumpkin Festival","1467 Z","1342 R",326,738,-6,"Hooligan",306.419083833475,"medium"
"951","2545-P",54,685.964786358178,"VAXMB","Houston","Florida","France","National Pumpkin Festival","1058 A","1339 W",301,646,10,"Porcelain Doll",311.095141205523,"medium"
"952","2935-P",35,674.734179735184,"FZDQF","Paris","Florida","USA","Regional Pumpkin Festival","1184 L","1969 P",297,594,17,"Porcelain Doll",306.001895571512,"medium"
"953","2329-P",97,679.931890497915,"ZKLKK","New York","Texas","USA","National Pumpkin Festival","1695 B","1430 R",306,652,2,"Lady Godiva",308.35913401266,"medium"
"954","2363-P",9,661.127967040986,"OZPZW","Los Angeles","California","USA","Regional Pumpkin Festival","1061 U","1512 N",4,4,-3,"Hooligan",299.831277569608,"medium"
"955","2791-P",63,664.318438673392,"YPUKD","Chicago","Texas","UK","National Pumpkin Festival","1967 S","1725 W",308,665,3,"Hooligan",301.278203479996,"medium"
"956","2794-P",82,658.732311449945,"ZSVWE","Nottingham","Texas","France","Regional Pumpkin Festival","1522 B","1118 L",-3,5,-2,"Lady Godiva",298.744812448955,"medium"
"957","2981-P",45,652.306759570725,"VXLQR","Nottingham","New York","USA","Local Pumpkin Festival","1757 B","1569 N",303,623,9,"Lady Godiva",295.830729964048,"medium"
"958","2187-P",99,664.718471367843,"OYZJZ","Nottingham","California","USA","Regional Pumpkin Festival","1215 W","1711 U",306,638,0,"White Pumpkin",301.459624203104,"medium"
"959","2187-P",56,647.003442602232,"CXUMD","Nottingham","New York","USA","Local Pumpkin Festival","1222 C","1916 S",314,711,-12,"Lady Godiva",293.425597552033,"medium"
"960","2363-P",86,642.463425421156,"QIUWL","Nottingham","California","UK","Regional Pumpkin Festival","1731 T","1939 N",310,637,5,"Lady Godiva",291.366632844062,"medium"
"961","2981-P",38,635.056980189867,"RMQMK","Los Angeles","Florida","France","Local Pumpkin Festival","1083 W","1548 Y",299,584,4,"White Pumpkin",288.00770076638,"medium"
"962","2768-P",24,634.348279905505,"OGVXD","Nottingham","New York","USA","Local Pumpkin Festival","1715 A","1123 E",302,625,-1,"White Pumpkin",287.686294741726,"medium"
"963","2892-P",98,614.15986857228,"HPAYZ","New York","New York","UK","National Pumpkin Festival","1783 I","1534 I",-2,3,4,"Porcelain Doll",278.53055264049,"medium"
"964","2574-P",27,627.739355057478,"MIYQJ","Paris","New York","France","Local Pumpkin Festival","1480 R","1758 S",327,785,-15,"Hooligan",284.689049912688,"medium"
"965","2596-P",92,623.398923381232,"WOFMZ","Los Angeles","Florida","France","National Pumpkin Festival","1050 V","1149 T",311,653,-4,"Porcelain Doll",282.720600172894,"medium"
"966","2957-P",86,621.465128193609,"EYYBI","New York","New York","UK","Local Pumpkin Festival","1765 M","1808 A",304,621,-5,"White Pumpkin",281.843595552657,"medium"
"967","2370-P",4,609.998274426907,"WWSGD","Paris","California","France","National Pumpkin Festival","1620 L","1779 J",291,550,11,"Hooligan",276.643208356874,"medium"
"968","2809-P",63,598.922529058531,"ZAWKB","Paris","Florida","France","National Pumpkin Festival","1793 D","1425 M",4,-3,-4,"Hooligan",271.620194584368,"medium"
"969","2369-P",87,594.09137415234,"RPRGE","Paris","Texas","USA","Regional Pumpkin Festival","1272 U","1933 D",318,699,-17,"White Pumpkin",269.429194626912,"medium"
"970","2579-P",13,587.375341152772,"VVKQD","Chicago","Florida","USA","Local Pumpkin Festival","1744 B","1334 L",286,535,8,"Lady Godiva",266.383374672459,"medium"
"971","2823-P",77,583.568789032288,"YRSFW","Houston","Florida","France","Regional Pumpkin Festival","1853 H","1863 F",290,553,3,"Hooligan",264.657047180176,"medium"
"972","2781-P",10,581.314290412702,"FOABF","Houston","Texas","USA","Local Pumpkin Festival","1084 S","1183 A",3,0,3,"Lady Godiva",263.634598826622,"medium"
"973","2358-P",11,564.287123979069,"KKFAZ","Paris","California","UK","Local Pumpkin Festival","1599 S","1960 P",287,564,3,"Porcelain Doll",255.912527881664,"medium"
"974","2260-P",28,564.084782781079,"FDAJM","Los Angeles","Texas","UK","Local Pumpkin Festival","1034 M","1097 H",290,537,1,"Porcelain Doll",255.820763166022,"medium"
"975","2151-P",50,549.046068169177,"VLSSB","Houston","New York","France","Regional Pumpkin Festival","1203 H","1691 Z",292,559,1,"Hooligan",249.000484430466,"medium"
"976","2280-P",57,536.58160876669,"OJWNA","Nottingham","California","UK","National Pumpkin Festival","1933 V","1507 J",290,568,-8,"Hooligan",243.347668374916,"medium"
"977","2019-P",61,536.228136702441,"WUALP","Houston","Texas","France","Regional Pumpkin Festival","1741 Z","1846 E",300,611,-9,"Porcelain Doll",243.187363583873,"medium"
"978","2571-P",100,538.895081572421,"ELAZS","Paris","Texas","France","Regional Pumpkin Festival","1615 D","1044 W",2,5,-5,"White Pumpkin",244.396862391121,"medium"
"979","2524-P",23,508.283865405247,"VMKQG","Paris","Florida","USA","National Pumpkin Festival","1128 N","1456 Q",298,566,-7,"Porcelain Doll",230.514224673581,"medium"
"980","2815-P",57,500.874251459725,"ZJSOJ","Los Angeles","Texas","UK","Local Pumpkin Festival","1405 G","1794 C",290,522,-1,"White Pumpkin",227.15385553729,"medium"
"981","2725-P",40,497.974031971768,"RSCKC","Los Angeles","Florida","USA","Regional Pumpkin Festival","1781 U","1214 K",282,512,-6,"White Pumpkin",225.838563252502,"medium"
"982","2724-P",20,484.740533833392,"MDUEC","Chicago","California","USA","Local Pumpkin Festival","1556 F","1819 P",5,-1,5,"Lady Godiva",219.836976795189,"medium"
"983","2097-P",50,482.144753883593,"HSZSN","Paris","California","France","Local Pumpkin Festival","1045 U","1543 U",277,484,0,"White Pumpkin",218.65975232816,"medium"
"984","2812-P",89,475.28360848967,"ANVBT","Chicago","Florida","USA","Local Pumpkin Festival","1050 E","1280 J",279,483,-5,"Porcelain Doll",215.548121764023,"medium"
"985","2303-P",58,464.015018587932,"TQOUQ","Los Angeles","Florida","USA","National Pumpkin Festival","1754 N","1382 Q",272,472,-4,"Hooligan",210.437650153257,"medium"
"986","2928-P",56,452.262982106768,"IOCJY","Paris","Florida","USA","Local Pumpkin Festival","1711 L","1346 X",278,457,-1,"White Pumpkin",205.107928393092,"medium"
"987","2962-P",19,457.468295274302,"URIBD","Paris","California","France","Regional Pumpkin Festival","1523 X","1667 B",-2,-1,-5,"Porcelain Doll",207.468614636872,"medium"
"988","2784-P",69,447.216832429171,"CLVJB","Los Angeles","New York","USA","Local Pumpkin Festival","1123 D","1823 Q",270,442,-2,"Hooligan",202.819425137946,"medium"
"989","2061-P",68,433.775494878553,"SIILN","Chicago","Texas","France","National Pumpkin Festival","1094 M","1833 Q",267,433,-4,"Porcelain Doll",196.723580443788,"medium"
"990","2331-P",60,434.463069880381,"QMDJZ","Houston","Florida","UK","National Pumpkin Festival","1774 D","1278 F",263,437,4,"Lady Godiva",197.035405841443,"medium"
"991","2597-P",87,420.199369234033,"CUBAP","Chicago","Texas","France","Regional Pumpkin Festival","1077 U","1046 M",258,409,6,"Porcelain Doll",190.566607362373,"medium"
"992","2443-P",40,413.955667132512,"DYKSO","Chicago","Florida","USA","Regional Pumpkin Festival","1438 M","1117 D",268,443,-4,"Porcelain Doll",187.734996431978,"medium"
"993","2621-P",16,430.968067830056,"ZFTXW","Paris","California","France","Regional Pumpkin Festival","1437 A","1922 N",258,393,10,"Hooligan",195.450370897985,"medium"
"994","2658-P",22,400.366329193115,"JRIMM","Los Angeles","Florida","USA","Regional Pumpkin Festival","1784 G","1421 J",108,44,835,"Lady Godiva",181.572031380098,"medium"
"995","2405-P",59,394.442068498582,"HXWGV","New York","New York","USA","National Pumpkin Festival","1560 P","1658 L",253,378,3,"Lady Godiva",178.885291836091,"medium"
"996","2603-P",94,395.957111524232,"CCRZI","New York","New York","UK","National Pumpkin Festival","1994 B","1951 Q",1,-4,5,"Porcelain Doll",179.57238617879,"medium"
"997","2150-P",63,392.63596545998,"XKFPO","Nottingham","California","USA","National Pumpkin Festival","1983 T","1352 O",257,370,3,"White Pumpkin",178.066197487519,"medium"
"998","2470-P",72,399.917431147769,"FPNAW","Chicago","New York","USA","Local Pumpkin Festival","1154 L","1275 Y",265,410,-7,"White Pumpkin",181.368449500122,"medium"
"999","2429-P",7,381.829899978824,"EUSZA","Los Angeles","California","UK","Regional Pumpkin Festival","1691 B","1673 M",248,317,21,"White Pumpkin",173.165487518741,"medium"
"1000","2056-P",47,396.158131670207,"HJKVH","Chicago","California","USA","National Pumpkin Festival","1549 U","1729 X",5,4,4,"Porcelain Doll",179.663551777872,"medium"
"1001","2668-P",83,373.913329586387,"RCQEE","Houston","Florida","UK","Regional Pumpkin Festival","1187 C","1900 L",263,388,-4,"Lady Godiva",169.575206161627,"medium"
"1002","2706-P",4,380.497597071342,"EJOPF","Nottingham","Texas","UK","Regional Pumpkin Festival","1515 T","1552 P",240,331,15,"Lady Godiva",172.56126851308,"medium"
"1003","2390-P",100,363.850163001195,"LMNFO","Nottingham","New York","UK","Local Pumpkin Festival","1988 J","1643 L",259,388,-2,"Porcelain Doll",165.011411791925,"medium"
"1004","2959-P",34,358.355469852686,"GZEFT","Chicago","Florida","USA","Regional Pumpkin Festival","1454 H","2000 M",260,386,-8,"Hooligan",162.519487461536,"medium"
"1005","2510-P",14,347.319254974835,"WUWBN","New York","Florida","France","Local Pumpkin Festival","1883 V","1472 E",240,326,6,"Lady Godiva",157.514401349131,"medium"
"1006","2360-P",89,343.690203696489,"THHRQ","Nottingham","Florida","France","Local Pumpkin Festival","1716 D","1534 G",242,334,4,"Porcelain Doll",155.868573104984,"medium"
"1007","2942-P",82,334.635171407834,"URWZR","Houston","New York","UK","Regional Pumpkin Festival","1534 Q","1609 O",255,368,-6,"Porcelain Doll",151.761982497884,"medium"
"1008","2869-P",54,338.815516727977,"PKMTQ","Los Angeles","New York","France","Regional Pumpkin Festival","1310 T","1166 F",5,-1,-1,"Porcelain Doll",153.657830715636,"medium"
"1009","2850-P",30,321.913739042357,"VDFPD","Chicago","California","France","Regional Pumpkin Festival","1617 G","1779 V",254,367,-9,"Hooligan",145.992625416035,"medium"
"1010","2403-P",17,323.077777269296,"HHFHD","Nottingham","California","France","Regional Pumpkin Festival","1032 Q","1834 U",242,312,8,"Porcelain Doll",146.520533908978,"medium"
"1011","2322-P",20,329.825479135849,"FZNGZ","Los Angeles","Florida","USA","Local Pumpkin Festival","1699 P","1428 L",252,353,-14,"White Pumpkin",149.580716161383,"medium"
"1012","2023-P",92,319.522744406946,"WKSVQ","Houston","Florida","UK","Regional Pumpkin Festival","1410 R","1596 D",245,326,-7,"Lady Godiva",144.908274107459,"medium"
"1013","2621-P",20,309.69361062441,"YTXHN","Chicago","California","France","National Pumpkin Festival","1363 P","1616 I",240,316,-4,"Hooligan",140.450617063225,"medium"
"1014","2986-P",23,307.626942285337,"XUUSI","Los Angeles","New York","UK","Regional Pumpkin Festival","1239 L","1532 L",242,320,-2,"Hooligan",139.513352510357,"medium"
"1015","2337-P",100,294.777855413966,"SKQWT","Los Angeles","California","USA","National Pumpkin Festival","1981 S","1488 X",-5,2,3,"Porcelain Doll",133.686102228556,"medium"
"1016","2800-P",38,301.424227009341,"MPJHY","Houston","Florida","UK","National Pumpkin Festival","1013 R","1466 T",228,267,13,"Hooligan",136.700329709452,"medium"
"1017","2756-P",18,290.312227398157,"UGQPD","Houston","Texas","UK","Regional Pumpkin Festival","1459 F","1740 W",234,272,2,"White Pumpkin",131.660874103473,"medium"
"1018","2461-P",46,298.198179941624,"MJOIQ","New York","California","France","National Pumpkin Festival","1496 P","1399 M",236,293,-6,"Lady Godiva",135.237269814796,"medium"
"1019","2692-P",71,278.97030688934,"HQHRW","Los Angeles","Florida","USA","Regional Pumpkin Festival","1319 Q","1565 O",246,324,-15,"Lady Godiva",126.51714598156,"medium"
"1020","2757-P",19,275.372772438452,"FLYOH","Chicago","New York","UK","National Pumpkin Festival","1463 T","1621 R",218,239,14,"Lady Godiva",124.885611083198,"medium"
"1021","2253-P",94,267.210690613836,"LRLRT","Nottingham","Florida","France","Local Pumpkin Festival","1143 O","1362 V",5,3,-5,"Porcelain Doll",121.183986672942,"medium"
"1022","2429-P",69,264.604558592476,"TXSWH","Los Angeles","California","France","Regional Pumpkin Festival","1580 C","1979 O",-3,-1,0,"Porcelain Doll",120.002067388878,"medium"
"1023","2819-P",64,268.101066328026,"URHDO","New York","California","USA","Local Pumpkin Festival","1773 Y","1593 U",193,158,59,"White Pumpkin",121.587785182778,"medium"
"1024","2658-P",15,262.118516336195,"NDKFQ","Chicago","Texas","France","Local Pumpkin Festival","1254 B","1680 J",219,236,9,"White Pumpkin",118.874610583308,"medium"
"1025","2252-P",18,247.842790576629,"YUPWP","Houston","Texas","USA","Local Pumpkin Festival","1165 B","1513 N",211,222,11,"Lady Godiva",112.400358538154,"medium"
"1026","2722-P",30,256.263652368262,"RYXDC","Paris","New York","UK","National Pumpkin Festival","1373 T","1445 C",229,261,-1,"White Pumpkin",116.21934347767,"medium"
"1027","2119-P",58,242.354680160061,"AESVK","Paris","Florida","USA","Regional Pumpkin Festival","1360 W","1075 Z",210,213,20,"White Pumpkin",109.911419573724,"medium"
"1028","2667-P",57,232.382056296803,"WTBPY","New York","California","France","Regional Pumpkin Festival","1839 V","1125 H",216,210,8,"White Pumpkin",105.388687662949,"medium"
"1029","2105-P",19,243.472311200202,"TDWIJ","Paris","Texas","UK","Regional Pumpkin Festival","1487 R","1751 V",222,258,-8,"White Pumpkin",110.418281723447,"medium"
"1030","2778-P",97,224.101479134895,"VCGOL","Nottingham","Florida","USA","Regional Pumpkin Festival","1981 B","1761 V",222,242,-2,"White Pumpkin",101.633323870701,"medium"
"1031","2115-P",25,228.528471746482,"UFKHW","New York","Florida","UK","Regional Pumpkin Festival","1948 X","1921 P",220,235,0,"White Pumpkin",103.641030270513,"medium"
"1032","2998-P",91,208.857369945571,"CTYKB","Paris","New York","UK","Regional Pumpkin Festival","1732 A","1823 J",1,-3,5,"White Pumpkin",94.7198956669256,"light"
"1033","2890-P",42,218.97703429684,"RHFRV","New York","California","France","National Pumpkin Festival","1826 C","1677 R",211,221,-3,"Porcelain Doll",99.3093126062768,"light"
"1034","2928-P",63,211.154342248105,"VFFKH","Nottingham","New York","UK","Local Pumpkin Festival","1999 T","1507 W",217,240,-14,"Hooligan",95.7616064617254,"light"
"1035","2201-P",36,218.359526678361,"BGXWY","Los Angeles","Texas","UK","Regional Pumpkin Festival","1765 K","1618 W",224,241,-7,"Porcelain Doll",99.0292637997102,"light"
"1036","2628-P",81,213.208349849097,"PMLGG","New York","Florida","USA","Local Pumpkin Festival","1931 H","1166 U",1,2,-3,"White Pumpkin",96.6931291832641,"light"
"1037","2643-P",46,188.705171200447,"XWHIK","New York","Florida","USA","Regional Pumpkin Festival","1691 G","1598 F",194,174,13,"White Pumpkin",85.5805765081391,"light"
"1038","2436-P",71,194.483895801939,"CFAWF","Nottingham","Texas","France","National Pumpkin Festival","1934 E","1155 T",203,204,-2,"Hooligan",88.2013132888613,"light"
"1039","2043-P",11,197.776883090474,"VIQQP","Houston","California","USA","National Pumpkin Festival","1102 D","1441 P",202,189,5,"Hooligan",89.6947315603055,"light"
"1040","2243-P",6,171.195110322908,"GLUNJ","Los Angeles","New York","UK","Local Pumpkin Festival","1023 E","1488 F",197,182,3,"Hooligan",77.6395058153776,"light"
"1041","2707-P",18,171.295645457692,"EOSWO","Chicago","New York","USA","National Pumpkin Festival","1127 Y","1119 V",185,153,13,"Lady Godiva",77.6850999808129,"light"
"1042","2504-P",11,177.024426978081,"TDVRS","Chicago","Florida","USA","Regional Pumpkin Festival","1642 D","1969 V",198,168,8,"Porcelain Doll",80.2831868381322,"light"
"1043","2365-P",76,182.13553334102,"TDQFW","Houston","California","France","National Pumpkin Festival","1861 Y","1352 Y",3,4,2,"White Pumpkin",82.6011489074922,"light"
"1044","2119-P",5,170.143402242847,"QWBII","New York","California","UK","Local Pumpkin Festival","1216 T","1690 M",204,188,-12,"Hooligan",77.1625406997038,"light"
"1045","2855-P",5,149.883281882852,"IPDWI","Paris","New York","UK","Local Pumpkin Festival","1061 E","1424 D",194,182,-14,"Hooligan",67.9742774978922,"light"
"1046","2731-P",63,143.025501902774,"TCHXD","Los Angeles","Florida","USA","Regional Pumpkin Festival","1997 X","1408 I",175,124,14,"White Pumpkin",64.8641731985369,"light"
"1047","2386-P",12,147.534028744325,"LTTXK","New York","Florida","France","Regional Pumpkin Festival","1590 V","1650 I",1,4,-2,"Porcelain Doll",66.90885657339,"light"
"1048","2257-P",70,144.735908262245,"TZEHV","Houston","New York","France","Local Pumpkin Festival","1342 B","1188 G",-2,-5,2,"Hooligan",65.6398676926283,"light"
"1049","2790-P",75,125.726373085752,"SSFWN","Chicago","Texas","France","Regional Pumpkin Festival","1754 U","1738 H",-3,-2,4,"White Pumpkin",57.018763304196,"light"
"1050","2008-P",42,130.334709511138,"KMZGH","Paris","New York","USA","National Pumpkin Festival","1074 K","1282 V",177,136,-1,"Porcelain Doll",59.1087117964347,"light"
"1051","2687-P",99,132.728063318506,"FXAIM","Houston","Florida","UK","Local Pumpkin Festival","1065 F","1956 S",178,130,5,"Lady Godiva",60.1941330242657,"light"
"1052","2374-P",19,137.40970481094,"FNSWW","Nottingham","California","USA","National Pumpkin Festival","1274 F","1500 D",177,127,4,"Porcelain Doll",62.3173264448706,"light"
"1053","2606-P",16,116.33759321291,"WIOBF","Houston","Florida","France","Regional Pumpkin Festival","1741 I","1458 C",4,-5,5,"Hooligan",52.7608132484853,"light"
"1054","2623-P",10,130.753108586185,"APVVA","Los Angeles","New York","USA","Local Pumpkin Festival","1519 O","1618 L",177,124,4,"Lady Godiva",59.2984619438479,"light"
"1055","2964-P",65,117.205757193267,"PNUOF","Paris","Texas","USA","National Pumpkin Festival","1086 Q","1519 S",175,128,-5,"Hooligan",53.1545384096451,"light"
"1056","2206-P",53,116.190643363446,"ZMKDR","New York","Texas","France","Regional Pumpkin Festival","1226 R","1965 J",174,131,-16,"Porcelain Doll",52.6941693258258,"light"
"1057","2967-P",18,127.758910019882,"KDFQG","Nottingham","Florida","UK","Regional Pumpkin Festival","1556 B","1414 C",218,234,-55,"Porcelain Doll",57.9405487618513,"light"
"1058","2474-P",88,119.221645299345,"BBDGX","Nottingham","New York","France","Regional Pumpkin Festival","1407 P","1845 Y",169,116,-5,"Hooligan",54.0687733783879,"light"
"1059","2233-P",44,121.319579888135,"PASJV","Houston","California","USA","Regional Pumpkin Festival","1514 H","1480 S",-4,-3,-1,"Lady Godiva",55.0202176363425,"light"
"1060","2133-P",94,104.998089293018,"OLIKM","Chicago","New York","USA","National Pumpkin Festival","1721 I","1751 X",163,110,4,"Lady Godiva",47.6181810852689,"light"
"1061","2260-P",52,116.196229067631,"CRQHM","Los Angeles","California","UK","National Pumpkin Festival","1936 J","1890 V",4,-2,-3,"Hooligan",52.6967025250027,"light"
"1062","2354-P",20,95.5104718554765,"QTKNG","Los Angeles","Texas","France","National Pumpkin Festival","1453 A","1413 Z",-5,-2,-1,"Hooligan",43.3154067371775,"light"
"1063","2815-P",56,64.8162412285805,"ZMRDG","Chicago","New York","USA","Regional Pumpkin Festival","1200 B","1516 O",2,3,1,"White Pumpkin",29.3951207385853,"light"
"1064","2365-P",85,71.4676575986668,"ZKBBA","Paris","Texas","France","Regional Pumpkin Festival","1230 X","1614 H",146,89,-26,"Porcelain Doll",32.4116360991686,"light"
"1065","2619-P",2,60.8515784140676,"RZGFD","Houston","Florida","USA","Local Pumpkin Festival","1539 Q","1895 C",5,1,-4,"Porcelain Doll",27.5970877161304,"light"
"1066","2016-P",95,60.3642130166292,"VUXWO","Houston","Texas","France","National Pumpkin Festival","1328 T","1966 E",-5,1,3,"Porcelain Doll",27.3760603250019,"light"
"1067","2599-P",65,64.2225689355284,"RKJXU","Chicago","Texas","France","National Pumpkin Festival","1435 R","1337 H",139,76,-17,"Porcelain Doll",29.1258816034142,"light"
"1068","2764-P",56,53.4429292108864,"WUNHI","Nottingham","Florida","USA","Local Pumpkin Festival","1683 H","1836 F",-4,4,-4,"Hooligan",24.2371561047104,"light"
"1069","2898-P",10,35.0742140535265,"KMHBV","Chicago","California","USA","National Pumpkin Festival","1840 A","1289 T",4,4,-2,"Lady Godiva",15.9066730401481,"light"
"1070","2302-P",30,12.0650087796152,"FGOHJ","Houston","New York","USA","Local Pumpkin Festival","1544 R","1678 N",-4,1,-2,"Porcelain Doll",5.47165931048307,"light"
"1071","2358-P",97,7.80441977269948,"VQXJN","Los Angeles","Florida","UK","National Pumpkin Festival","1225 S","1314 L",-2,0,-1,"Lady Godiva",3.53941939804965,"light"
"1072","2807-P",47,1467.22467621975,"CNUUC","Nottingham","California","UK","National Pumpkin Festival","1534 I","1741 I",411,1458,-2,"Lady Godiva",665.408016426189,"heavy"
"1073","2414-P",19,1377.6781509053,"YPECD","New York","Florida","UK","Regional Pumpkin Festival","1695 G","1211 Q",388,1231,10,"White Pumpkin",624.797347349341,"heavy"
"1074","2039-P",25,1349.21494186576,"HYNLX","Nottingham","Texas","France","Regional Pumpkin Festival","1833 Z","1672 G",408,1382,-3,"Porcelain Doll",611.888862524156,"heavy"
"1075","2526-P",99,579.553265098482,"XRWJA","Paris","Texas","USA","National Pumpkin Festival","1935 S","1502 A",292,575,3,"Porcelain Doll",262.835947890468,"medium"
"1076","2289-P",17,2146.47348681465,"HASSR","Chicago","Texas","USA","Local Pumpkin Festival","1229 I","1594 M",453,1965,11,"Porcelain Doll",973.457363634761,"heavy"
"1077","2303-P",11,1937.38208495267,"CFRMI","New York","California","UK","National Pumpkin Festival","1433 J","1819 J",428,1715,15,"Hooligan",878.631331044294,"heavy"
"1078","2681-P",98,1926.529635204,"OBQIC","Los Angeles","California","France","Local Pumpkin Festival","1829 T","1071 N",453,1952,-3,"Lady Godiva",873.709585126532,"heavy"
"1079","2037-P",7,1896.32622568682,"YHWCF","Paris","Florida","USA","National Pumpkin Festival","1064 D","1519 E",448,1827,6,"Hooligan",860.011893735518,"heavy"
"1080","2901-P",1,1830.97490554117,"BKIKC","Chicago","Florida","France","Regional Pumpkin Festival","1967 Z","1452 K",441,1768,5,"White Pumpkin",830.374106821391,"heavy"
"1081","2521-P",8,1791.42266151402,"LRCMB","Los Angeles","Texas","France","National Pumpkin Festival","1407 R","1085 D",434,1759,-1,"Hooligan",812.436581185497,"heavy"
"1082","2847-P",40,1789.53525379617,"GJYJM","Nottingham","Florida","France","National Pumpkin Festival","1442 B","1085 C",429,1706,10,"Hooligan",811.580613966516,"heavy"
"1083","2538-P",90,1752.9690302629,"XRJAT","Chicago","Texas","USA","Local Pumpkin Festival","1012 O","1989 H",437,1788,-6,"Lady Godiva",794.997292636237,"heavy"
"1084","2175-P",19,1750.50193633791,"MKNOK","Nottingham","New York","France","Local Pumpkin Festival","1783 P","1397 S",420,1641,4,"Hooligan",793.878429178191,"heavy"
"1085","2657-P",24,1746.30504553951,"GKMCH","Los Angeles","California","UK","Local Pumpkin Festival","1157 L","1312 S",415,1558,12,"Hooligan",791.975077342183,"heavy"
"1086","2529-P",97,1720.42464796919,"SLGEV","Paris","Texas","France","Local Pumpkin Festival","1218 T","1999 E",414,1538,12,"Hooligan",780.237935586936,"heavy"
"1087","2676-P",59,1688.02701156028,"XTAIC","Chicago","California","UK","Local Pumpkin Festival","1797 T","1735 U",452,1871,-9,"Lady Godiva",765.545129959309,"heavy"
"1088","2205-P",7,1663.46545076743,"TBEZZ","Houston","California","France","Regional Pumpkin Festival","1043 Q","1599 C",424,1663,-1,"Porcelain Doll",754.406100121282,"heavy"
"1089","2581-P",85,1633.17474879436,"SLBVX","New York","New York","UK","Regional Pumpkin Festival","1976 D","1713 T",420,1558,6,"Lady Godiva",740.668820314903,"heavy"
"1090","2837-P",40,1619.86226002313,"BSSAK","Nottingham","New York","USA","Local Pumpkin Festival","1301 F","1761 V",433,1727,-4,"White Pumpkin",734.63141044133,"heavy"
"1091","2505-P",90,1609.31868092529,"JPNZT","Paris","Florida","USA","Local Pumpkin Festival","1098 Z","1679 Q",401,1446,11,"Porcelain Doll",729.849741916233,"heavy"
"1092","2843-P",92,1605.34388028644,"YVHNQ","Los Angeles","New York","USA","National Pumpkin Festival","1386 A","1913 K",427,1655,-7,"Lady Godiva",728.047111241016,"heavy"
"1093","2366-P",15,1581.52171403728,"SZZHI","Houston","California","UK","Regional Pumpkin Festival","1447 N","1608 D",415,1559,-4,"Lady Godiva",717.243407726659,"heavy"
"1094","2065-P",52,1575.64001915138,"LZHHY","Los Angeles","Texas","USA","Local Pumpkin Festival","1239 A","1899 N",422,1602,0,"Lady Godiva",714.575972404255,"heavy"
"1095","2265-P",73,1526.98327933345,"SHVQR","Paris","Florida","USA","Regional Pumpkin Festival","1241 F","1234 W",416,1533,-3,"White Pumpkin",692.509423733991,"heavy"
"1096","2666-P",45,1506.26109832898,"KLHGQ","Nottingham","California","France","Local Pumpkin Festival","1326 D","1205 W",430,1700,-9,"Hooligan",683.111609219491,"heavy"
"1097","2942-P",78,1481.79598370194,"BSOFS","Houston","Florida","UK","Local Pumpkin Festival","1242 S","1359 V",406,1491,0,"Lady Godiva",672.016319139204,"heavy"
"1098","2040-P",13,1482.0620436538,"XIZPQ","Nottingham","Florida","France","Regional Pumpkin Festival","1356 Q","1493 V",410,1505,1,"Porcelain Doll",672.136981248889,"heavy"
"1099","2651-P",61,1484.56557134595,"LJQOY","Paris","Texas","USA","National Pumpkin Festival","1155 K","1728 G",418,1554,-6,"White Pumpkin",673.272367957346,"heavy"
"1100","2727-P",90,1459.92137493845,"BFEUV","Houston","Texas","France","National Pumpkin Festival","1880 M","1228 E",404,1430,-1,"Hooligan",662.095861650091,"heavy"
"1101","2894-P",51,1454.86367859412,"CVZCW","New York","New York","USA","Local Pumpkin Festival","1742 P","1503 O",402,1458,-1,"White Pumpkin",659.802121811392,"heavy"
"1102","2651-P",37,1449.0203473838,"JTHJL","Chicago","New York","USA","Regional Pumpkin Festival","1264 B","1985 P",410,1483,0,"Hooligan",657.152084981317,"heavy"
"1103","2063-P",45,1432.63382104132,"FLCCF","Nottingham","Florida","UK","National Pumpkin Festival","1538 A","1443 T",394,1370,1,"Lady Godiva",649.720553760237,"heavy"
"1104","2557-P",78,1426.67030488886,"YFPGW","Houston","Texas","France","National Pumpkin Festival","1900 X","1072 K",393,1352,3,"Hooligan",647.016011287465,"heavy"
"1105","2278-P",65,1416.10477444902,"NVGDN","New York","New York","France","Regional Pumpkin Festival","1023 U","1773 E",418,1622,-13,"White Pumpkin",642.224387505225,"heavy"
"1106","2475-P",72,1407.105599734,"GWIPE","Los Angeles","California","USA","Regional Pumpkin Festival","1810 I","1450 E",419,1577,-8,"Lady Godiva",638.143129131066,"heavy"
"1107","2413-P",12,1390.16057083607,"YCMEN","Paris","California","UK","National Pumpkin Festival","1671 C","1054 T",413,1575,-12,"Porcelain Doll",630.458308769191,"heavy"
"1108","2231-P",99,1365.10283705499,"BYBLE","Nottingham","California","USA","Local Pumpkin Festival","1524 W","1953 Z",401,1460,-10,"White Pumpkin",619.094257167796,"heavy"
"1109","2392-P",7,1357.66410798952,"TXMKG","New York","New York","France","National Pumpkin Festival","1990 J","1257 R",392,1313,8,"Hooligan",615.720683895474,"heavy"
"1110","2541-P",73,1368.00206349697,"WGGQJ","New York","Texas","USA","Local Pumpkin Festival","1331 B","1954 M",15,-2,-5,"Porcelain Doll",620.409099091596,"heavy"
"1111","2448-P",34,1351.97495159414,"BKMHM","New York","Florida","UK","Local Pumpkin Festival","1895 B","1882 H",380,1277,8,"White Pumpkin",613.140567616388,"heavy"
"1112","2528-P",72,1349.40322200973,"MIUMC","Paris","Texas","UK","Local Pumpkin Festival","1274 A","1492 J",391,1334,4,"Hooligan",611.974250344547,"heavy"
"1113","2706-P",98,1348.46734080277,"VWVYW","Chicago","New York","UK","National Pumpkin Festival","1235 P","1203 R",392,1334,-5,"White Pumpkin",611.549814423027,"heavy"
"1114","2405-P",66,1328.72767178807,"FUFIS","Houston","California","France","Regional Pumpkin Festival","1209 H","1120 T",0,-3,0,"Porcelain Doll",602.597583577358,"heavy"
"1115","2095-P",52,1322.61734255683,"TNVFR","Paris","Florida","France","Local Pumpkin Festival","1593 O","1932 M",402,1415,-8,"Hooligan",599.826459209445,"heavy"
"1116","2905-P",41,1318.94663104508,"CUCCU","Chicago","California","USA","Regional Pumpkin Festival","1856 Q","1374 K",371,1196,16,"Porcelain Doll",598.161737435411,"heavy"
"1117","2659-P",1,1323.08370002359,"WSWAF","Chicago","New York","USA","National Pumpkin Festival","1901 F","1455 D",391,1351,-2,"Porcelain Doll",600.037959194373,"heavy"
"1118","2442-P",77,1308.73638246302,"RFKWM","Chicago","Florida","France","Local Pumpkin Festival","1311 L","1353 E",403,1469,-8,"Hooligan",593.531239212252,"heavy"
"1119","2119-P",84,1320.11764252745,"JWZTK","Nottingham","California","France","Regional Pumpkin Festival","1660 R","1709 A",372,1195,14,"Porcelain Doll",598.69280840247,"heavy"
"1120","2460-P",32,1317.57487099431,"BHRRQ","New York","Florida","USA","Local Pumpkin Festival","1477 K","1757 V",5,-1,-2,"Hooligan",597.539624033703,"heavy"
"1121","2795-P",4,1319.45853715427,"TMPSU","Houston","Florida","UK","National Pumpkin Festival","1749 X","1735 X",-4,-1,-1,"White Pumpkin",598.39389440103,"heavy"
"1122","2954-P",44,1312.02632439099,"UPBEL","Los Angeles","Texas","USA","Regional Pumpkin Festival","1422 U","1723 V",386,1281,5,"Porcelain Doll",595.023276367797,"heavy"
"1123","2835-P",94,1302.73499416374,"NERQF","Nottingham","New York","UK","Local Pumpkin Festival","1650 V","1812 S",366,1142,12,"Lady Godiva",590.809521162692,"heavy"
"1124","2270-P",70,1289.93964301366,"DCRIH","Nottingham","New York","UK","National Pumpkin Festival","1170 G","1743 Q",396,1342,-8,"White Pumpkin",585.006640822523,"heavy"
"1125","2828-P",54,1275.20612048358,"DHGBO","New York","Texas","UK","National Pumpkin Festival","1346 N","1547 A",371,1169,10,"Porcelain Doll",578.324771194366,"heavy"
"1126","2780-P",34,1258.98830641247,"BNXWC","Nottingham","New York","USA","Regional Pumpkin Festival","1080 B","1351 G",377,1201,8,"Hooligan",570.969753475045,"heavy"
"1127","2593-P",74,1256.92113913409,"XMHJV","Chicago","Florida","USA","National Pumpkin Festival","1200 O","1532 P",-1,-1,-4,"Lady Godiva",570.032262645848,"heavy"
"1128","2937-P",84,1241.32808696944,"ONJSV","Nottingham","Texas","France","National Pumpkin Festival","1469 V","1212 P",383,1240,-4,"Lady Godiva",562.960583659611,"heavy"
"1129","2569-P",76,1237.46837132238,"KLXHJ","Los Angeles","New York","USA","Regional Pumpkin Festival","1824 W","1159 C",-3,-1,5,"Hooligan",561.210145724435,"heavy"
"1130","2800-P",87,1226.13649653923,"EJBNM","Nottingham","Florida","France","National Pumpkin Festival","1844 O","1528 D",371,1170,9,"Porcelain Doll",556.070973487178,"heavy"
"1131","2503-P",19,1222.85034400225,"EZOVY","Los Angeles","California","USA","National Pumpkin Festival","1192 I","1878 Q",388,1301,-11,"Hooligan",554.580654876302,"heavy"
"1132","2950-P",62,1229.55082719214,"ETSHU","Paris","Florida","France","Regional Pumpkin Festival","1024 G","1744 B",357,1073,18,"Hooligan",557.619422762876,"heavy"
"1133","2668-P",86,1210.95382120926,"SXZTD","Houston","Texas","USA","Local Pumpkin Festival","1182 X","1502 Q",366,1113,4,"Lady Godiva",549.185406444108,"heavy"
"1134","2319-P",91,1208.95231374353,"MHJBF","Chicago","Texas","USA","Regional Pumpkin Festival","1963 G","1319 R",355,1052,10,"Hooligan",548.277693307724,"heavy"
"1135","2390-P",73,1197.65239041392,"SXGRI","Paris","New York","France","Regional Pumpkin Festival","1765 U","1948 V",380,1273,-4,"White Pumpkin",543.153011525586,"heavy"
"1136","2916-P",96,1181.42404851038,"XPNYN","Paris","New York","UK","Regional Pumpkin Festival","1602 E","1711 U",398,1418,-21,"Hooligan",535.793219279084,"heavy"
"1137","2367-P",32,1185.78081822768,"GMXIL","Paris","California","USA","Regional Pumpkin Festival","1833 O","1909 H",389,1296,-5,"White Pumpkin",537.769078561305,"heavy"
"1138","2280-P",51,1163.79891676735,"XBJKK","Houston","Florida","UK","Regional Pumpkin Festival","1550 K","1602 J",373,1147,7,"Porcelain Doll",527.799962252767,"heavy"
"1139","2337-P",14,1171.8425376974,"SFMHU","Houston","Texas","France","Regional Pumpkin Festival","1751 H","1096 S",384,1214,-1,"Lady Godiva",531.447862901317,"heavy"
"1140","2868-P",22,1164.8504505083,"NKUXS","Los Angeles","Florida","France","Local Pumpkin Festival","1413 V","1085 M",390,1356,-17,"White Pumpkin",528.276848303082,"heavy"
"1141","2117-P",54,1161.88919139002,"LFDEU","New York","Texas","UK","National Pumpkin Festival","1094 N","1289 E",370,1101,2,"Lady Godiva",526.933873646265,"heavy"
"1142","2134-P",73,1163.215853489,"FVEOU","New York","Florida","France","National Pumpkin Festival","1952 N","1201 E",379,1262,-4,"Porcelain Doll",527.535534462133,"heavy"
"1143","2780-P",7,1161.58413676545,"FBJCA","New York","New York","France","Regional Pumpkin Festival","1551 E","1458 Z",379,1233,-8,"Lady Godiva",526.795526877755,"heavy"
"1144","2692-P",21,1154.64198595379,"IWPPM","New York","Florida","UK","Local Pumpkin Festival","1225 Q","1487 E",372,1117,5,"Lady Godiva",523.647159162715,"heavy"
"1145","2606-P",92,1144.49363107327,"MNTRY","Houston","Texas","France","Regional Pumpkin Festival","1391 N","1860 Z",397,1358,-20,"Lady Godiva",519.044730645476,"heavy"
"1146","2978-P",27,1131.94780195225,"KNCBT","Houston","California","France","National Pumpkin Festival","1454 I","1771 T",359,1079,9,"Lady Godiva",513.355012223243,"heavy"
"1147","2003-P",35,1115.94750277139,"OKVKA","Chicago","Texas","USA","National Pumpkin Festival","1908 L","1893 N",363,1080,1,"Hooligan",506.09864071265,"heavy"
"1148","2587-P",25,1088.17031431012,"VOATA","Chicago","Texas","France","Local Pumpkin Festival","1611 D","1984 A",361,1091,3,"White Pumpkin",493.50127633112,"medium"
"1149","2465-P",78,1095.2163827559,"QGPOH","Nottingham","Florida","USA","Local Pumpkin Festival","1672 B","1308 K",361,1096,5,"Lady Godiva",496.696772224897,"medium"
"1150","2840-P",85,1090.32871312555,"TMFDF","Los Angeles","California","USA","Regional Pumpkin Festival","1824 B","1856 H",356,1006,11,"White Pumpkin",494.480142007052,"medium"
"1151","2042-P",86,1101.07076349389,"ZDYLH","New York","Florida","UK","Local Pumpkin Festival","1882 E","1751 I",363,1117,-5,"Lady Godiva",499.351820178634,"medium"
"1152","2838-P",69,1095.3487518169,"DNHVQ","New York","Florida","France","Local Pumpkin Festival","1592 X","1889 L",5,-5,5,"Lady Godiva",496.756803545079,"medium"
"1153","2317-P",56,1087.66188196186,"YOUGO","Chicago","Florida","UK","Local Pumpkin Festival","1869 N","1910 I",359,1044,0,"Hooligan",493.270694767283,"medium"
"1154","2960-P",34,1084.7110411413,"TXDIM","Paris","Texas","France","National Pumpkin Festival","1449 Q","1634 H",4,0,5,"White Pumpkin",491.932444962041,"medium"
"1155","2847-P",92,1087.87153732684,"JNFYN","Houston","New York","France","Regional Pumpkin Festival","1405 R","1971 W",367,1092,1,"Lady Godiva",493.365776565458,"medium"
"1156","2413-P",17,1083.7105807513,"OAIXS","New York","New York","UK","National Pumpkin Festival","1262 J","1798 U",372,1197,-11,"Hooligan",491.478721429161,"medium"
"1157","2439-P",69,1068.77685872838,"WWEOF","Houston","Texas","USA","Local Pumpkin Festival","1413 J","1869 U",365,1133,-5,"White Pumpkin",484.706058380217,"medium"
"1158","2880-P",26,1062.7180377366,"GNQWM","New York","California","France","Local Pumpkin Festival","1642 I","1124 F",367,1110,1,"White Pumpkin",481.958293758096,"medium"
"1159","2327-P",51,1069.52261071,"XINEI","Houston","California","UK","Local Pumpkin Festival","1654 Q","1074 U",358,999,6,"Lady Godiva",485.044267895693,"medium"
"1160","2191-P",62,1063.71388732083,"YLFGL","Paris","New York","USA","National Pumpkin Festival","1615 Q","1643 R",344,930,17,"White Pumpkin",482.409926222599,"medium"
"1161","2038-P",91,1057.35730469711,"BSUFD","Nottingham","New York","France","National Pumpkin Festival","1058 S","1495 Q",361,1064,-3,"Porcelain Doll",479.527122311615,"medium"
"1162","2895-P",65,1047.35493411403,"HDGAF","Nottingham","Florida","UK","Local Pumpkin Festival","1180 Y","1203 O",363,1067,-8,"Lady Godiva",474.990899824958,"medium"
"1163","2712-P",65,1033.04346599244,"DZCVM","Chicago","California","France","Regional Pumpkin Festival","1173 Y","1324 Y",374,1159,-10,"Lady Godiva",468.500438091808,"medium"
"1164","2954-P",80,1031.90108208451,"QSQYJ","New York","California","France","Local Pumpkin Festival","1860 A","1196 L",365,1120,-3,"White Pumpkin",467.982350151707,"medium"
"1165","2874-P",75,1023.02104218863,"MIAIS","Los Angeles","California","USA","Regional Pumpkin Festival","1115 G","1362 Q",2,-4,-2,"Hooligan",463.955121173982,"medium"
"1166","2471-P",55,1006.84950051513,"JULKI","New York","New York","UK","Local Pumpkin Festival","1865 A","1458 W",315,753,35,"Porcelain Doll",456.621088668991,"medium"
"1167","2996-P",46,1001.3421424469,"ZTVOB","New York","Florida","UK","National Pumpkin Festival","1202 D","1360 E",363,1068,-2,"Hooligan",454.123420610838,"medium"
"1168","2519-P",4,989.411586174741,"LXXMK","New York","Florida","France","Local Pumpkin Festival","1129 U","1444 F",359,1037,0,"Lady Godiva",448.712737494214,"medium"
"1169","2123-P",54,973.054658772424,"ISOLU","Paris","Florida","UK","National Pumpkin Festival","1059 J","1912 X",355,980,-6,"White Pumpkin",441.294629828764,"medium"
"1170","2972-P",8,943.764493850991,"OBUDA","Chicago","New York","USA","Local Pumpkin Festival","1353 A","1096 G",348,986,0,"Lady Godiva",428.011108322445,"medium"
"1171","2904-P",29,944.092882046476,"JUHBT","Paris","New York","France","Regional Pumpkin Festival","1204 Q","1765 V",341,927,0,"Hooligan",428.160037209286,"medium"
"1172","2946-P",21,952.790080068074,"AGEMU","Chicago","Florida","France","National Pumpkin Festival","1309 V","1158 Q",359,1068,-14,"Porcelain Doll",432.104344702074,"medium"
"1173","2111-P",99,951.390554160811,"HNWPP","Nottingham","Florida","UK","National Pumpkin Festival","1605 B","1115 S",373,1141,-17,"Hooligan",431.469639075198,"medium"
"1174","2511-P",98,923.368617319502,"MQEAD","Nottingham","New York","UK","Local Pumpkin Festival","1902 Q","1786 Z",336,842,12,"Lady Godiva",418.761277695919,"medium"
"1175","2529-P",58,932.656020880863,"VFETH","New York","California","France","National Pumpkin Festival","1484 G","1633 Y",355,979,-3,"Lady Godiva",422.973252100165,"medium"
"1176","2523-P",4,916.25409645997,"JKEDN","Nottingham","New York","UK","National Pumpkin Festival","1995 B","1966 J",357,1007,-7,"Hooligan",415.534737623569,"medium"
"1177","2813-P",71,908.048621008359,"JTDYT","Paris","Florida","USA","National Pumpkin Festival","1608 F","1151 U",342,875,-1,"Lady Godiva",411.813433563882,"medium"
"1178","2889-P",69,916.743936209939,"WZFIT","Houston","New York","France","Local Pumpkin Festival","1050 S","1810 Y",337,868,5,"Lady Godiva",415.756887170041,"medium"
"1179","2131-P",54,905.691233285703,"SJWWZ","Paris","Texas","France","National Pumpkin Festival","1687 A","1259 Q",321,802,18,"Lady Godiva",410.744323485579,"medium"
"1180","2471-P",80,917.519082710147,"IHRQK","Nottingham","Florida","USA","Regional Pumpkin Festival","1046 Q","1026 F",1,4,-3,"Porcelain Doll",416.108427532946,"medium"
"1181","2173-P",35,914.302209839784,"OSMOE","Chicago","Florida","UK","Regional Pumpkin Festival","1025 O","1623 F",356,1030,-15,"White Pumpkin",414.649528272011,"medium"
"1182","2201-P",22,900.741031026468,"JESWK","Chicago","California","USA","National Pumpkin Festival","1756 V","1063 A",346,913,-5,"Lady Godiva",408.499333798852,"medium"
"1183","2618-P",11,893.43142681811,"AQIFI","New York","Florida","UK","Regional Pumpkin Festival","1693 D","1011 B",329,836,7,"Hooligan",405.184320552431,"medium"
"1184","2251-P",13,894.175120917149,"LMJQG","Nottingham","Florida","UK","Local Pumpkin Festival","1039 U","1753 K",333,859,2,"Porcelain Doll",405.521596787823,"medium"
"1185","2303-P",76,892.586214723065,"XAJFU","Paris","Florida","France","National Pumpkin Festival","1252 O","1862 H",297,630,44,"Hooligan",404.801004409554,"medium"
"1186","2158-P",35,891.309837670065,"PFMQQ","New York","California","UK","National Pumpkin Festival","1387 B","1143 S",324,777,13,"Lady Godiva",404.222148603204,"medium"
"1187","2207-P",39,882.739487770014,"DOTQH","Chicago","New York","USA","Local Pumpkin Festival","1184 R","1766 T",351,976,-12,"White Pumpkin",400.335368603181,"medium"
"1188","2184-P",37,888.187117780559,"XSYRP","Houston","Texas","France","Local Pumpkin Festival","1983 X","1237 V",351,983,-7,"White Pumpkin",402.805949106829,"medium"
"1189","2650-P",71,863.170127414167,"PHLBL","Houston","California","UK","National Pumpkin Festival","1360 D","1224 B",328,820,9,"Lady Godiva",391.46037524452,"medium"
"1190","2406-P",22,866.138680192083,"TVHFI","Los Angeles","Florida","USA","Regional Pumpkin Festival","1429 X","1735 Z",3,-5,3,"Porcelain Doll",392.806657683484,"medium"
"1191","2330-P",2,868.246056910604,"OYHIE","Los Angeles","California","USA","Local Pumpkin Festival","1212 K","1074 J",356,980,-12,"Lady Godiva",393.762384086442,"medium"
"1192","2021-P",42,864.745090812445,"YWTBT","New York","New York","France","Regional Pumpkin Festival","1532 U","1981 L",332,850,3,"Lady Godiva",392.174644359385,"medium"
"1193","2977-P",96,870.394064273685,"ZVXBJ","Nottingham","Florida","USA","National Pumpkin Festival","1274 G","1424 A",338,886,-6,"Porcelain Doll",394.736537085572,"medium"
"1194","2399-P",74,871.913110012189,"HWQRG","Los Angeles","California","UK","Regional Pumpkin Festival","1437 Z","1975 R",345,925,-5,"Hooligan",395.425446717546,"medium"
"1195","2924-P",98,846.918624854647,"LMBPS","Chicago","California","USA","Local Pumpkin Festival","1759 K","1065 I",429,1705,-54,"Lady Godiva",384.090079299159,"medium"
"1196","2583-P",13,845.425415704027,"WBOUF","Chicago","California","USA","Regional Pumpkin Festival","1471 Q","1356 R",-1,2,2,"Lady Godiva",383.412886940602,"medium"
"1197","2742-P",91,843.392897499725,"INYWL","Chicago","New York","USA","Regional Pumpkin Festival","1064 K","1166 Y",327,836,4,"Lady Godiva",382.4911099772,"medium"
"1198","2018-P",50,840.75444802735,"OCMOI","Paris","California","USA","National Pumpkin Festival","1572 U","1858 K",-3,5,2,"Hooligan",381.294534252766,"medium"
"1199","2996-P",36,833.358838224225,"FMMVA","Paris","New York","UK","Regional Pumpkin Festival","1748 F","1413 D",328,817,8,"Hooligan",377.940516201462,"medium"
"1200","2457-P",35,840.004296779074,"KUROO","Paris","New York","France","National Pumpkin Festival","1222 U","1524 X",346,967,-13,"Lady Godiva",380.954329605022,"medium"
"1201","2957-P",46,823.396612899378,"DPLWV","Houston","California","USA","Regional Pumpkin Festival","1642 N","1110 B",341,934,-14,"White Pumpkin",373.422500181124,"medium"
"1202","2186-P",74,820.750105980784,"JVSNI","Houston","Texas","France","Regional Pumpkin Festival","1793 N","1121 D",358,1066,-25,"Lady Godiva",372.22227028607,"medium"
"1203","2661-P",7,820.537313759513,"UJDWB","Los Angeles","Florida","USA","National Pumpkin Festival","1540 X","1557 P",339,896,-6,"Lady Godiva",372.12576587733,"medium"
"1204","2189-P",58,805.202188944258,"VLQII","Paris","New York","France","National Pumpkin Festival","1599 F","1304 W",338,861,-11,"White Pumpkin",365.171060745695,"medium"
"1205","2809-P",59,803.725795606151,"RNINC","New York","Florida","USA","Regional Pumpkin Festival","1187 Q","1449 D",356,1036,-23,"Hooligan",364.501494605964,"medium"
"1206","2910-P",72,801.217244466767,"ZLYPC","Paris","Texas","France","Regional Pumpkin Festival","1872 I","1280 T",348,936,-10,"Lady Godiva",363.363829690144,"medium"
"1207","2287-P",26,811.262976492755,"GMVKS","Los Angeles","California","USA","National Pumpkin Festival","1228 W","1836 N",342,924,-9,"White Pumpkin",367.919717230274,"medium"
"1208","2689-P",88,779.479860194959,"ATVVB","New York","Florida","USA","National Pumpkin Festival","1008 A","1762 U",325,750,7,"Hooligan",353.505605530594,"medium"
"1209","2600-P",19,787.101155427285,"RIESZ","Los Angeles","California","France","National Pumpkin Festival","1174 I","1102 K",319,766,5,"Hooligan",356.961975250469,"medium"
"1210","2603-P",59,782.056451825425,"CRSHD","Paris","Texas","USA","Regional Pumpkin Festival","1381 S","1027 P",328,796,-5,"Porcelain Doll",354.674127811984,"medium"
"1211","2804-P",24,789.275026120245,"MDXBT","Nottingham","California","France","Regional Pumpkin Festival","1369 Z","1983 Z",-2,-5,-4,"White Pumpkin",357.947857650905,"medium"
"1212","2505-P",49,777.016589249484,"FCAAB","Chicago","Texas","UK","Local Pumpkin Festival","1601 F","1707 N",332,855,-11,"Porcelain Doll",352.388475850106,"medium"
"1213","2396-P",20,781.060817066021,"VLUZL","New York","Texas","France","National Pumpkin Festival","1701 A","1320 G",4,5,-1,"Lady Godiva",354.222592773706,"medium"
"1214","2968-P",85,764.283436464146,"UGYVV","New York","Texas","UK","Local Pumpkin Festival","1035 L","1727 O",300,616,29,"Lady Godiva",346.6138033851,"medium"
"1215","2397-P",81,760.406788408756,"SMUZF","Chicago","New York","USA","Regional Pumpkin Festival","1676 Q","1961 I",319,739,5,"White Pumpkin",344.855686353177,"medium"
"1216","2696-P",80,757.342098544352,"MZXJP","Los Angeles","Texas","UK","Regional Pumpkin Festival","1529 E","1193 E",313,712,10,"White Pumpkin",343.465804328504,"medium"
"1217","2951-P",12,756.303777119145,"UPKXP","Los Angeles","California","USA","Regional Pumpkin Festival","1980 Y","1409 J",333,847,-16,"White Pumpkin",342.994910258116,"medium"
"1218","2183-P",32,753.736104990728,"KKMFN","Paris","California","UK","Regional Pumpkin Festival","1781 R","1661 R",327,815,-9,"Porcelain Doll",341.830433102371,"medium"
"1219","2669-P",55,741.0290771937,"HSVWZ","Paris","Texas","France","National Pumpkin Festival","1865 W","1458 C",329,779,-7,"Porcelain Doll",336.067608704626,"medium"
"1220","2567-P",99,730.774010467343,"AVCJF","Nottingham","Texas","USA","Local Pumpkin Festival","1292 W","1781 Q",-4,-5,-2,"Porcelain Doll",331.416784792446,"medium"
"1221","2766-P",29,725.215363201685,"BEOVS","Los Angeles","New York","USA","National Pumpkin Festival","1261 A","1648 W",-3,-4,-1,"Lady Godiva",328.895856327295,"medium"
"1222","2882-P",62,710.816514972411,"AMTAU","Houston","Florida","USA","Regional Pumpkin Festival","1772 V","1803 W",343,924,-22,"Hooligan",322.365766427397,"medium"
"1223","2059-P",69,710.514461547136,"HGSDU","Paris","New York","UK","National Pumpkin Festival","1394 D","1533 H",319,747,-7,"White Pumpkin",322.228780747001,"medium"
"1224","2035-P",76,702.639367505908,"LWVTB","New York","Texas","USA","Local Pumpkin Festival","1292 B","1279 V",-2,-2,4,"Hooligan",318.657309526489,"medium"
"1225","2548-P",30,702.399018846825,"HRAMK","Paris","Texas","USA","Regional Pumpkin Festival","1100 I","1238 M",315,709,-1,"Hooligan",318.548307867041,"medium"
"1226","2493-P",61,700.59989000205,"XWIFH","Nottingham","Florida","USA","National Pumpkin Festival","1862 H","1532 Q",312,730,-6,"White Pumpkin",317.732376418163,"medium"
"1227","2935-P",43,695.594866933115,"HMYDQ","Nottingham","Florida","France","National Pumpkin Festival","1082 G","1346 Q",5,-5,4,"Lady Godiva",315.46252468622,"medium"
"1228","2083-P",12,699.231687504798,"OIFXT","Chicago","Florida","USA","National Pumpkin Festival","1464 U","1680 O",311,691,-1,"Porcelain Doll",317.11187641941,"medium"
"1229","2832-P",99,692.326785236783,"PDCAT","Chicago","New York","France","Regional Pumpkin Festival","1581 S","1976 U",3,-5,-5,"Hooligan",313.980401467929,"medium"
"1230","2571-P",52,688.662288862094,"ZRVPE","Houston","Florida","France","Local Pumpkin Festival","1287 Z","1690 A",306,689,2,"Hooligan",312.318498350156,"medium"
"1231","2281-P",71,678.438481752016,"VXCRB","Nottingham","California","France","Local Pumpkin Festival","1173 I","1971 D",322,754,-6,"Lady Godiva",307.681851134701,"medium"
"1232","2329-P",71,668.156995186396,"BVTUA","Los Angeles","Florida","USA","Regional Pumpkin Festival","1755 X","1352 U",312,692,-2,"Hooligan",303.019045436007,"medium"
"1233","2565-P",37,668.769476422109,"AHPLC","New York","New York","UK","Local Pumpkin Festival","1450 Q","1249 D",-5,-1,1,"Lady Godiva",303.296814703904,"medium"
"1234","2354-P",38,670.685544631444,"PLQMS","Houston","California","USA","Regional Pumpkin Festival","1367 F","1558 E",310,686,-3,"Hooligan",304.165779878206,"medium"
"1235","2085-P",13,654.58983691968,"ZAING","Chicago","New York","France","Regional Pumpkin Festival","1690 L","1390 R",296,607,8,"White Pumpkin",296.866139192599,"medium"
"1236","2782-P",49,645.964388420805,"DCIAV","Chicago","California","UK","Local Pumpkin Festival","1428 Q","1319 W",315,704,-11,"White Pumpkin",292.954371165898,"medium"
"1237","2152-P",5,640.076067059487,"XHZAD","New York","Texas","UK","Regional Pumpkin Festival","1310 D","1429 Y",307,645,2,"Lady Godiva",290.283930639223,"medium"
"1238","2442-P",13,618.152851884253,"BNRVK","Paris","Florida","France","Regional Pumpkin Festival","1583 T","1679 R",299,630,-6,"Porcelain Doll",280.341429425965,"medium"
"1239","2825-P",85,618.422117676586,"PRJET","Nottingham","California","UK","National Pumpkin Festival","1168 Y","1640 O",297,630,-1,"White Pumpkin",280.463545431558,"medium"
"1240","2997-P",67,611.785790789872,"PNURW","Paris","California","UK","Local Pumpkin Festival","1075 J","1058 T",296,580,7,"Porcelain Doll",277.453873374092,"medium"
"1241","2793-P",5,595.376351447776,"JPZTW","Paris","Florida","France","Regional Pumpkin Festival","1498 K","1966 G",290,580,7,"White Pumpkin",270.011950769966,"medium"
"1242","2499-P",81,603.230941045098,"GCXNH","Paris","New York","France","Local Pumpkin Festival","1200 I","1612 J",305,670,-8,"Hooligan",273.574122922947,"medium"
"1243","2303-P",13,585.792786555365,"HZTNH","Los Angeles","New York","USA","National Pumpkin Festival","1680 F","1775 D",-3,-5,3,"Hooligan",265.6656628369,"medium"
"1244","2088-P",97,571.574616902508,"GRZAQ","Nottingham","Texas","UK","Regional Pumpkin Festival","1175 N","1062 K",287,549,2,"Porcelain Doll",259.217513334471,"medium"
"1245","2457-P",95,571.068927513435,"JULPZ","Nottingham","Florida","France","Local Pumpkin Festival","1375 U","1918 O",-5,3,-1,"Lady Godiva",258.988175743055,"medium"
"1246","2709-P",99,571.737779505551,"NDJKI","Chicago","Florida","USA","Regional Pumpkin Festival","1938 V","1338 K",288,541,1,"Porcelain Doll",259.291509979842,"medium"
"1247","2326-P",20,574.526872470602,"PVREO","Los Angeles","California","USA","National Pumpkin Festival","1999 U","1236 A",289,535,3,"Hooligan",260.556404748573,"medium"
"1248","2051-P",74,562.894963121042,"EWDYY","Houston","Texas","UK","Local Pumpkin Festival","1702 Z","1454 I",295,622,-11,"White Pumpkin",255.281162413171,"medium"
"1249","2794-P",73,564.092892805114,"TGRRO","Los Angeles","New York","USA","Local Pumpkin Festival","2000 Y","1549 D",298,590,-5,"Porcelain Doll",255.824441181458,"medium"
"1250","2770-P",20,567.844249639846,"CSJOM","Los Angeles","California","UK","Local Pumpkin Festival","1319 V","1140 V",301,612,-12,"Lady Godiva",257.525736798116,"medium"
"1251","2625-P",37,565.93529345002,"GOTZX","Chicago","Florida","UK","Regional Pumpkin Festival","1548 J","1160 E",289,533,3,"White Pumpkin",256.659997029488,"medium"
"1252","2677-P",56,561.12948622182,"LVMCC","Chicago","Florida","UK","Local Pumpkin Festival","1019 G","1985 W",292,589,-9,"White Pumpkin",254.480492617605,"medium"
"1253","2649-P",73,559.218638977036,"EPKEL","New York","Texas","USA","Regional Pumpkin Festival","1845 T","1330 E",-5,0,-5,"Porcelain Doll",253.613895227681,"medium"
"1254","2512-P",48,545.334686283208,"YKJVD","Chicago","New York","USA","Regional Pumpkin Festival","1476 P","1406 J",6,-5,-2,"White Pumpkin",247.317318042271,"medium"
"1255","2368-P",41,536.280151223764,"LOBMR","Chicago","California","France","National Pumpkin Festival","1232 W","1404 L",-4,1,-1,"White Pumpkin",243.210952935947,"medium"
"1256","2063-P",74,530.159301244281,"HFJMI","Nottingham","California","UK","Local Pumpkin Festival","1726 N","1526 V",273,463,17,"Lady Godiva",240.435057253642,"medium"
"1257","2381-P",93,526.000184523873,"BZVMN","New York","New York","UK","Regional Pumpkin Festival","1234 T","1815 T",5,1,2,"Lady Godiva",238.548836518763,"medium"
"1258","2496-P",25,530.901239928789,"CDGAY","Paris","Texas","UK","National Pumpkin Festival","1567 S","1672 U",289,579,-8,"White Pumpkin",240.771537382671,"medium"
"1259","2705-P",4,517.633188184723,"CVBYW","Nottingham","California","USA","Local Pumpkin Festival","1152 Q","1745 C",276,518,4,"Porcelain Doll",234.754280355884,"medium"
"1260","2284-P",54,501.641032129526,"LLBIS","Houston","Florida","UK","Local Pumpkin Festival","1181 X","1404 G",286,509,-3,"White Pumpkin",227.501601872801,"medium"
"1261","2083-P",89,497.281758477911,"UWDXB","Paris","California","UK","Local Pumpkin Festival","1417 L","1800 X",285,513,4,"Lady Godiva",225.524607019461,"medium"
"1262","2678-P",70,494.295903131366,"VQXEK","Los Angeles","New York","UK","Regional Pumpkin Festival","1656 L","1250 Z",286,513,-1,"White Pumpkin",224.170477610597,"medium"
"1263","2004-P",47,485.706704521365,"YHVFV","Chicago","New York","France","National Pumpkin Festival","1208 O","1185 E",280,517,-2,"Porcelain Doll",220.275149442796,"medium"
"1264","2277-P",25,475.490914774127,"YLNSI","Chicago","New York","UK","National Pumpkin Festival","1513 O","1394 Z",284,499,-8,"Lady Godiva",215.642138219559,"medium"
"1265","2150-P",94,474.216345442086,"CZOUR","Chicago","California","UK","Regional Pumpkin Festival","1496 X","1534 F",-3,-3,-1,"Lady Godiva",215.064102241309,"medium"
"1266","2766-P",11,484.723701861128,"PNSZU","Paris","Florida","USA","Local Pumpkin Festival","1890 H","1293 S",-1,-5,3,"Hooligan",219.829343247677,"medium"
"1267","2254-P",39,465.220502521843,"SXUCW","Houston","California","France","Local Pumpkin Festival","1624 J","1690 R",282,506,-4,"Porcelain Doll",210.984354885189,"medium"
"1268","2491-P",93,464.513944973238,"RXENU","Paris","California","USA","Local Pumpkin Festival","1422 K","1178 G",271,475,3,"Porcelain Doll",210.663920622784,"medium"
"1269","2228-P",95,470.032487262599,"UXURA","Paris","Texas","France","Regional Pumpkin Festival","1137 Z","1989 P",268,473,4,"Hooligan",213.166660890068,"medium"
"1270","2209-P",68,465.523975018971,"PVQTB","Los Angeles","California","USA","National Pumpkin Festival","1161 C","1350 Y",274,456,8,"White Pumpkin",211.121984135588,"medium"
"1271","2553-P",58,458.541766882874,"HVGIE","Houston","New York","UK","Local Pumpkin Festival","1661 L","1412 N",-3,-3,-2,"White Pumpkin",207.955449833503,"medium"
"1272","2690-P",66,463.201314564794,"LCCEL","New York","New York","France","National Pumpkin Festival","1968 W","1817 N",275,507,-8,"Porcelain Doll",210.068623385394,"medium"
"1273","2620-P",48,450.561596542597,"DWTFJ","Paris","California","USA","Regional Pumpkin Festival","1856 C","1996 G",276,482,-2,"White Pumpkin",204.336324962629,"medium"
"1274","2275-P",22,454.869003968313,"BVRRA","New York","California","UK","Local Pumpkin Festival","1232 X","1301 K",280,481,-8,"Hooligan",206.289797718056,"medium"
"1275","2007-P",31,448.500832124613,"BAARU","Los Angeles","Texas","USA","Regional Pumpkin Festival","1354 I","1499 G",-1,-2,-4,"Lady Godiva",203.401737924995,"medium"
"1276","2788-P",83,444.574433096685,"HNEZL","Paris","New York","USA","Local Pumpkin Festival","1228 K","1759 N",3,5,4,"Hooligan",201.621058093734,"medium"
"1277","2753-P",29,445.441378191113,"YXWNZ","Houston","California","France","National Pumpkin Festival","1518 H","1615 N",1,-2,1,"Hooligan",202.01423047216,"medium"
"1278","2733-P",5,444.103687063791,"VBOBI","Los Angeles","Texas","France","Regional Pumpkin Festival","1646 U","1530 O",268,464,-6,"Lady Godiva",201.407567829384,"medium"
"1279","2775-P",29,432.440698766522,"RGWCB","Houston","New York","UK","National Pumpkin Festival","1308 R","1082 B",4,1,-4,"Hooligan",196.118230733117,"medium"
"1280","2293-P",34,421.551153911278,"MWEYP","Paris","California","USA","Local Pumpkin Festival","1481 H","1084 B",275,477,-16,"Lady Godiva",191.179661637768,"medium"
"1281","2784-P",58,415.789361649193,"OSPXP","Los Angeles","Texas","UK","Regional Pumpkin Festival","1648 M","1916 K",253,367,17,"Porcelain Doll",188.566603922536,"medium"
"1282","2028-P",75,414.64879686106,"SQWON","New York","Florida","France","National Pumpkin Festival","1327 H","1101 G",257,395,3,"Hooligan",188.049340980073,"medium"
"1283","2160-P",12,414.807493500412,"BQQZK","Nottingham","New York","UK","National Pumpkin Festival","1837 U","1625 C",257,409,-2,"Porcelain Doll",188.121312245085,"medium"
"1284","2781-P",72,396.054335945286,"GKVZO","New York","Texas","France","National Pumpkin Festival","1719 H","1468 S",250,363,10,"Hooligan",179.616478886751,"medium"
"1285","2060-P",31,395.216367916204,"WXUMR","Los Angeles","Florida","USA","National Pumpkin Festival","1950 D","1313 Z",267,426,-10,"White Pumpkin",179.23644803456,"medium"
"1286","2325-P",82,387.972379628569,"KNEOQ","Chicago","New York","USA","Local Pumpkin Festival","1782 P","1362 N",254,378,3,"Hooligan",175.951192575315,"medium"
"1287","2123-P",24,379.285288710147,"IKJXM","Houston","Florida","USA","National Pumpkin Festival","1728 J","1581 W",256,374,1,"White Pumpkin",172.011468802788,"medium"
"1288","2847-P",45,389.611276624724,"TWUHX","Los Angeles","California","France","Regional Pumpkin Festival","1207 N","1302 I",258,402,-6,"White Pumpkin",176.694456519149,"medium"
"1289","2070-P",19,374.594811674207,"THRWY","Nottingham","California","USA","Regional Pumpkin Festival","1732 H","1438 A",246,359,13,"Hooligan",169.884268332974,"medium"
"1290","2612-P",20,393.120464534871,"IJVHT","Paris","California","France","National Pumpkin Festival","1914 Y","1035 T",1,4,5,"Lady Godiva",178.285924959125,"medium"
"1291","2639-P",53,384.564574685879,"WPVBK","Houston","New York","UK","Regional Pumpkin Festival","1428 T","1923 W",253,368,8,"Lady Godiva",174.405702805387,"medium"
"1292","2071-P",44,380.444414496236,"RBQTY","New York","California","France","Regional Pumpkin Festival","1071 C","1497 H",2,3,4,"Hooligan",172.537149431399,"medium"
"1293","2185-P",94,381.767737194896,"UUUHR","Houston","California","France","Local Pumpkin Festival","1924 O","1772 X",262,395,0,"Hooligan",173.137295779998,"medium"
"1294","2787-P",70,374.919981001876,"KRSUO","Paris","Florida","France","National Pumpkin Festival","1431 X","1523 C",262,388,-11,"Porcelain Doll",170.031737415817,"medium"
"1295","2575-P",83,361.51447199937,"KLXFT","Paris","California","France","Regional Pumpkin Festival","1179 G","1996 Q",250,365,2,"Lady Godiva",163.952141496313,"medium"
"1296","2715-P",77,361.833477601782,"MSACE","Nottingham","California","USA","National Pumpkin Festival","1226 X","1368 O",244,318,18,"White Pumpkin",164.096815238903,"medium"
"1297","2840-P",83,349.908091296442,"CLYQW","Paris","California","UK","Local Pumpkin Festival","1154 N","1976 P",238,308,7,"White Pumpkin",158.688476778432,"medium"
"1298","2479-P",76,337.094801005907,"GGREC","Houston","Florida","USA","Regional Pumpkin Festival","1414 K","1948 F",0,5,-3,"Lady Godiva",152.877460773654,"medium"
"1299","2711-P",100,335.426223346032,"FJLAG","Los Angeles","Texas","France","Local Pumpkin Festival","1912 W","1581 R",256,393,-16,"White Pumpkin",152.120736211352,"medium"
"1300","2643-P",75,332.603903485462,"EJLYE","Nottingham","California","USA","Local Pumpkin Festival","1810 E","1719 O",-4,5,4,"Hooligan",150.840772555765,"medium"
"1301","2333-P",9,323.276607553475,"MBKEJ","New York","Texas","USA","National Pumpkin Festival","1126 D","1527 N",238,304,9,"Hooligan",146.610706373458,"medium"
"1302","2609-P",6,324.874380237423,"XFBNI","Chicago","New York","UK","Regional Pumpkin Festival","1668 B","1261 Y",-4,2,-5,"Lady Godiva",147.335319835566,"medium"
"1303","2055-P",24,332.07196640037,"JGNAN","Paris","New York","France","Regional Pumpkin Festival","1175 H","1316 W",250,356,-11,"White Pumpkin",150.599531247333,"medium"
"1304","2653-P",86,328.836215497926,"MFPWY","New York","New York","USA","National Pumpkin Festival","1425 I","1857 S",249,354,-14,"Hooligan",149.132070520601,"medium"
"1305","2129-P",84,312.883259639144,"XASKF","Nottingham","California","UK","Local Pumpkin Festival","1987 A","1165 E",1,3,5,"Hooligan",141.897169904374,"medium"
"1306","2306-P",97,313.525498613715,"XIVML","Chicago","California","USA","Local Pumpkin Festival","1857 G","1872 Q",232,298,3,"White Pumpkin",142.188434745449,"medium"
"1307","2924-P",52,317.300507036597,"OTHWA","Nottingham","Texas","France","Local Pumpkin Festival","1537 Y","1983 T",3,0,-4,"White Pumpkin",143.900456705939,"medium"
"1308","2029-P",21,304.75205330085,"VTBEC","Paris","Texas","UK","Regional Pumpkin Festival","1829 T","1536 G",237,332,-7,"Hooligan",138.209547982245,"medium"
"1309","2148-P",25,306.368097756058,"PIHEI","Chicago","Florida","USA","National Pumpkin Festival","1538 E","1177 I",234,304,1,"Lady Godiva",138.942447961931,"medium"
"1310","2728-P",13,295.639355886728,"RRJZQ","Nottingham","Texas","France","Regional Pumpkin Festival","1896 R","1644 U",246,326,-4,"Hooligan",134.076805390806,"medium"
"1311","2096-P",55,296.061483362317,"VVIVQ","Los Angeles","Florida","UK","National Pumpkin Festival","1579 C","1018 G",243,332,-9,"Lady Godiva",134.26824642282,"medium"
"1312","2309-P",98,286.29497795552,"IFGZA","Houston","Florida","USA","National Pumpkin Festival","1218 C","1467 V",222,268,12,"Porcelain Doll",129.838992270077,"medium"
"1313","2464-P",75,282.502707973123,"FQOWB","Nottingham","Texas","USA","National Pumpkin Festival","1203 H","1449 A",0,1,1,"Lady Godiva",128.119141937924,"medium"
"1314","2809-P",36,281.428301835433,"CRDSL","Houston","Florida","UK","Regional Pumpkin Festival","1624 S","1768 E",233,293,-2,"White Pumpkin",127.631882918564,"medium"
"1315","2805-P",20,273.838473590091,"YPCOU","New York","Florida","France","Local Pumpkin Festival","1252 X","1825 Y",4,-5,4,"Lady Godiva",124.189783941084,"medium"
"1316","2965-P",80,277.740368652157,"WVCMC","Chicago","Texas","UK","National Pumpkin Festival","1964 Q","1719 S",5,-4,1,"Hooligan",125.959350862656,"medium"
"1317","2235-P",32,265.412413991056,"SRDZU","Chicago","New York","USA","National Pumpkin Festival","1387 I","1197 P",228,264,5,"Porcelain Doll",120.3684417193,"medium"
"1318","2148-P",73,259.801536298357,"SHPVB","Chicago","California","USA","Regional Pumpkin Festival","1089 A","1920 G",3,-2,-2,"Porcelain Doll",117.823825985649,"medium"
"1319","2993-P",27,257.272564931773,"ULTMO","Paris","California","France","National Pumpkin Festival","1878 N","1221 B",-2,-3,-5,"Porcelain Doll",116.676900195815,"medium"
"1320","2621-P",33,264.577154767513,"WKNTB","Houston","Texas","France","Regional Pumpkin Festival","1590 X","1609 Y",220,265,1,"Lady Godiva",119.989639350346,"medium"
"1321","2622-P",91,247.599944107234,"GUUNE","Nottingham","Florida","UK","Regional Pumpkin Festival","1584 K","1158 T",2,2,-5,"White Pumpkin",112.290224084914,"medium"
"1322","2377-P",54,244.685153014585,"MNQMJ","New York","New York","UK","National Pumpkin Festival","1703 J","1345 A",211,222,5,"Hooligan",110.968323362624,"medium"
"1323","2431-P",35,240.818172131851,"HMSGW","Nottingham","Texas","USA","National Pumpkin Festival","1385 Z","1601 V",216,215,11,"Lady Godiva",109.214590535987,"medium"
"1324","2041-P",32,226.773933537304,"GODEQ","New York","California","USA","Regional Pumpkin Festival","1630 D","1225 L",220,232,-1,"Porcelain Doll",102.845321332111,"medium"
"1325","2969-P",93,221.583126917481,"SSFVZ","New York","Florida","UK","National Pumpkin Festival","1237 J","1594 J",218,218,4,"White Pumpkin",100.491214021534,"medium"
"1326","2739-P",80,215.460059332661,"JRDXB","New York","California","USA","Local Pumpkin Festival","1723 S","1823 J",210,198,4,"Hooligan",97.7143126225221,"light"
"1327","2194-P",7,208.270810682327,"GUVDL","Paris","Texas","UK","Regional Pumpkin Festival","1549 E","1959 Y",3,-2,2,"Hooligan",94.453882395613,"light"
"1328","2857-P",88,205.787974927574,"CMJAM","Chicago","New York","UK","Regional Pumpkin Festival","1050 Q","1687 E",-3,3,2,"White Pumpkin",93.327879785748,"light"
"1329","2964-P",49,176.783855165355,"PUPWK","New York","Texas","France","Local Pumpkin Festival","1400 A","1521 B",200,171,4,"Lady Godiva",80.1740839752176,"light"
"1330","2524-P",89,176.799336407334,"YDLEL","New York","New York","UK","Local Pumpkin Festival","1986 H","1814 M",212,211,-10,"Porcelain Doll",80.1811049466366,"light"
"1331","2054-P",98,181.329676092602,"DITNL","Houston","California","France","National Pumpkin Festival","1513 D","1656 G",193,177,-4,"White Pumpkin",82.2356807676201,"light"
"1332","2350-P",26,168.31775692571,"HZPZX","Los Angeles","New York","USA","Local Pumpkin Festival","1626 I","1561 O",199,167,-1,"Lady Godiva",76.3345836397776,"light"
"1333","2584-P",57,162.27428376954,"FPFDT","Chicago","California","UK","National Pumpkin Festival","1320 V","1472 C",184,150,6,"White Pumpkin",73.5937794873199,"light"
"1334","2857-P",73,157.984308159724,"ISRKG","Los Angeles","California","France","National Pumpkin Festival","1267 M","1653 C",183,138,15,"Porcelain Doll",71.6482123173351,"light"
"1335","2689-P",92,136.79411051888,"ONYZE","New York","New York","USA","National Pumpkin Festival","1618 G","1936 T",-5,2,3,"Lady Godiva",62.0381453600364,"light"
"1336","2849-P",41,117.581735245883,"SWKPU","Chicago","Florida","UK","Regional Pumpkin Festival","1205 B","1663 D",162,111,10,"Porcelain Doll",53.3250499981331,"light"
"1337","2890-P",58,111.010316173546,"JQNND","Paris","Florida","USA","Regional Pumpkin Festival","1961 I","1794 H",1,4,5,"Lady Godiva",50.3448145911773,"light"
"1338","2779-P",30,106.191383371875,"MISRD","Houston","Texas","France","National Pumpkin Festival","1592 S","1792 K",0,1,3,"Lady Godiva",48.1593575382652,"light"
"1339","2407-P",28,116.863145340234,"GCKZJ","Paris","California","USA","Regional Pumpkin Festival","1288 Y","1280 X",3,-4,1,"Porcelain Doll",52.9991588844599,"light"
"1340","2722-P",42,101.11992678009,"VVCIL","New York","California","UK","National Pumpkin Festival","1637 K","1098 F",-1,0,1,"White Pumpkin",45.8593772245305,"light"
"1341","2524-P",5,100.140634933487,"SONEY","New York","Texas","USA","Regional Pumpkin Festival","1320 I","1797 H",2,-3,3,"Hooligan",45.4152539380892,"light"
"1342","2542-P",67,109.08618117962,"KNOWV","Los Angeles","California","France","National Pumpkin Festival","1876 C","1537 Q",-4,4,-2,"Lady Godiva",49.4721910111657,"light"
"1343","2848-P",11,93.8738427925855,"TVUCY","Nottingham","New York","UK","Local Pumpkin Festival","1614 Y","1807 I",-1,0,-2,"Lady Godiva",42.5731713345059,"light"
"1344","2885-P",26,85.6619483338669,"RMDAS","Los Angeles","California","France","National Pumpkin Festival","1106 X","1412 T",4,1,-2,"Porcelain Doll",38.8489561604839,"light"
"1345","2744-P",63,75.1103504728526,"CYAEO","Nottingham","Texas","USA","National Pumpkin Festival","1696 D","1772 P",0,5,-2,"White Pumpkin",34.0636510080964,"light"
"1346","2823-P",49,75.0048342272639,"KLJNQ","New York","New York","USA","Local Pumpkin Festival","1013 W","1537 K",3,1,-5,"Porcelain Doll",34.0157978354938,"light"
"1347","2289-P",92,79.0230707012117,"OYESX","Chicago","California","USA","Regional Pumpkin Festival","1134 B","1088 A",152,86,-7,"Lady Godiva",35.8381273021368,"light"
"1348","2896-P",21,72.7991405166686,"SJFGD","Los Angeles","Texas","France","Local Pumpkin Festival","1694 Q","1435 G",148,84,-4,"Hooligan",33.0154832275141,"light"
"1349","2496-P",11,71.9756725145504,"CCKRY","Nottingham","California","USA","National Pumpkin Festival","1009 R","1190 A",-3,2,4,"White Pumpkin",32.64202835127,"light"
"1350","2490-P",17,61.7194466255605,"HVXMD","Los Angeles","New York","USA","National Pumpkin Festival","1461 M","1626 F",136,55,3,"White Pumpkin",27.9906787417508,"light"
"1351","2098-P",26,56.5870478568599,"FUAHB","Los Angeles","New York","France","Regional Pumpkin Festival","1438 T","1021 P",4,-5,-1,"Hooligan",25.6630602525442,"light"
"1352","2156-P",48,50.6157849378884,"WLUKY","Paris","New York","USA","Local Pumpkin Festival","1523 Y","1988 A",-4,1,-2,"White Pumpkin",22.9550045069789,"light"
"1353","2725-P",68,41.9495116828009,"ZFQOS","Paris","New York","USA","Regional Pumpkin Festival","1269 A","1602 F",3,4,-2,"Lady Godiva",19.0247218516104,"light"
"1354","2384-P",63,31.0696165891364,"DFGBM","Houston","New York","France","Local Pumpkin Festival","1227 G","1793 R",-1,3,4,"White Pumpkin",14.090529065368,"light"
"1355","2761-P",22,36.4551929924637,"JXBYT","Los Angeles","New York","UK","Regional Pumpkin Festival","1839 D","1231 Q",-2,3,-1,"Lady Godiva",16.532967343521,"light"
"1356","2311-P",17,22.622361051105,"FIFMW","Chicago","Florida","UK","Local Pumpkin Festival","1115 U","1596 L",-2,-4,-5,"White Pumpkin",10.2595741728367,"light"
"1357","2058-P",53,1974.97118288651,"AFVCL","Chicago","California","France","National Pumpkin Festival","1576 N","1723 H",446,1813,9,"Hooligan",895.678540991615,"heavy"
"1358","2997-P",8,1939.12066551801,"KGMYB","Los Angeles","Florida","USA","Regional Pumpkin Festival","1377 X","1561 Q",8,4,0,"White Pumpkin",879.419802956013,"heavy"
"1359","2372-P",50,1610.64818251505,"ZVFQT","Paris","Florida","France","Regional Pumpkin Festival","1662 L","1845 T",431,1688,-2,"Lady Godiva",730.452690483018,"heavy"
"1360","2219-P",15,1605.5733716134,"VEIXP","Chicago","Texas","USA","National Pumpkin Festival","1848 D","1770 R",414,1585,0,"White Pumpkin",728.151188940317,"heavy"
"1361","2541-P",27,1502.3760074256,"UYQAD","Chicago","Florida","UK","National Pumpkin Festival","1056 A","1852 J",399,1379,7,"White Pumpkin",681.349663231564,"heavy"
"1362","2607-P",46,1125.59294132609,"GPEXO","Los Angeles","Texas","UK","National Pumpkin Festival","1459 U","1997 B",355,1007,8,"Hooligan",510.472989263532,"heavy"
"1363","2625-P",64,689.918432276323,"FAFDZ","Nottingham","Texas","France","Regional Pumpkin Festival","1989 X","1033 Y",306,686,4,"White Pumpkin",312.888177903095,"medium"
"1364","2517-P",62,2530.26707438473,"YMHGL","Houston","California","France","National Pumpkin Festival","1805 J","1113 W",491,2302,15,"Hooligan",1147.51341241938,"heavy"
"1365","2284-P",61,2142.23014732078,"ZMYLQ","Chicago","Florida","USA","Local Pumpkin Festival","1409 H","1414 T",461,2050,2,"Porcelain Doll",971.532946630738,"heavy"
"1366","2413-P",58,2145.55985352397,"EZJYG","Paris","California","UK","Local Pumpkin Festival","1449 V","1434 G",447,1921,8,"Lady Godiva",973.043017471188,"heavy"
"1367","2595-P",29,2081.29499197286,"PVEFI","Los Angeles","Texas","France","Regional Pumpkin Festival","1710 Y","1703 Y",461,1956,10,"Porcelain Doll",943.897955543245,"heavy"
"1368","2931-P",58,2065.44922612365,"EIDRT","Los Angeles","Texas","USA","Local Pumpkin Festival","1300 X","1944 O",467,2016,-2,"White Pumpkin",936.71166717626,"heavy"
"1369","2503-P",18,2012.21704344451,"CPLIK","Nottingham","Texas","USA","Regional Pumpkin Festival","1876 B","1432 G",445,1871,11,"White Pumpkin",912.570087729938,"heavy"
"1370","2465-P",29,1928.7399937788,"JRSWD","Houston","California","UK","Local Pumpkin Festival","1459 C","1479 E",448,1926,4,"Porcelain Doll",874.712015319185,"heavy"
"1371","2640-P",32,1857.93830368668,"SQHRQ","Chicago","California","France","Regional Pumpkin Festival","1665 W","1833 E",-5,0,5,"Hooligan",842.602405300081,"heavy"
"1372","2175-P",4,1848.82763467263,"HQTGA","Houston","Florida","USA","Local Pumpkin Festival","1975 P","1600 S",452,1868,0,"Porcelain Doll",838.470582617975,"heavy"
"1373","2642-P",67,1820.44255920034,"XVQDV","Los Angeles","Florida","France","Local Pumpkin Festival","1991 B","1899 F",429,1715,8,"Lady Godiva",825.597532517161,"heavy"
"1374","2245-P",19,1809.03172731027,"SOOVQ","Paris","California","USA","National Pumpkin Festival","1765 T","1594 W",427,1692,5,"Hooligan",820.42255206815,"heavy"
"1375","2566-P",41,1774.21267720964,"XHQBM","Houston","Texas","USA","National Pumpkin Festival","1260 J","1652 N",428,1695,8,"White Pumpkin",804.631599641559,"heavy"
"1376","2105-P",49,1769.18310704734,"NDUUC","Houston","Florida","France","National Pumpkin Festival","1957 P","1190 O",412,1549,17,"Lady Godiva",802.350615440971,"heavy"
"1377","2335-P",47,1739.16776336171,"JCLAZ","New York","Florida","France","Local Pumpkin Festival","1764 J","1382 R",432,1738,-5,"Porcelain Doll",788.738214676511,"heavy"
"1378","2178-P",90,1735.41091805138,"EDHOI","Houston","California","USA","National Pumpkin Festival","1835 O","1940 Y",416,1568,11,"Porcelain Doll",787.034429955273,"heavy"
"1379","2176-P",52,1701.87955728173,"OUEUE","New York","New York","USA","Regional Pumpkin Festival","1456 I","1148 C",441,1827,-11,"Lady Godiva",771.827463619833,"heavy"
"1380","2741-P",21,1701.96986846253,"YXENG","Paris","Texas","France","Local Pumpkin Festival","1731 Z","1801 S",420,1631,8,"Hooligan",771.868421071443,"heavy"
"1381","2113-P",29,1643.92147538997,"QTAPB","Chicago","Florida","France","National Pumpkin Festival","1897 H","1052 V",421,1582,8,"Lady Godiva",745.542619224477,"heavy"
"1382","2682-P",62,1588.56610070076,"BDDUV","Paris","California","USA","Regional Pumpkin Festival","1417 P","1066 M",410,1482,12,"Porcelain Doll",720.438140907373,"heavy"
"1383","2388-P",65,1598.14410966262,"UOQUQ","Chicago","Florida","UK","National Pumpkin Festival","1533 H","1953 Z",433,1681,-7,"Lady Godiva",724.781909144046,"heavy"
"1384","2201-P",99,1578.51595702954,"QNKGW","Los Angeles","Florida","UK","Local Pumpkin Festival","1792 M","1343 X",419,1553,3,"Lady Godiva",715.880252621105,"heavy"
"1385","2475-P",65,1580.00816386472,"ZCMOE","Chicago","Texas","UK","Local Pumpkin Festival","1239 R","1074 W",417,1598,-6,"Lady Godiva",716.556990414841,"heavy"
"1386","2386-P",75,1566.7980009513,"ONCIR","Chicago","Florida","USA","Local Pumpkin Festival","1659 S","1389 C",440,1765,-14,"Hooligan",710.565986825985,"heavy"
"1387","2192-P",9,1517.38041257299,"UBRUU","New York","New York","France","Regional Pumpkin Festival","1877 L","1860 R",401,1465,6,"White Pumpkin",688.154382119272,"heavy"
"1388","2679-P",78,1516.93606877141,"RYBLF","New York","New York","UK","National Pumpkin Festival","1391 Q","1069 A",395,1357,14,"White Pumpkin",687.952865655967,"heavy"
"1389","2956-P",40,1505.11038377043,"BZSDY","Los Angeles","Texas","USA","National Pumpkin Festival","1064 S","1194 N",402,1410,12,"Porcelain Doll",682.589743206544,"heavy"
"1390","2203-P",1,1507.69543196056,"QJHSO","New York","Florida","UK","National Pumpkin Festival","1634 C","1549 G",400,1403,2,"Lady Godiva",683.762100662386,"heavy"
"1391","2305-P",75,1491.99813050404,"MVBRU","Los Angeles","New York","France","Regional Pumpkin Festival","1353 K","1482 H",427,1635,-11,"Porcelain Doll",676.643143085733,"heavy"
"1392","2414-P",83,1498.96942756791,"AAJAR","Nottingham","California","USA","Local Pumpkin Festival","1225 F","1793 R",412,1544,-5,"Hooligan",679.80472905574,"heavy"
"1393","2268-P",75,1497.56289509498,"MTQIW","Paris","Texas","France","Local Pumpkin Festival","1668 W","1901 S",411,1548,-1,"Porcelain Doll",679.166845848062,"heavy"
"1394","2082-P",62,1449.26236613095,"KXSNK","Houston","New York","UK","National Pumpkin Festival","1783 K","1986 N",409,1454,3,"Porcelain Doll",657.261844050317,"heavy"
"1395","2201-P",81,1446.67651883047,"MGWII","New York","Florida","USA","Local Pumpkin Festival","1232 P","1600 A",393,1345,3,"Hooligan",656.089124186155,"heavy"
"1396","2698-P",74,1425.07108582743,"MHIWH","Houston","California","USA","National Pumpkin Festival","1122 C","1950 F",404,1419,-3,"Porcelain Doll",646.290741871848,"heavy"
"1397","2934-P",21,1429.27654669527,"WMFKI","New York","Texas","UK","Local Pumpkin Festival","1001 V","1404 G",408,1460,-7,"Lady Godiva",648.197980360667,"heavy"
"1398","2727-P",74,1383.7305651363,"RQMWQ","Chicago","New York","USA","Local Pumpkin Festival","1801 K","1612 H",396,1380,-1,"White Pumpkin",627.54220641102,"heavy"
"1399","2900-P",35,1385.21933460888,"LBHVV","Los Angeles","New York","UK","Regional Pumpkin Festival","1493 X","1306 Q",407,1490,-3,"Hooligan",628.217385310148,"heavy"
"1400","2930-P",45,1369.23556917626,"JEGNF","Houston","Florida","France","National Pumpkin Festival","1510 A","1277 D",399,1360,5,"Hooligan",620.968512098079,"heavy"
"1401","2543-P",43,1331.0425015958,"TYRFN","Los Angeles","New York","USA","Local Pumpkin Festival","1875 W","1630 P",391,1315,-2,"Lady Godiva",603.647393013969,"heavy"
"1402","2259-P",73,1321.58840167057,"VLDZC","New York","California","USA","National Pumpkin Festival","1548 M","1590 B",405,1417,-3,"Porcelain Doll",599.359819351731,"heavy"
"1403","2741-P",30,1328.29051706474,"WUWDR","Houston","New York","UK","National Pumpkin Festival","1220 E","1053 B",361,1097,25,"Lady Godiva",602.399327467003,"heavy"
"1404","2719-P",45,1308.12262186408,"EGQJM","Nottingham","California","France","Local Pumpkin Festival","1178 B","1837 Q",390,1357,-1,"Porcelain Doll",593.252889734277,"heavy"
"1405","2033-P",86,1309.71752740908,"HYFVT","New York","Florida","UK","Regional Pumpkin Festival","1972 K","1065 F",409,1540,-15,"White Pumpkin",593.976202906614,"heavy"
"1406","2266-P",86,1300.88859059382,"RQTOI","Houston","New York","France","Local Pumpkin Festival","1884 L","1310 C",394,1352,-4,"Hooligan",589.972149929171,"heavy"
"1407","2817-P",37,1293.56824028119,"OBMEY","Nottingham","California","France","Local Pumpkin Festival","1392 C","1115 K",381,1219,3,"Lady Godiva",586.652263166075,"heavy"
"1408","2427-P",73,1301.87461821083,"MBOXI","Chicago","New York","UK","National Pumpkin Festival","1205 W","1286 V",380,1218,2,"Porcelain Doll",590.419327986771,"heavy"
"1409","2528-P",74,1281.94534699619,"IGORI","Chicago","New York","USA","Regional Pumpkin Festival","1388 X","1286 I",373,1173,15,"White Pumpkin",581.381109748838,"heavy"
"1410","2168-P",68,1277.11641746387,"AJWMT","Los Angeles","California","UK","Regional Pumpkin Festival","1920 X","1240 L",362,1115,15,"Porcelain Doll",579.191119031233,"heavy"
"1411","2975-P",57,1261.8597830832,"RIEMK","Houston","Texas","France","Local Pumpkin Festival","1622 Z","1929 I",380,1215,5,"Hooligan",572.272010468572,"heavy"
"1412","2554-P",1,1240.82900315057,"HNNXM","Paris","Florida","France","Regional Pumpkin Festival","1000 N","1305 N",371,1107,11,"Porcelain Doll",562.734241791644,"heavy"
"1413","2309-P",43,1234.68178498242,"HUYOD","Paris","New York","USA","Regional Pumpkin Festival","1076 U","1553 Y",383,1240,-2,"Hooligan",559.94638774713,"heavy"
"1414","2591-P",31,1227.49886831734,"PRWJF","New York","Florida","USA","Regional Pumpkin Festival","1345 H","1111 F",374,1217,-1,"Porcelain Doll",556.688829168863,"heavy"
"1415","2186-P",8,1210.72332805283,"BOPFE","New York","California","UK","Local Pumpkin Festival","1820 J","1569 U",376,1227,-5,"Lady Godiva",549.080874400378,"heavy"
"1416","2136-P",39,1207.86766589433,"ELUES","Chicago","Florida","France","Regional Pumpkin Festival","1061 Q","1322 W",380,1267,0,"Hooligan",547.785789521238,"heavy"
"1417","2540-P",26,1217.59661878087,"UVRMF","Nottingham","Texas","UK","National Pumpkin Festival","1684 K","1091 S",386,1286,-4,"Lady Godiva",552.198013052547,"heavy"
"1418","2014-P",43,1190.53545759525,"NEORC","Los Angeles","California","UK","National Pumpkin Festival","1081 W","1132 Y",392,1295,-2,"Porcelain Doll",539.925377594218,"heavy"
"1419","2486-P",78,1191.33555785567,"JEOGJ","Chicago","Texas","France","Regional Pumpkin Festival","1912 T","1194 X",368,1126,2,"White Pumpkin",540.288234855177,"heavy"
"1420","2128-P",54,1192.01303400323,"SBLTI","New York","Florida","UK","Local Pumpkin Festival","1582 K","1846 O",381,1204,-6,"Porcelain Doll",540.595480273573,"heavy"
"1421","2213-P",87,1189.81664507184,"YXZKW","Paris","California","France","Regional Pumpkin Festival","1271 M","1982 Q",397,1356,-11,"White Pumpkin",539.59938552011,"heavy"
"1422","2523-P",7,1179.96461718529,"CQBZV","Los Angeles","Florida","UK","Local Pumpkin Festival","1213 O","1706 Q",368,1079,6,"Hooligan",535.131345662265,"heavy"
"1423","2576-P",4,1189.00695504155,"ZYXRU","Nottingham","Texas","UK","National Pumpkin Festival","1578 P","1263 Q",361,1083,10,"Hooligan",539.232179157166,"heavy"
"1424","2789-P",44,1150.31734992936,"FMJHL","Paris","Texas","France","National Pumpkin Festival","1897 I","1575 C",379,1224,-3,"Hooligan",521.685872983838,"heavy"
"1425","2940-P",74,1155.11459610332,"BGWVU","Paris","New York","USA","Regional Pumpkin Festival","1663 J","1792 X",373,1144,2,"Lady Godiva",523.861494831437,"heavy"
"1426","2179-P",85,1134.02265212685,"UHZWV","Houston","Florida","UK","Regional Pumpkin Festival","1835 J","1969 H",359,1075,5,"Hooligan",514.295987359115,"heavy"
"1427","2796-P",53,1146.06928933132,"YDLWG","Chicago","California","USA","Regional Pumpkin Festival","1181 T","1661 A",361,1084,6,"Lady Godiva",519.759314889489,"heavy"
"1428","2305-P",15,1117.70237202141,"ZWBOB","New York","California","USA","National Pumpkin Festival","1969 E","1244 U",0,-1,-5,"Hooligan",506.894499782954,"heavy"
"1429","2715-P",78,1105.98390650656,"VZHOH","New York","Florida","France","Regional Pumpkin Festival","1068 Y","1918 I",368,1149,-3,"Porcelain Doll",501.580002950821,"heavy"
"1430","2816-P",75,1113.00435615331,"TBFRW","New York","Florida","USA","National Pumpkin Festival","1635 Z","1701 Y",362,1087,4,"White Pumpkin",504.763880341637,"heavy"
"1431","2768-P",4,1117.8335177768,"EUYDS","Los Angeles","Texas","UK","Regional Pumpkin Festival","1112 U","1528 F",358,1056,8,"Lady Godiva",506.95397631601,"heavy"
"1432","2160-P",76,1108.8834987618,"AUEBL","Chicago","New York","USA","Local Pumpkin Festival","1057 L","1103 H",5,5,-2,"Lady Godiva",502.895010776328,"heavy"
"1433","2497-P",26,1104.11090379767,"ZOUWF","Paris","Texas","UK","Local Pumpkin Festival","1224 S","1722 H",349,997,6,"Hooligan",500.730568615724,"heavy"
"1434","2421-P",67,1076.5603272235,"NFSFV","Houston","California","UK","Regional Pumpkin Festival","1806 P","1378 C",371,1125,-9,"Porcelain Doll",488.23597606508,"medium"
"1435","2430-P",26,1076.88451230936,"NTNCX","Houston","New York","UK","National Pumpkin Festival","1972 A","1122 V",368,1148,-7,"Lady Godiva",488.382998779754,"medium"
"1436","2898-P",65,1085.45774221569,"RDUEU","New York","New York","France","Local Pumpkin Festival","1211 L","1377 B",374,1156,-2,"Hooligan",492.271084905076,"medium"
"1437","2442-P",44,1073.66828446556,"UVGCR","Nottingham","New York","France","Regional Pumpkin Festival","1481 O","1072 V",350,1016,2,"Hooligan",486.924392047872,"medium"
"1438","2150-P",91,1075.24001577403,"OGUOP","Los Angeles","California","UK","Regional Pumpkin Festival","1571 M","1666 D",360,1056,0,"Lady Godiva",487.637195362374,"medium"
"1439","2321-P",65,1030.85276594665,"ZLBVG","Houston","California","France","National Pumpkin Festival","1417 Y","1037 K",357,1053,-2,"Lady Godiva",467.506923331814,"medium"
"1440","2805-P",17,1031.52986774035,"DSSQR","Chicago","Florida","USA","Regional Pumpkin Festival","1703 B","1142 Y",356,1067,1,"Lady Godiva",467.813998975214,"medium"
"1441","2755-P",14,1030.22738789301,"GQYSW","Paris","Florida","UK","Local Pumpkin Festival","1712 I","1369 G",363,1047,-3,"Hooligan",467.2233051669,"medium"
"1442","2343-P",57,1030.20666132215,"YMZHR","Chicago","Florida","UK","Regional Pumpkin Festival","1331 U","1992 K",371,1113,-5,"Lady Godiva",467.213905361521,"medium"
"1443","2914-P",24,1021.52131992579,"LSBOI","Los Angeles","Texas","UK","Local Pumpkin Festival","1947 T","1362 K",363,1042,1,"White Pumpkin",463.274975023032,"medium"
"1444","2775-P",74,1018.92289925478,"EWYBI","Los Angeles","Texas","USA","Regional Pumpkin Festival","1628 N","1862 S",352,997,-2,"Porcelain Doll",462.096552950015,"medium"
"1445","2328-P",70,1020.82209551148,"SDJUN","Houston","Florida","UK","Local Pumpkin Festival","1775 J","1127 R",362,1091,-3,"Porcelain Doll",462.957866445116,"medium"
"1446","2467-P",64,1009.28226013109,"BAMJQ","New York","New York","UK","Regional Pumpkin Festival","1653 N","1106 U",363,1090,-7,"Lady Godiva",457.724381011833,"medium"
"1447","2975-P",83,1006.08639439847,"OJGNF","Nottingham","New York","USA","National Pumpkin Festival","1801 D","1189 E",362,1080,-4,"Lady Godiva",456.275008797494,"medium"
"1448","2797-P",6,986.887793200277,"BVNLQ","Los Angeles","New York","France","Regional Pumpkin Festival","1894 N","1043 V",348,969,4,"Porcelain Doll",447.568160181531,"medium"
"1449","2427-P",40,972.689835644327,"IREZZ","New York","California","UK","National Pumpkin Festival","1334 P","1922 B",356,1062,-13,"White Pumpkin",441.12917716296,"medium"
"1450","2763-P",30,957.101444744505,"KHQQR","Nottingham","Texas","UK","Local Pumpkin Festival","1835 C","1418 N",336,867,8,"Hooligan",434.059612129027,"medium"
"1451","2991-P",79,939.699598525651,"SUGXN","Chicago","California","UK","Local Pumpkin Festival","1232 X","1874 S",345,905,6,"Porcelain Doll",426.16761837898,"medium"
"1452","2362-P",18,942.876371613704,"WBNIY","Houston","New York","UK","Local Pumpkin Festival","1788 T","1784 C",355,1024,-9,"Porcelain Doll",427.608331797598,"medium"
"1453","2187-P",40,929.808177251369,"TKRKT","Paris","New York","UK","Local Pumpkin Festival","1826 R","1435 X",4,0,3,"Porcelain Doll",421.681713039169,"medium"
"1454","2163-P",25,915.738718822598,"LFKAJ","New York","California","France","Regional Pumpkin Festival","1853 A","1808 H",365,1071,-15,"Porcelain Doll",415.301006268752,"medium"
"1455","2682-P",99,915.464490269311,"RKRAJ","Los Angeles","California","UK","National Pumpkin Festival","1273 L","1300 F",351,980,-2,"Hooligan",415.176639577919,"medium"
"1456","2914-P",39,923.219790372625,"AHKJL","Los Angeles","California","USA","Regional Pumpkin Festival","1153 J","1951 B",346,918,-6,"Lady Godiva",418.693782481916,"medium"
"1457","2464-P",71,903.587660542689,"ZPZTH","Nottingham","New York","UK","Regional Pumpkin Festival","1020 R","1953 D",346,944,-8,"Porcelain Doll",409.790322241582,"medium"
"1458","2873-P",23,883.109435549937,"OWKPP","New York","New York","UK","Regional Pumpkin Festival","1754 K","1942 S",348,965,-7,"Hooligan",400.503145374121,"medium"
"1459","2031-P",97,894.272457523271,"IGHVN","Chicago","California","USA","National Pumpkin Festival","1467 E","1603 O",331,828,5,"Hooligan",405.565740373366,"medium"
"1460","2947-P",43,884.237729921006,"KCXXM","Chicago","New York","USA","Local Pumpkin Festival","1120 G","1517 B",341,881,0,"Lady Godiva",401.01484350159,"medium"
"1461","2075-P",14,872.688968530856,"FWKBT","Houston","California","France","Regional Pumpkin Festival","1299 J","1259 G",336,861,2,"Porcelain Doll",395.777309991318,"medium"
"1462","2686-P",6,866.584656347521,"ZYPSS","Houston","Texas","France","Local Pumpkin Festival","1433 E","1231 A",374,1132,-27,"Hooligan",393.00891444332,"medium"
"1463","2117-P",30,863.900860452093,"DDXGI","Nottingham","Florida","USA","Local Pumpkin Festival","1296 D","1279 P",349,960,-15,"Porcelain Doll",391.791773447661,"medium"
"1464","2799-P",3,848.429292120039,"USKAL","Chicago","Texas","UK","National Pumpkin Festival","1047 A","1750 R",339,891,-4,"Porcelain Doll",384.775189170086,"medium"
"1465","2311-P",64,853.130235468037,"CTDAD","Nottingham","Florida","UK","Regional Pumpkin Festival","1705 N","1140 G",328,822,2,"Lady Godiva",386.907136266684,"medium"
"1466","2034-P",21,847.181478943676,"DPUHK","Los Angeles","New York","France","Local Pumpkin Festival","1153 R","1824 Y",342,901,-7,"Lady Godiva",384.209287502801,"medium"
"1467","2357-P",4,827.776776809245,"AIEGY","Los Angeles","Texas","UK","Local Pumpkin Festival","1826 O","1848 X",339,861,-8,"White Pumpkin",375.408969074488,"medium"
"1468","2366-P",43,823.582694399171,"LXRCW","Los Angeles","California","USA","Local Pumpkin Festival","1308 L","1236 J",328,849,-5,"Hooligan",373.506890883978,"medium"
"1469","2457-P",11,815.687513220124,"ZERSA","Houston","New York","UK","National Pumpkin Festival","1960 S","1717 X",340,862,0,"Hooligan",369.926309850396,"medium"
"1470","2827-P",10,818.11371511966,"HSZGC","Houston","Texas","France","Local Pumpkin Festival","1359 Z","1703 C",328,778,8,"White Pumpkin",371.026628172181,"medium"
"1471","2034-P",88,807.867895259522,"BPYZU","Chicago","California","France","Regional Pumpkin Festival","1230 N","1061 A",319,780,6,"Lady Godiva",366.379997850123,"medium"
"1472","2384-P",55,801.91781889461,"QVUTZ","Paris","Florida","UK","Regional Pumpkin Festival","1919 Z","1141 I",388,1297,-43,"Hooligan",363.681550519097,"medium"
"1473","2208-P",2,799.426616020501,"JHTKP","Nottingham","New York","USA","Regional Pumpkin Festival","1009 D","1043 Y",298,631,31,"White Pumpkin",362.551753297279,"medium"
"1474","2622-P",10,781.934729541652,"XTXKW","Los Angeles","Texas","USA","Local Pumpkin Festival","1214 N","1939 H",329,799,-4,"Hooligan",354.6189249622,"medium"
"1475","2175-P",89,775.701608673669,"CTNGG","Houston","Florida","France","Regional Pumpkin Festival","1692 X","1791 F",321,785,3,"Porcelain Doll",351.792112777174,"medium"
"1476","2023-P",11,774.837135809287,"XJEBU","Nottingham","Texas","USA","Local Pumpkin Festival","1613 I","1780 N",2,-1,-1,"Porcelain Doll",351.400061591514,"medium"
"1477","2132-P",67,778.045675542019,"HTGYE","Los Angeles","Texas","UK","Regional Pumpkin Festival","1881 V","1846 P",-4,1,-1,"Hooligan",352.855181651709,"medium"
"1478","2543-P",19,771.489429919049,"MULDO","Chicago","Florida","UK","Local Pumpkin Festival","1389 V","1367 G",332,863,-9,"Lady Godiva",349.881827627687,"medium"
"1479","2741-P",84,760.287137604319,"PLCFC","Nottingham","Texas","UK","Local Pumpkin Festival","1281 A","1987 A",326,773,-3,"Lady Godiva",344.801422949804,"medium"
"1480","2559-P",38,749.440366307274,"NVIJU","Chicago","Texas","UK","National Pumpkin Festival","1245 V","1906 Z",306,661,18,"Lady Godiva",339.882252293548,"medium"
"1481","2279-P",19,749.669982903637,"URYMA","Nottingham","Texas","France","Local Pumpkin Festival","1386 X","1353 B",322,790,-7,"Hooligan",339.986386804371,"medium"
"1482","2763-P",93,755.223707301542,"VXZSC","Paris","New York","USA","National Pumpkin Festival","1951 Q","1433 E",307,705,4,"Hooligan",342.505082676436,"medium"
"1483","2518-P",98,738.909020126797,"LFYPE","Los Angeles","California","UK","Regional Pumpkin Festival","1520 C","1857 K",306,686,12,"Lady Godiva",335.106131576779,"medium"
"1484","2088-P",33,730.804338188842,"IDLWY","Chicago","California","UK","National Pumpkin Festival","1456 B","1284 Y",323,807,-13,"Porcelain Doll",331.430538861153,"medium"
"1485","2342-P",38,723.605157754384,"ARPMG","Nottingham","Texas","UK","National Pumpkin Festival","1430 L","1022 K",316,741,-7,"Lady Godiva",328.165604423757,"medium"
"1486","2427-P",58,729.925667951815,"WJTJL","Houston","Texas","UK","Regional Pumpkin Festival","1971 Y","1670 B",328,843,-16,"White Pumpkin",331.032048957739,"medium"
"1487","2578-P",32,722.165658034757,"LFBUD","Chicago","Texas","France","Regional Pumpkin Festival","1722 A","1982 T",4,-5,-4,"Porcelain Doll",327.51277008379,"medium"
"1488","2627-P",73,706.616551420651,"MAPNW","Nottingham","Florida","France","National Pumpkin Festival","1219 K","1091 E",335,861,-22,"Porcelain Doll",320.46102105245,"medium"
"1489","2855-P",56,706.509948774241,"KEFLE","Chicago","California","USA","Local Pumpkin Festival","1986 W","1459 U",315,743,-4,"Porcelain Doll",320.412675181062,"medium"
"1490","2337-P",19,716.850189145282,"OOLEB","New York","California","UK","Local Pumpkin Festival","1493 U","1242 U",-3,2,-4,"Hooligan",325.1021265965,"medium"
"1491","2865-P",7,713.025077600963,"VWSWH","Los Angeles","New York","UK","Local Pumpkin Festival","1363 V","1394 B",351,969,-24,"Lady Godiva",323.367382131956,"medium"
"1492","2509-P",97,704.471861233003,"JBVDH","Houston","Texas","France","Regional Pumpkin Festival","1252 U","1999 X",311,671,7,"White Pumpkin",319.488372441271,"medium"
"1493","2925-P",76,698.485278493725,"RDPZI","Los Angeles","New York","USA","Regional Pumpkin Festival","1169 Z","1816 Y",321,753,-4,"Lady Godiva",316.773368931394,"medium"
"1494","2879-P",87,694.873076901771,"IZJGJ","Los Angeles","Florida","UK","Regional Pumpkin Festival","1550 O","1766 C",325,810,-17,"Porcelain Doll",315.135182268377,"medium"
"1495","2289-P",55,675.237631736323,"VGWVU","Paris","Texas","USA","National Pumpkin Festival","1875 V","1211 I",332,826,-22,"Lady Godiva",306.230218474523,"medium"
"1496","2914-P",47,671.208655457385,"DDFJR","Houston","Texas","France","National Pumpkin Festival","1339 F","1233 L",322,776,-13,"Porcelain Doll",304.40301834802,"medium"
"1497","2822-P",48,668.995841433294,"TKJJK","New York","Florida","UK","Local Pumpkin Festival","1179 S","1479 L",302,646,7,"White Pumpkin",303.399474572922,"medium"
"1498","2431-P",83,678.686949571595,"YVZOV","Nottingham","California","USA","National Pumpkin Festival","1141 F","1501 M",298,613,10,"Lady Godiva",307.794534953104,"medium"
"1499","2544-P",42,676.733649897389,"UCJRR","Los Angeles","New York","UK","National Pumpkin Festival","1586 Q","1202 I",309,712,-8,"Hooligan",306.908684760721,"medium"
"1500","2993-P",66,663.887999422848,"KWIYX","Chicago","California","USA","Regional Pumpkin Festival","1487 D","1889 C",301,632,8,"Lady Godiva",301.082992935532,"medium"
"1501","2665-P",57,656.038154639304,"GDKBL","Paris","Texas","France","Regional Pumpkin Festival","1808 Q","1880 V",307,688,-4,"Porcelain Doll",297.522972625535,"medium"
"1502","2978-P",55,652.125561405159,"KXGNL","Chicago","Texas","France","Regional Pumpkin Festival","1121 D","1315 A",315,721,-4,"Hooligan",295.748553925242,"medium"
"1503","2036-P",21,638.30130374413,"BZHZD","New York","Texas","USA","Local Pumpkin Festival","1811 U","1055 C",299,646,1,"White Pumpkin",289.479049317066,"medium"
"1504","2409-P",94,638.056316100061,"TXYUA","Paris","New York","USA","National Pumpkin Festival","1913 V","1177 O",306,645,2,"Hooligan",289.367943809551,"medium"
"1505","2461-P",79,624.688514434546,"WSYWR","Nottingham","New York","France","Local Pumpkin Festival","1807 B","1855 N",320,739,-15,"White Pumpkin",283.30544872315,"medium"
"1506","2593-P",10,632.98633083161,"YACEN","Chicago","Florida","France","Regional Pumpkin Festival","1716 C","1958 P",1,-2,-3,"Hooligan",287.068630762635,"medium"
"1507","2983-P",11,623.243041534908,"WWWYF","Chicago","Florida","UK","Local Pumpkin Festival","1592 B","1076 I",293,594,1,"Lady Godiva",282.649905458008,"medium"
"1508","2341-P",59,617.025299328379,"VIHPX","Houston","Florida","USA","Local Pumpkin Festival","1431 Z","1260 N",308,668,-5,"Porcelain Doll",279.830067722621,"medium"
"1509","2015-P",91,617.521794358268,"FHVWG","Chicago","Texas","UK","Local Pumpkin Festival","1031 W","1120 C",305,652,-8,"Lady Godiva",280.05523553663,"medium"
"1510","2222-P",44,609.020330141298,"XFTHH","Paris","California","USA","Local Pumpkin Festival","1314 H","1682 O",287,534,12,"Hooligan",276.199696209206,"medium"
"1511","2394-P",52,605.60189701803,"ZVZOC","Houston","New York","UK","Local Pumpkin Festival","1892 O","1154 N",307,629,-7,"Hooligan",274.649386402735,"medium"
"1512","2250-P",97,594.563841907308,"KFFKJ","Los Angeles","California","UK","Local Pumpkin Festival","1325 Q","1697 G",-2,4,5,"Hooligan",269.6434657176,"medium"
"1513","2845-P",36,597.002050968036,"TIODI","Paris","Texas","UK","Regional Pumpkin Festival","1403 T","1002 S",4,-2,1,"Hooligan",270.749229463962,"medium"
"1514","2156-P",95,588.585212610662,"AWYAS","Houston","Texas","France","Local Pumpkin Festival","1246 E","1361 E",294,608,-8,"White Pumpkin",266.932069211185,"medium"
"1515","2950-P",40,585.511210392229,"FJGNF","Paris","Florida","USA","Regional Pumpkin Festival","1914 R","1660 Z",287,558,2,"Lady Godiva",265.537963896703,"medium"
"1516","2753-P",55,575.832365226001,"SXAFM","Nottingham","Texas","USA","Regional Pumpkin Festival","1602 M","1218 V",307,684,-19,"Porcelain Doll",261.148464955102,"medium"
"1517","2195-P",15,578.686283782125,"DZHXV","Houston","New York","UK","National Pumpkin Festival","1699 R","1147 Q",280,521,13,"Porcelain Doll",262.442759084864,"medium"
"1518","2816-P",2,573.325116735883,"NUGWL","New York","New York","France","Regional Pumpkin Festival","1238 Y","1493 D",-2,4,4,"Porcelain Doll",260.011390809924,"medium"
"1519","2055-P",90,579.021296819486,"KQZQI","Los Angeles","California","UK","Local Pumpkin Festival","1016 N","1732 Y",290,546,6,"Porcelain Doll",262.594692435141,"medium"
"1520","2227-P",64,576.74214949552,"KEIYO","Houston","California","France","Regional Pumpkin Festival","1840 L","1029 Z",298,637,-13,"White Pumpkin",261.561065530848,"medium"
"1521","2006-P",94,578.306260475889,"HFQQR","New York","Texas","UK","Regional Pumpkin Festival","1426 N","1955 E",295,585,-5,"Porcelain Doll",262.270412914235,"medium"
"1522","2633-P",65,570.021644216031,"ENMRL","Los Angeles","New York","UK","National Pumpkin Festival","1185 S","1837 Y",275,463,21,"Hooligan",258.513217331533,"medium"
"1523","2572-P",83,559.765773230232,"OYAYC","Paris","Texas","UK","Regional Pumpkin Festival","1728 M","1836 E",296,578,-2,"Lady Godiva",253.862028675842,"medium"
"1524","2779-P",56,549.003937566653,"WUFHM","Nottingham","Texas","USA","Regional Pumpkin Festival","1740 U","1009 H",279,520,6,"Hooligan",248.981377581248,"medium"
"1525","2899-P",29,536.417470655404,"TKICB","Nottingham","California","USA","Local Pumpkin Festival","1268 Y","1979 N",289,556,-2,"White Pumpkin",243.273229322179,"medium"
"1526","2333-P",54,544.563811033033,"EEKKL","New York","California","France","Local Pumpkin Festival","1893 E","1281 Q",286,533,-3,"White Pumpkin",246.96771475421,"medium"
"1527","2340-P",46,537.671824608929,"AUJKJ","New York","California","France","National Pumpkin Festival","1576 C","1711 E",282,536,-5,"Porcelain Doll",243.842097328313,"medium"
"1528","2786-P",61,522.77918849811,"FPTOO","Nottingham","New York","UK","Regional Pumpkin Festival","1681 K","1603 D",3,1,4,"Porcelain Doll",237.088067346081,"medium"
"1529","2377-P",50,518.675950064324,"WZVJR","Paris","New York","USA","Regional Pumpkin Festival","1608 T","1783 D",283,510,2,"Hooligan",235.227188237789,"medium"
"1530","2560-P",82,511.716365920939,"MBMEM","Houston","California","USA","Local Pumpkin Festival","1463 G","1003 O",281,510,2,"Porcelain Doll",232.070914249859,"medium"
"1531","2165-P",90,520.932486401871,"BGOWZ","Chicago","California","France","Local Pumpkin Festival","1315 A","1260 E",289,541,-9,"Hooligan",236.250560726472,"medium"
"1532","2853-P",57,521.277375706062,"OYULV","Los Angeles","Florida","France","Local Pumpkin Festival","1726 D","1803 L",1,-2,-1,"Lady Godiva",236.406973109325,"medium"
"1533","2731-P",75,497.566447424702,"ZOKCK","Nottingham","California","UK","National Pumpkin Festival","1077 I","1484 A",283,508,-2,"Porcelain Doll",225.653717652926,"medium"
"1534","2435-P",16,498.859067627229,"ZIRDK","Houston","Texas","France","National Pumpkin Festival","1160 S","1297 C",273,459,4,"Porcelain Doll",226.239939966997,"medium"
"1535","2899-P",27,484.794005348347,"GTXXO","Los Angeles","Texas","USA","Regional Pumpkin Festival","1422 C","1062 M",292,549,-15,"Lady Godiva",219.86122691535,"medium"
"1536","2533-P",45,477.084619279951,"WDGAF","New York","New York","UK","Regional Pumpkin Festival","1373 O","1473 Z",282,496,0,"Porcelain Doll",216.364906702926,"medium"
"1537","2338-P",72,482.991162448563,"IJUDF","Houston","Texas","UK","National Pumpkin Festival","1569 R","1914 Y",290,550,-16,"Hooligan",219.043611087784,"medium"
"1538","2792-P",32,470.218340977095,"QJAMR","Nottingham","Texas","USA","Local Pumpkin Festival","1401 G","1176 I",285,556,-14,"White Pumpkin",213.250948288932,"medium"
"1539","2878-P",49,480.540844966657,"RIOFO","Houston","New York","France","Regional Pumpkin Festival","1702 K","1486 L",276,470,-4,"Hooligan",217.932355993949,"medium"
"1540","2905-P",57,458.962530694902,"CLXTD","Nottingham","Texas","UK","National Pumpkin Festival","1135 M","1833 Z",271,481,-3,"Hooligan",208.146272423992,"medium"
"1541","2628-P",21,457.534499865957,"LAQVC","Houston","California","USA","National Pumpkin Festival","1008 Z","1085 D",275,454,-3,"Lady Godiva",207.498639394992,"medium"
"1542","2600-P",76,447.328634859994,"YMOBL","Houston","Florida","USA","Regional Pumpkin Festival","1683 V","1801 Y",274,485,-4,"Hooligan",202.870129188206,"medium"
"1543","2532-P",70,437.32145850081,"PZXSC","New York","California","France","Local Pumpkin Festival","1606 E","1018 Z",269,457,-3,"White Pumpkin",198.331727211252,"medium"
"1544","2242-P",83,439.471102823503,"VNRTF","Houston","New York","USA","Regional Pumpkin Festival","1769 L","1549 M",258,396,6,"Porcelain Doll",199.306622595693,"medium"
"1545","2763-P",1,442.736099261791,"NBDSR","Los Angeles","New York","UK","Local Pumpkin Festival","1967 Z","1929 U",276,476,-11,"Hooligan",200.787346603987,"medium"
"1546","2758-P",41,446.79159939047,"PCLNL","Chicago","California","France","Local Pumpkin Festival","1991 V","1530 D",280,484,-11,"Porcelain Doll",202.626575687288,"medium"
"1547","2186-P",58,437.822264681943,"BASIW","Chicago","New York","USA","National Pumpkin Festival","1648 Q","1045 H",280,479,-8,"Porcelain Doll",198.558850195892,"medium"
"1548","2632-P",33,421.963863809593,"GUGQV","Houston","California","France","National Pumpkin Festival","1115 Q","1732 J",272,448,-1,"Hooligan",191.366831659679,"medium"
"1549","2987-P",3,426.157104024291,"SJEHF","Chicago","Florida","UK","Local Pumpkin Festival","1811 A","1530 I",252,385,12,"White Pumpkin",193.268527902173,"medium"
"1550","2817-P",62,412.61181314569,"JEZKG","Los Angeles","New York","France","Regional Pumpkin Festival","1873 A","1352 N",4,4,-1,"White Pumpkin",187.125538841583,"medium"
"1551","2132-P",28,413.469332098961,"PZORT","Chicago","New York","USA","Local Pumpkin Festival","1701 Z","1106 F",245,361,14,"Hooligan",187.514436326059,"medium"
"1552","2500-P",71,416.959331500344,"UURZB","Houston","Florida","France","National Pumpkin Festival","1056 L","1289 H",265,433,-6,"Hooligan",189.097202494487,"medium"
"1553","2311-P",73,404.70887639001,"SNTDC","Houston","Texas","USA","Regional Pumpkin Festival","1253 Z","1199 M",268,449,-7,"Hooligan",183.541440539687,"medium"
"1554","2273-P",49,410.420247525908,"TEQVV","New York","New York","France","Regional Pumpkin Festival","1561 Y","1026 C",253,358,11,"Lady Godiva",186.131631531024,"medium"
"1555","2165-P",64,408.210125763901,"NPUIE","Los Angeles","New York","UK","Regional Pumpkin Festival","1936 M","1439 R",1,-5,1,"Hooligan",185.129308736463,"medium"
"1556","2226-P",6,404.620351941325,"HWJEH","Houston","New York","France","National Pumpkin Festival","1836 D","1415 B",262,416,1,"Hooligan",183.501293397426,"medium"
"1557","2161-P",3,391.578332169913,"OCEWZ","Paris","Texas","France","National Pumpkin Festival","1176 C","1040 D",266,430,-12,"White Pumpkin",177.586545201774,"medium"
"1558","2580-P",19,394.993116095662,"ACCFZ","Paris","Florida","USA","National Pumpkin Festival","1682 E","1850 D",3,4,5,"Porcelain Doll",179.135200043384,"medium"
"1559","2855-P",58,395.559367631003,"TVAXT","Los Angeles","Florida","UK","Regional Pumpkin Festival","1840 Q","1616 C",-2,-2,-4,"Lady Godiva",179.392003460772,"medium"
"1560","2957-P",87,381.590253598802,"RPPUZ","New York","New York","UK","Regional Pumpkin Festival","1347 A","1084 G",256,402,0,"Hooligan",173.056804353198,"medium"
"1561","2623-P",96,389.14264524281,"PJEIJ","Los Angeles","Texas","USA","National Pumpkin Festival","1826 P","1495 J",251,360,8,"White Pumpkin",176.481925280186,"medium"
"1562","2196-P",57,350.649972802959,"VDBTN","Paris","California","USA","Regional Pumpkin Festival","1165 D","1936 Q",2,-4,4,"Lady Godiva",159.024930976399,"medium"
"1563","2947-P",1,350.402779514901,"EHCPX","New York","Texas","France","National Pumpkin Festival","1277 Q","1298 K",246,358,-8,"Porcelain Doll",158.912825176826,"medium"
"1564","2119-P",80,352.316076577641,"AYFBU","Houston","California","USA","Regional Pumpkin Festival","1390 G","1329 H",249,357,-5,"White Pumpkin",159.780533595302,"medium"
"1565","2909-P",61,339.688821682706,"KBSWC","Chicago","Florida","USA","Local Pumpkin Festival","1769 D","1131 M",252,369,-7,"Lady Godiva",154.053887384447,"medium"
"1566","2736-P",82,324.665825991519,"FHTAB","Nottingham","Texas","UK","Regional Pumpkin Festival","1837 Q","1451 M",0,-5,-4,"Porcelain Doll",147.24073741112,"medium"
"1567","2452-P",46,324.790638627112,"FLBLP","Paris","New York","UK","Local Pumpkin Festival","1361 S","1947 H",236,298,8,"Hooligan",147.297341781003,"medium"
"1568","2933-P",37,322.236736850813,"QSBNQ","New York","Florida","USA","Local Pumpkin Festival","1626 U","1017 S",4,4,-1,"Porcelain Doll",146.139109682908,"medium"
"1569","2400-P",57,323.477964480408,"DXUKL","Nottingham","California","UK","Local Pumpkin Festival","1408 K","1807 R",241,322,2,"Porcelain Doll",146.702024707668,"medium"
"1570","2102-P",79,317.012241614461,"YJUTZ","Houston","California","UK","Local Pumpkin Festival","1018 B","1733 I",222,269,11,"Porcelain Doll",143.769724088191,"medium"
"1571","2685-P",66,315.949199881032,"CVWDQ","Houston","California","France","Regional Pumpkin Festival","1409 I","1441 M",0,4,-2,"Lady Godiva",143.287618993665,"medium"
"1572","2957-P",54,316.582761938684,"SSQYD","New York","New York","USA","Regional Pumpkin Festival","1781 E","1643 M",254,371,-12,"Porcelain Doll",143.574948725027,"medium"
"1573","2091-P",49,302.48127822578,"RAXXH","Los Angeles","Florida","USA","Local Pumpkin Festival","1637 D","1344 S",228,285,7,"Lady Godiva",137.179718016227,"medium"
"1574","2201-P",60,292.625918704085,"PEHRA","New York","New York","France","Local Pumpkin Festival","1313 S","1279 B",240,296,1,"White Pumpkin",132.710167212737,"medium"
"1575","2292-P",70,291.627590994351,"KJLQZ","Nottingham","Florida","USA","Local Pumpkin Festival","1341 B","1989 G",2,-1,0,"Lady Godiva",132.257410881792,"medium"
"1576","2433-P",82,298.397334170528,"DZFUK","New York","New York","France","National Pumpkin Festival","1173 Z","1426 C",239,295,-3,"Lady Godiva",135.327589192983,"medium"
"1577","2353-P",43,299.07377464883,"NTSOI","Nottingham","Texas","USA","National Pumpkin Festival","1379 I","1794 V",243,306,-1,"Lady Godiva",135.634364920104,"medium"
"1578","2577-P",95,291.568476697803,"MPOWQ","Chicago","California","France","Regional Pumpkin Festival","1320 Y","1396 X",243,317,-2,"White Pumpkin",132.230601677008,"medium"
"1579","2602-P",25,286.438112368807,"RWXTD","Chicago","New York","UK","National Pumpkin Festival","1464 P","1406 Z",2,3,-2,"Porcelain Doll",129.903905836194,"medium"
"1580","2245-P",59,286.487335487269,"GXSLE","Houston","New York","UK","Local Pumpkin Festival","1148 Y","1290 A",213,227,16,"Hooligan",129.926229245927,"medium"
"1581","2330-P",17,266.032097609155,"FGYFE","Paris","Texas","UK","National Pumpkin Festival","1808 F","1093 D",235,284,-3,"White Pumpkin",120.649477373766,"medium"
"1582","2345-P",52,281.507356666028,"YLCLO","Paris","Florida","France","Local Pumpkin Festival","1100 I","1004 K",230,291,-2,"Porcelain Doll",127.667735449446,"medium"
"1583","2274-P",77,264.637425084598,"VSEVQ","Houston","New York","USA","National Pumpkin Festival","1277 W","1952 J",219,250,9,"White Pumpkin",120.016972827482,"medium"
"1584","2703-P",38,271.896667270921,"OZXRA","Houston","California","UK","Regional Pumpkin Festival","1812 L","1700 Y",222,266,-1,"Porcelain Doll",123.309146154613,"medium"
"1585","2552-P",17,268.153175920248,"ILSWB","New York","New York","USA","Local Pumpkin Festival","1152 R","1267 C",226,269,-1,"Porcelain Doll",121.611417650906,"medium"
"1586","2525-P",24,271.686116824858,"TTZUP","Paris","Florida","UK","Regional Pumpkin Festival","1037 M","1379 Z",221,243,8,"Hooligan",123.213658423972,"medium"
"1587","2607-P",14,256.514088765718,"FLVRE","Houston","Texas","USA","National Pumpkin Festival","1427 A","1629 C",213,232,20,"White Pumpkin",116.332920075156,"medium"
"1588","2697-P",52,256.457492905669,"SUAAA","New York","New York","UK","Regional Pumpkin Festival","1297 D","1737 O",225,266,-3,"Hooligan",116.307253018444,"medium"
"1589","2972-P",60,234.807074212469,"FCPFI","Los Angeles","New York","USA","National Pumpkin Festival","1682 L","1054 W",221,248,-7,"Lady Godiva",106.488469030598,"medium"
"1590","2403-P",94,235.785270437598,"WSXAY","Nottingham","New York","USA","National Pumpkin Festival","1550 H","1829 E",-1,-5,0,"Lady Godiva",106.932095436552,"medium"
"1591","2600-P",26,237.665175504982,"QKSJT","Nottingham","New York","France","Regional Pumpkin Festival","1438 L","1666 Y",215,231,4,"Lady Godiva",107.784660092963,"medium"
"1592","2865-P",48,219.506033759564,"ZJIKL","Chicago","New York","UK","National Pumpkin Festival","1130 G","1650 D",222,257,-10,"Lady Godiva",99.5492216596663,"light"
"1593","2207-P",58,230.062754554264,"KLJMM","New York","Texas","UK","Regional Pumpkin Festival","1760 M","1595 S",3,4,-3,"Hooligan",104.336850137988,"medium"
"1594","2593-P",89,192.707543984614,"RRDFJ","Nottingham","Florida","UK","National Pumpkin Festival","1021 I","1507 S",211,202,-4,"White Pumpkin",87.3957115576482,"light"
"1595","2939-P",64,189.284228560515,"CRFAG","Nottingham","Florida","UK","Regional Pumpkin Festival","1149 I","1457 D",211,221,-8,"Hooligan",85.843187555789,"light"
"1596","2191-P",97,203.162631370127,"DIZDM","Nottingham","Texas","USA","National Pumpkin Festival","1822 C","1544 F",1,2,3,"Lady Godiva",92.1372477869058,"light"
"1597","2448-P",37,193.118847483769,"WEKFU","Chicago","New York","USA","National Pumpkin Festival","1248 H","1133 P",199,185,1,"Porcelain Doll",87.5822437568114,"light"
"1598","2464-P",92,190.287698516436,"ZBPCL","Paris","Texas","UK","Local Pumpkin Festival","1687 M","1021 R",1,-4,3,"White Pumpkin",86.2982759711727,"light"
"1599","2521-P",1,188.263941030018,"FXOTA","Paris","Texas","France","National Pumpkin Festival","1757 R","1491 Q",211,204,-4,"Hooligan",85.3804721224571,"light"
"1600","2520-P",65,179.587372435629,"SIGCK","Nottingham","California","France","Regional Pumpkin Festival","1794 Y","1222 I",185,155,17,"Porcelain Doll",81.4455203789702,"light"
"1601","2964-P",16,180.098968294524,"GVZHF","New York","Florida","USA","National Pumpkin Festival","1930 A","1040 Y",2,-1,-5,"White Pumpkin",81.6775366415073,"light"
"1602","2708-P",26,160.051902717724,"ZHFHG","Nottingham","New York","France","Local Pumpkin Festival","1280 J","1409 J",188,152,15,"White Pumpkin",72.5858969241381,"light"
"1603","2563-P",6,152.862891478464,"THHCB","New York","Texas","France","Regional Pumpkin Festival","1512 F","1695 I",179,151,11,"White Pumpkin",69.3255743666503,"light"
"1604","2209-P",9,163.040726382099,"XASFT","Los Angeles","Texas","France","Regional Pumpkin Festival","1621 E","1702 N",184,145,9,"Lady Godiva",73.9413725088885,"light"
"1605","2982-P",37,144.972200390883,"LIBLE","Chicago","California","UK","Regional Pumpkin Festival","1422 S","1347 M",187,150,3,"Porcelain Doll",65.7470296557292,"light"
"1606","2259-P",27,157.880400710739,"ITQAA","Houston","New York","UK","Regional Pumpkin Festival","1029 K","1844 A",179,135,12,"Lady Godiva",71.6010887577048,"light"
"1607","2094-P",22,142.978195287287,"JNVLA","New York","Texas","USA","Regional Pumpkin Festival","1341 H","1729 Y",-4,5,3,"Porcelain Doll",64.8427189511507,"light"
"1608","2475-P",10,150.726466497406,"YHEBX","Paris","Florida","France","National Pumpkin Festival","1859 A","1175 J",188,161,-15,"Lady Godiva",68.3566741484836,"light"
"1609","2802-P",36,138.454169158824,"RGOEQ","Chicago","Texas","UK","National Pumpkin Festival","1370 R","1546 A",176,145,2,"Porcelain Doll",62.7910064212353,"light"
"1610","2302-P",39,134.938400597498,"DOWHS","Nottingham","New York","France","Local Pumpkin Festival","1808 B","1418 N",178,142,-3,"Porcelain Doll",61.1965535589559,"light"
"1611","2754-P",93,109.61442412436,"NVAUV","Chicago","Florida","France","Regional Pumpkin Festival","1226 S","1271 O",176,126,-16,"Hooligan",49.7117569724989,"light"
"1612","2434-P",50,109.590197402053,"MSXLU","Paris","New York","UK","Local Pumpkin Festival","1564 Z","1302 J",162,104,-6,"Porcelain Doll",49.7007697968492,"light"
"1613","2033-P",95,103.425684589893,"EYYCT","Paris","New York","USA","Local Pumpkin Festival","1758 Q","1001 R",-5,3,-3,"White Pumpkin",46.9050723763685,"light"
"1614","2255-P",34,99.9343301588669,"CXHEK","Nottingham","New York","USA","Regional Pumpkin Festival","1646 J","1800 B",-5,4,-1,"Hooligan",45.3216916820258,"light"
"1615","2142-P",88,102.131435356475,"GLTGQ","Houston","New York","France","Regional Pumpkin Festival","1506 I","1780 L",-1,5,-4,"Lady Godiva",46.318111272778,"light"
"1616","2994-P",20,97.0037619071081,"RSPBV","New York","New York","France","Regional Pumpkin Festival","1771 S","1768 B",-5,4,-3,"White Pumpkin",43.9926357855366,"light"
"1617","2502-P",37,95.1782442146912,"XSAFO","New York","Texas","UK","National Pumpkin Festival","1039 U","1597 L",-1,-2,3,"Porcelain Doll",43.1647366053021,"light"
"1618","2890-P",26,81.8572364803404,"ATXKE","Houston","Texas","France","Regional Pumpkin Festival","1274 S","1292 C",153,83,11,"White Pumpkin",37.1234632563902,"light"
"1619","2561-P",32,84.7985274221748,"TGFQP","New York","New York","France","Local Pumpkin Festival","1140 T","1492 L",3,5,0,"Porcelain Doll",38.4573820508729,"light"
"1620","2206-P",72,94.7515406943858,"OKZNL","Nottingham","Texas","USA","Local Pumpkin Festival","1436 O","1629 T",163,97,-11,"White Pumpkin",42.9712202695627,"light"
"1621","2885-P",40,90.7133153472096,"GAQLP","Los Angeles","Florida","UK","Regional Pumpkin Festival","1753 M","1823 B",169,114,-24,"Hooligan",41.1398255542901,"light"
"1622","2696-P",50,93.0329974517226,"BYERU","Nottingham","California","France","National Pumpkin Festival","1003 U","1565 R",3,0,-5,"Porcelain Doll",42.1918355790125,"light"
"1623","2473-P",44,91.6874140221626,"ZENAE","Houston","Texas","USA","Local Pumpkin Festival","1091 L","1907 T",153,88,-4,"White Pumpkin",41.5815936608447,"light"
"1624","2211-P",15,84.3620893903077,"RBPJM","Nottingham","Texas","UK","National Pumpkin Festival","1996 I","1161 L",2,-4,4,"Lady Godiva",38.2594509706611,"light"
"1625","2099-P",5,83.0622099097818,"NQLVD","Los Angeles","California","USA","National Pumpkin Festival","1227 Y","1539 V",-4,-5,5,"Hooligan",37.6699364670212,"light"
"1626","2753-P",11,83.043915550597,"GBOKM","Nottingham","California","UK","Local Pumpkin Festival","1551 C","1484 Z",2,-1,-5,"Porcelain Doll",37.6616397054862,"light"
"1627","2336-P",13,73.260124896653,"WGPQC","New York","Florida","France","Local Pumpkin Festival","1176 X","1515 G",142,70,-4,"Lady Godiva",33.2245464383914,"light"
"1628","2159-P",67,62.3859224737436,"HQUKW","Houston","Texas","France","Local Pumpkin Festival","1175 B","1466 W",-2,3,4,"White Pumpkin",28.292935362242,"light"
"1629","2892-P",19,49.0508215115592,"YKMFG","Houston","California","UK","Regional Pumpkin Festival","1768 K","1599 L",3,4,3,"White Pumpkin",22.2452705267842,"light"
"1630","2347-P",29,61.8026465140283,"XNJHR","Paris","New York","France","Regional Pumpkin Festival","1419 G","1051 Z",-3,-2,2,"Porcelain Doll",28.0284111174732,"light"
"1631","2501-P",59,56.089893903099,"FDFRU","New York","Florida","USA","National Pumpkin Festival","1316 G","1376 L",5,4,0,"Porcelain Doll",25.4375936068476,"light"
"1632","2800-P",54,52.8176794942096,"IDRRC","Paris","New York","UK","National Pumpkin Festival","1490 D","1297 N",4,0,1,"Hooligan",23.9535961424987,"light"
"1633","2582-P",8,49.0071551217139,"ULNQQ","Los Angeles","Texas","USA","Local Pumpkin Festival","1612 N","1904 W",-2,5,4,"Hooligan",22.2254671753804,"light"
"1634","2255-P",100,30.8225040948018,"UUUJK","Houston","Florida","France","National Pumpkin Festival","1828 C","1494 Y",115,41,-15,"Porcelain Doll",13.9784599069396,"light"
"1635","2446-P",71,24.5218527369201,"WHVTN","Los Angeles","Texas","USA","Regional Pumpkin Festival","1161 B","1100 B",1,-5,4,"Hooligan",11.1210216493969,"light"
"1636","2398-P",59,30.1554769622162,"IDFOW","Chicago","Florida","USA","Regional Pumpkin Festival","1471 Y","1975 K",5,5,4,"Porcelain Doll",13.6759532708463,"light"
"1637","2784-P",76,7.72589373555034,"AWXVW","Los Angeles","Texas","USA","Local Pumpkin Festival","1423 V","1944 D",3,-2,2,"White Pumpkin",3.50380668278927,"light"
"1638","2068-P",87,2018.85465795081,"BZTDT","Nottingham","Texas","UK","National Pumpkin Festival","1726 I","1087 V",464,2096,-6,"White Pumpkin",915.580343741864,"heavy"
"1639","2733-P",40,1980.47500725463,"GMFFV","Nottingham","California","USA","Local Pumpkin Festival","1785 V","1338 F",446,1849,7,"Porcelain Doll",898.174606464685,"heavy"
"1640","2531-P",54,1687.55832055304,"MMPPP","Paris","Florida","UK","Local Pumpkin Festival","1670 W","1042 D",419,1631,0,"Lady Godiva",765.332571679384,"heavy"
"1641","2039-P",80,375.252657040954,"WFPPS","Paris","New York","UK","National Pumpkin Festival","1650 Q","1123 Z",256,374,5,"White Pumpkin",170.182610902927,"medium"
"1642","2019-P",73,359.482329767197,"GANGA","New York","Florida","USA","Regional Pumpkin Festival","1952 V","1499 Y",4,-4,4,"White Pumpkin",163.030535041813,"medium"
"1643","2392-P",77,221.186655242927,"QYUQA","Houston","Florida","USA","Regional Pumpkin Festival","1792 H","1679 M",199,196,13,"Hooligan",100.311408273436,"medium"
"1644","2759-P",87,2231.15317962971,"NAVIO","Los Angeles","New York","USA","Local Pumpkin Festival","1338 T","1355 C",452,1886,18,"White Pumpkin",1011.86085243978,"heavy"
"1645","2949-P",84,2181.28156760596,"EWHBV","Los Angeles","California","France","Local Pumpkin Festival","1074 W","1426 C",471,2168,-4,"Lady Godiva",989.243341317894,"heavy"
"1646","2188-P",51,2172.0645188285,"NDZOT","Paris","California","France","National Pumpkin Festival","1933 U","1337 T",482,2179,-1,"Hooligan",985.063273845126,"heavy"
"1647","2920-P",7,2109.18671138957,"DIHDK","Paris","California","France","Regional Pumpkin Festival","1175 G","1936 O",459,2012,1,"Hooligan",956.547261401166,"heavy"
"1648","2235-P",8,1888.69998095743,"AIGUK","Chicago","New York","France","National Pumpkin Festival","1144 T","1468 C",439,1806,6,"Hooligan",856.553279345775,"heavy"
"1649","2782-P",48,1820.73125200719,"ZWJKN","New York","Florida","USA","National Pumpkin Festival","1645 T","1561 H",428,1635,16,"Lady Godiva",825.728458960175,"heavy"
"1650","2573-P",48,1808.15397359151,"NUREW","Los Angeles","Texas","UK","Local Pumpkin Festival","1305 F","1451 Y",414,1555,17,"Hooligan",820.024477819281,"heavy"
"1651","2934-P",80,1788.84019028116,"SUMIA","Chicago","Texas","USA","Local Pumpkin Festival","1588 Q","1121 U",447,1838,-5,"White Pumpkin",811.26539241776,"heavy"
"1652","2959-P",95,1779.63144980278,"UGTMZ","Chicago","New York","USA","National Pumpkin Festival","1950 U","1699 K",412,1524,17,"Hooligan",807.089092881079,"heavy"
"1653","2666-P",71,1769.98056267016,"DXWVV","Los Angeles","Texas","UK","National Pumpkin Festival","1851 E","1865 G",433,1703,0,"White Pumpkin",802.712273319799,"heavy"
"1654","2729-P",54,1740.71485709865,"AYHUL","Houston","Florida","USA","Regional Pumpkin Festival","1628 E","1675 D",444,1788,-5,"Hooligan",789.439844489182,"heavy"
"1655","2546-P",42,1684.23162131663,"MHEUF","Paris","Texas","UK","National Pumpkin Festival","1499 Z","1861 K",409,1531,9,"Hooligan",763.823864542691,"heavy"
"1656","2273-P",6,1685.86958692037,"PNSAE","Los Angeles","California","France","Local Pumpkin Festival","1815 Z","1871 C",421,1607,8,"Hooligan",764.566706086334,"heavy"
"1657","2189-P",23,1661.87560743745,"ZMNSX","New York","Florida","France","Local Pumpkin Festival","1352 G","1537 T",414,1489,10,"Lady Godiva",753.685082738074,"heavy"
"1658","2843-P",13,1636.59241138026,"QBRIV","Paris","Texas","USA","National Pumpkin Festival","1538 J","1239 Y",417,1534,6,"White Pumpkin",742.21878067132,"heavy"
"1659","2947-P",46,1609.33036026265,"VMICO","Paris","California","USA","Regional Pumpkin Festival","1139 R","1590 B",420,1604,0,"Hooligan",729.855038667871,"heavy"
"1660","2231-P",75,1561.54193172604,"DJXPS","Los Angeles","Texas","USA","Local Pumpkin Festival","1697 K","1234 I",398,1416,14,"Lady Godiva",708.182281961922,"heavy"
"1661","2755-P",66,1540.94138010629,"EECOG","Houston","California","France","Regional Pumpkin Festival","1500 Y","1553 L",416,1512,-1,"Porcelain Doll",698.839628166116,"heavy"
"1662","2223-P",11,1547.58509547263,"BVVZQ","New York","New York","UK","National Pumpkin Festival","1471 F","1919 O",412,1516,5,"Lady Godiva",701.852651007997,"heavy"
"1663","2933-P",64,1546.53850566428,"EOIOP","Nottingham","California","France","National Pumpkin Festival","1243 A","1036 R",418,1591,2,"White Pumpkin",701.378007103983,"heavy"
"1664","2271-P",79,1539.72270975914,"LKOCD","New York","New York","UK","National Pumpkin Festival","1141 W","1069 L",403,1480,-1,"Hooligan",698.286943201423,"heavy"
"1665","2152-P",97,1511.90788591094,"UHFSV","New York","Texas","USA","National Pumpkin Festival","1614 K","1058 Z",404,1407,6,"White Pumpkin",685.672510617208,"heavy"
"1666","2049-P",4,1517.93406214286,"RKMNU","Paris","Texas","France","Local Pumpkin Festival","1153 V","1545 K",403,1447,9,"Hooligan",688.405470359572,"heavy"
"1667","2125-P",41,1518.56774512772,"ICQQV","Chicago","New York","UK","Regional Pumpkin Festival","1582 V","1972 D",3,5,-4,"White Pumpkin",688.692854933204,"heavy"
"1668","2529-P",53,1502.87860303521,"TJJGH","Nottingham","Texas","UK","Regional Pumpkin Festival","1850 N","1262 C",414,1546,2,"Hooligan",681.577597748395,"heavy"
"1669","2465-P",33,1484.16174280364,"MYGOV","Nottingham","Florida","France","Local Pumpkin Festival","1090 A","1505 Z",415,1557,-9,"Porcelain Doll",673.089225761288,"heavy"
"1670","2606-P",88,1491.94360933732,"YKMOD","New York","Florida","USA","National Pumpkin Festival","1560 G","1565 W",404,1428,9,"White Pumpkin",676.618416933026,"heavy"
"1671","2476-P",53,1476.8856810648,"FEVPQ","Houston","California","France","National Pumpkin Festival","1791 C","1347 S",411,1518,2,"Porcelain Doll",669.789424519183,"heavy"
"1672","2490-P",34,1446.02351206914,"JVWFE","New York","Texas","UK","Regional Pumpkin Festival","1804 Z","1820 O",387,1325,8,"Hooligan",655.792975995073,"heavy"
"1673","2726-P",80,1417.2961893864,"ZNCNV","New York","New York","USA","Local Pumpkin Festival","1659 V","1790 W",396,1387,7,"Lady Godiva",642.764711739863,"heavy"
"1674","2980-P",24,1382.73708003201,"CFUAO","Chicago","New York","USA","National Pumpkin Festival","1041 Z","1338 Z",387,1326,4,"White Pumpkin",627.091646273019,"heavy"
"1675","2398-P",25,1380.93797267042,"ZODNW","New York","Texas","USA","Regional Pumpkin Festival","1624 W","1723 C",374,1191,10,"Lady Godiva",626.275724567084,"heavy"
"1676","2445-P",86,1357.11469249707,"ULDZY","Chicago","Florida","France","Regional Pumpkin Festival","1424 Y","1041 S",392,1362,6,"Porcelain Doll",615.471515871686,"heavy"
"1677","2631-P",90,1360.52893549204,"IKSVJ","Paris","Texas","USA","National Pumpkin Festival","1607 V","1602 V",377,1216,16,"Lady Godiva",617.019925393215,"heavy"
"1678","2592-P",63,1340.76918444969,"CQCIM","Chicago","Texas","France","National Pumpkin Festival","1526 Z","1187 Y",388,1309,0,"Lady Godiva",608.058587052013,"heavy"
"1679","2701-P",94,1302.11296375655,"FNWQO","New York","California","USA","Local Pumpkin Festival","1352 N","1066 F",371,1192,4,"Hooligan",590.527421204783,"heavy"
"1680","2480-P",27,1314.44936473016,"UNPMH","Los Angeles","Florida","USA","Regional Pumpkin Festival","1734 J","1147 B",376,1183,6,"Porcelain Doll",596.122160875355,"heavy"
"1681","2927-P",66,1303.35002416,"ZREPX","Houston","Texas","France","Regional Pumpkin Festival","1555 M","1694 O",395,1399,-5,"Hooligan",591.088446331065,"heavy"
"1682","2681-P",33,1292.16440231819,"XVDZZ","Chicago","Texas","UK","National Pumpkin Festival","1828 L","1887 K",387,1270,4,"White Pumpkin",586.015601958361,"heavy"
"1683","2365-P",31,1298.63231971022,"XIUDI","Chicago","New York","UK","Regional Pumpkin Festival","1045 K","1734 G",408,1438,-5,"Porcelain Doll",588.948897827763,"heavy"
"1684","2740-P",15,1281.59968677312,"WQTIH","New York","Texas","USA","National Pumpkin Festival","1087 Q","1297 A",396,1331,-4,"Porcelain Doll",581.224347742912,"heavy"
"1685","2140-P",10,1267.69772892538,"SUMAD","Nottingham","Texas","France","National Pumpkin Festival","1829 D","1175 E",410,1505,-14,"Hooligan",574.919604954823,"heavy"
"1686","2954-P",22,1252.33599674944,"KQKZP","New York","Texas","France","Local Pumpkin Festival","1549 X","1910 X",383,1232,2,"Hooligan",567.952832992943,"heavy"
"1687","2482-P",54,1225.98594791815,"XAQGT","Los Angeles","Texas","UK","Regional Pumpkin Festival","1572 F","1272 U",362,1070,9,"Hooligan",556.002697468547,"heavy"
"1688","2423-P",72,1189.78364938218,"IBMXS","Houston","Texas","USA","Regional Pumpkin Festival","1062 I","1340 G",392,1354,-7,"White Pumpkin",539.584421488518,"heavy"
"1689","2099-P",98,1174.36535185222,"ACPOP","Nottingham","New York","France","National Pumpkin Festival","1148 D","1265 L",383,1298,-7,"Hooligan",532.59199630486,"heavy"
"1690","2037-P",18,1184.97567483969,"JRJQL","Paris","Texas","UK","Local Pumpkin Festival","1179 J","1737 C",377,1174,2,"Lady Godiva",537.40393416766,"heavy"
"1691","2502-P",16,1147.07807708345,"AELQM","New York","Florida","UK","Regional Pumpkin Festival","1980 M","1224 C",391,1294,-16,"White Pumpkin",520.216815003834,"heavy"
"1692","2382-P",98,1138.56345931627,"TDVVC","Los Angeles","New York","France","Local Pumpkin Festival","1050 W","1390 V",374,1194,-4,"Porcelain Doll",516.355310347514,"heavy"
"1693","2032-P",92,1117.85732988734,"QZGPK","Nottingham","California","USA","National Pumpkin Festival","1007 Q","1910 A",348,986,11,"Hooligan",506.96477545911,"heavy"
"1694","2424-P",23,1102.55370754097,"HTUFU","Los Angeles","California","USA","National Pumpkin Festival","1859 Q","1763 Y",357,1053,4,"Lady Godiva",500.024357161436,"heavy"
"1695","2475-P",62,1085.25216070469,"JGRON","Houston","Texas","France","Regional Pumpkin Festival","1143 U","1685 V",-1,-2,5,"Porcelain Doll",492.177850659725,"medium"
"1696","2958-P",57,1052.71962135937,"JHVQZ","Houston","New York","USA","Regional Pumpkin Festival","1480 F","1330 X",352,1031,6,"White Pumpkin",477.423864562073,"medium"
"1697","2142-P",24,1045.58290848043,"YMKQH","Los Angeles","Texas","France","Regional Pumpkin Festival","1938 T","1078 C",376,1194,-12,"White Pumpkin",474.187260081827,"medium"
"1698","2309-P",14,1026.60911627021,"IRUDY","Houston","Texas","UK","National Pumpkin Festival","1806 S","1259 K",372,1124,-6,"Hooligan",465.582365655423,"medium"
"1699","2484-P",67,1040.95966657251,"AEYUX","Los Angeles","New York","USA","Regional Pumpkin Festival","1476 M","1761 O",368,1118,-7,"White Pumpkin",472.090551733565,"medium"
"1700","2732-P",98,1022.31936342828,"KBGLO","Paris","California","France","National Pumpkin Festival","1239 U","1521 E",369,1137,-13,"Lady Godiva",463.636899513959,"medium"
"1701","2625-P",3,1019.04290153459,"AOTEM","Los Angeles","Texas","France","Local Pumpkin Festival","1435 N","1826 G",0,-1,-5,"Porcelain Doll",462.150975752647,"medium"
"1702","2530-P",25,1009.58259819262,"IMGFV","New York","New York","USA","National Pumpkin Festival","1527 D","1891 O",363,1129,-8,"Hooligan",457.860588749486,"medium"
"1703","2758-P",78,1012.62186319195,"APLVU","New York","Florida","UK","Regional Pumpkin Festival","1127 K","1922 R",347,973,4,"Porcelain Doll",459.238940223105,"medium"
"1704","2223-P",68,1015.5739437649,"DAJKW","Paris","Texas","France","Local Pumpkin Festival","1100 S","1288 L",360,1020,0,"White Pumpkin",460.577752274332,"medium"
"1705","2927-P",10,1012.14055533614,"WQERY","Paris","Texas","France","Regional Pumpkin Festival","1554 M","1326 T",348,979,-2,"Porcelain Doll",459.02066001639,"medium"
"1706","2663-P",24,1009.28597071674,"JIXPI","Nottingham","New York","France","Regional Pumpkin Festival","1293 H","1964 F",357,1028,-4,"Lady Godiva",457.726063817114,"medium"
"1707","2326-P",60,997.511257842183,"PMCDW","Paris","California","UK","Regional Pumpkin Festival","1768 O","1370 T",336,859,15,"Lady Godiva",452.386057978314,"medium"
"1708","2466-P",33,990.971510461532,"RBIBC","Chicago","California","France","Regional Pumpkin Festival","1200 M","1514 T",360,1056,-8,"Hooligan",449.420186150354,"medium"
"1709","2442-P",57,991.058409435675,"BTPYP","Houston","New York","France","Regional Pumpkin Festival","1663 Z","1853 A",356,1063,-11,"White Pumpkin",449.459596115952,"medium"
"1710","2600-P",39,981.204010744579,"HLWLQ","Paris","Florida","USA","Regional Pumpkin Festival","1796 L","1648 H",346,904,13,"Hooligan",444.990481063301,"medium"
"1711","2667-P",15,972.426901797019,"ALJWI","Paris","California","USA","Local Pumpkin Festival","1984 F","1175 Z",349,954,3,"Hooligan",441.009932787764,"medium"
"1712","2447-P",22,955.105565398,"LHPVV","Houston","California","UK","National Pumpkin Festival","1079 J","1972 Q",355,1033,-3,"Porcelain Doll",433.154451427664,"medium"
"1713","2016-P",46,934.017497156002,"EZAZA","Chicago","Texas","France","National Pumpkin Festival","1008 N","1428 M",-5,-2,-1,"Porcelain Doll",423.590701658051,"medium"
"1714","2632-P",62,941.852813799493,"ATRZT","Houston","New York","USA","National Pumpkin Festival","1603 G","1448 Q",359,1078,-12,"White Pumpkin",427.1441332424,"medium"
"1715","2194-P",49,939.368955817074,"TBKGY","Chicago","Florida","UK","National Pumpkin Festival","1128 W","1609 N",340,930,-4,"White Pumpkin",426.017667037222,"medium"
"1716","2793-P",47,932.428502481431,"CNDTI","Nottingham","California","France","National Pumpkin Festival","1579 F","1684 J",339,856,5,"Lady Godiva",422.870069152576,"medium"
"1717","2690-P",54,933.475231524557,"COFSF","Houston","New York","UK","Regional Pumpkin Festival","1444 V","1226 K",341,873,11,"Lady Godiva",423.344776201613,"medium"
"1718","2806-P",81,930.157254002057,"HVNSW","New York","Texas","USA","Regional Pumpkin Festival","1174 J","1103 B",351,975,-4,"Hooligan",421.840024490729,"medium"
"1719","2210-P",85,928.339129680581,"WTRSI","New York","New York","UK","Regional Pumpkin Festival","1412 O","1392 L",333,881,8,"White Pumpkin",421.015478313189,"medium"
"1720","2862-P",69,914.598774923012,"VWAEZ","Los Angeles","California","France","Regional Pumpkin Festival","1103 F","1580 O",5,0,2,"Hooligan",414.784024908395,"medium"
"1721","2961-P",65,897.315828119032,"AEJLK","Paris","California","USA","Regional Pumpkin Festival","1359 S","1791 H",334,822,8,"Hooligan",406.945953795479,"medium"
"1722","2807-P",3,888.821408191696,"HROYG","Houston","California","USA","Local Pumpkin Festival","1331 Z","1211 Z",353,1020,-8,"Porcelain Doll",403.093609157232,"medium"
"1723","2477-P",8,886.350574760698,"SEYJK","Nottingham","California","USA","Regional Pumpkin Festival","1961 M","1954 X",340,911,-1,"Lady Godiva",401.973049778094,"medium"
"1724","2642-P",81,894.032949825749,"YSRJR","New York","California","France","Local Pumpkin Festival","1913 Q","1704 V",339,878,-2,"White Pumpkin",405.45712010238,"medium"
"1725","2865-P",3,897.040589442477,"WNPYP","Paris","California","France","Regional Pumpkin Festival","1118 B","1254 L",328,821,14,"Lady Godiva",406.821128998856,"medium"
"1726","2720-P",22,880.793288988061,"LHIHU","New York","New York","USA","Regional Pumpkin Festival","1936 M","1559 H",5,-5,1,"White Pumpkin",399.452738770096,"medium"
"1727","2158-P",52,879.030584482476,"VURHK","Los Angeles","California","UK","National Pumpkin Festival","1589 H","1479 B",352,1023,-11,"Hooligan",398.653326295908,"medium"
"1728","2209-P",17,867.210020910949,"TYXLT","Nottingham","Florida","France","Local Pumpkin Festival","1720 E","1155 U",326,768,8,"White Pumpkin",393.292526490226,"medium"
"1729","2947-P",12,880.420825940557,"POYVJ","Los Angeles","Texas","UK","National Pumpkin Festival","1944 J","1103 N",335,883,-1,"White Pumpkin",399.283821288234,"medium"
"1730","2769-P",77,865.854543068446,"AIEIK","Nottingham","Florida","UK","National Pumpkin Festival","1084 K","1504 C",330,805,7,"Lady Godiva",392.677797309953,"medium"
"1731","2138-P",58,852.074289023504,"EJZSH","Paris","California","USA","Local Pumpkin Festival","1051 S","1935 K",346,967,-7,"Lady Godiva",386.428248990251,"medium"
"1732","2926-P",27,835.964984975755,"YDTTH","New York","New York","USA","Local Pumpkin Festival","1405 R","1627 K",330,865,-6,"Lady Godiva",379.122442165875,"medium"
"1733","2306-P",17,825.01818465814,"WQNAN","Houston","New York","USA","Regional Pumpkin Festival","1463 O","1245 M",335,843,-2,"White Pumpkin",374.15790687444,"medium"
"1734","2533-P",58,820.917059521191,"UQTJK","Houston","New York","France","National Pumpkin Festival","1797 Y","1018 P",341,924,-15,"Hooligan",372.297986177411,"medium"
"1735","2539-P",87,812.104077717289,"YZBLE","New York","Florida","UK","National Pumpkin Festival","1307 M","1976 K",327,764,5,"Hooligan",368.301169032784,"medium"
"1736","2904-P",50,823.979852085002,"RUCYE","New York","California","France","Local Pumpkin Festival","1199 H","1278 R",323,812,-1,"Hooligan",373.6870077483,"medium"
"1737","2884-P",2,817.943129355088,"FVBVE","New York","New York","USA","Local Pumpkin Festival","1967 Y","1816 W",322,787,-1,"Lady Godiva",370.949265013645,"medium"
"1738","2115-P",44,795.635801659152,"CPGYQ","Houston","New York","USA","Local Pumpkin Festival","1845 X","1875 L",334,874,-13,"Lady Godiva",360.832563110726,"medium"
"1739","2386-P",80,777.392708769999,"OOMTL","Houston","California","UK","Local Pumpkin Festival","1193 Y","1616 P",343,913,-11,"Porcelain Doll",352.559051596372,"medium"
"1740","2926-P",62,787.73081757687,"AXAUP","Paris","Florida","USA","Local Pumpkin Festival","1151 L","1531 G",1,1,0,"Hooligan",357.247536316041,"medium"
"1741","2333-P",38,773.920512480661,"XGHOP","Paris","New York","France","National Pumpkin Festival","1171 R","1735 Q",304,681,17,"White Pumpkin",350.98435940166,"medium"
"1742","2055-P",36,758.378769500367,"CQCIX","Houston","New York","France","National Pumpkin Festival","1393 S","1676 Y",329,817,-7,"Hooligan",343.935949886788,"medium"
"1743","2578-P",62,728.277542520314,"VLHBK","Los Angeles","Florida","USA","Local Pumpkin Festival","1527 D","1059 S",315,748,3,"Porcelain Doll",330.284599782456,"medium"
"1744","2261-P",100,735.938041691668,"HWYGC","New York","California","UK","National Pumpkin Festival","1215 T","1185 Y",325,779,-8,"Porcelain Doll",333.758749066516,"medium"
"1745","2155-P",28,710.548224110156,"MQACH","Los Angeles","California","France","National Pumpkin Festival","1869 V","1892 Q",311,722,1,"Hooligan",322.244092566964,"medium"
"1746","2070-P",12,723.970059811324,"EPNCU","Chicago","Florida","UK","Local Pumpkin Festival","1026 B","1798 N",324,749,0,"Hooligan",328.331092884954,"medium"
"1747","2865-P",68,701.854826547205,"XZLLR","Nottingham","New York","France","Regional Pumpkin Festival","1179 C","1814 H",313,685,0,"Hooligan",318.301508638188,"medium"
"1748","2568-P",32,707.841962127015,"ZCJHF","Houston","Texas","UK","Regional Pumpkin Festival","1117 L","1249 Q",-1,-5,5,"Hooligan",321.016762869395,"medium"
"1749","2102-P",58,705.243213711306,"RQRYA","Los Angeles","Texas","USA","Local Pumpkin Festival","1496 G","1608 O",0,0,-1,"White Pumpkin",319.838192159323,"medium"
"1750","2885-P",39,702.100712764263,"DUSOO","Paris","California","UK","National Pumpkin Festival","1893 X","1668 I",-3,-1,4,"Porcelain Doll",318.413021661797,"medium"
"1751","2957-P",67,701.425356449932,"TQSRQ","Los Angeles","California","UK","Local Pumpkin Festival","1283 J","1480 W",4,4,1,"Lady Godiva",318.106737619017,"medium"
"1752","2541-P",83,675.162992999889,"AXXQB","Nottingham","Texas","France","Local Pumpkin Festival","1515 U","1853 F",322,755,-12,"White Pumpkin",306.196368707433,"medium"
"1753","2427-P",3,656.949510557577,"AIUER","Houston","Florida","USA","National Pumpkin Festival","1250 K","1234 R",304,671,3,"Lady Godiva",297.936285967155,"medium"
"1754","2662-P",33,650.811177539639,"AJWAM","Paris","California","USA","National Pumpkin Festival","1417 X","1799 L",320,735,-13,"White Pumpkin",295.152461469224,"medium"
"1755","2785-P",99,652.845002041198,"ETCPA","Houston","New York","USA","Local Pumpkin Festival","1574 F","1149 G",298,607,9,"White Pumpkin",296.074830857686,"medium"
"1756","2624-P",16,647.19587242417,"TSAGO","Los Angeles","Texas","UK","National Pumpkin Festival","1874 K","1805 R",301,642,-5,"White Pumpkin",293.512867312549,"medium"
"1757","2248-P",31,633.585489049554,"HISNR","Houston","Florida","France","Regional Pumpkin Festival","1079 E","1553 E",305,634,-4,"Porcelain Doll",287.340357845603,"medium"
"1758","2608-P",48,599.702223604545,"KPYZW","Chicago","Texas","UK","National Pumpkin Festival","1037 I","1473 R",299,627,-4,"Hooligan",271.973797553082,"medium"
"1759","2905-P",26,603.233252212405,"ACAYM","Houston","Florida","USA","Local Pumpkin Festival","1962 T","1913 N",292,543,7,"Hooligan",273.575171071386,"medium"
"1760","2490-P",73,605.618612354621,"VHRLN","Houston","Texas","UK","Local Pumpkin Festival","1994 C","1882 P",295,561,3,"Porcelain Doll",274.65696705425,"medium"
"1761","2911-P",97,596.730373382568,"ZIDIT","Los Angeles","California","UK","National Pumpkin Festival","1968 H","1538 C",298,602,-4,"Hooligan",270.626019674634,"medium"
"1762","2073-P",40,573.476085208356,"CHDVR","Nottingham","Florida","France","National Pumpkin Festival","1043 H","1857 M",296,583,-2,"Porcelain Doll",260.07985723735,"medium"
"1763","2492-P",26,568.290503695235,"HOMDV","Nottingham","Florida","UK","Local Pumpkin Festival","1752 J","1999 P",288,586,3,"Porcelain Doll",257.728119589676,"medium"
"1764","2169-P",95,571.935128537007,"LKSDB","Los Angeles","New York","France","Regional Pumpkin Festival","1671 Y","1390 S",1,-2,2,"Hooligan",259.381010674379,"medium"
"1765","2636-P",22,570.196334356442,"YTTOD","Los Angeles","Florida","France","Regional Pumpkin Festival","1370 U","1202 X",298,582,-6,"White Pumpkin",258.592441885008,"medium"
"1766","2414-P",81,551.019628005102,"YLEJY","Nottingham","New York","UK","Local Pumpkin Festival","1493 N","1883 Q",290,570,0,"Lady Godiva",249.895522904808,"medium"
"1767","2715-P",82,564.488293253258,"KBOTM","Chicago","New York","France","National Pumpkin Festival","1188 R","1629 E",283,535,-1,"Hooligan",256.003761112589,"medium"
"1768","2966-P",86,539.437968117185,"ZGKHB","Los Angeles","Texas","UK","Local Pumpkin Festival","1592 T","1547 K",286,527,-2,"Porcelain Doll",244.6430694409,"medium"
"1769","2106-P",64,551.322935791686,"BXICE","Nottingham","Florida","France","National Pumpkin Festival","1511 X","1991 D",288,557,4,"Lady Godiva",250.033077456547,"medium"
"1770","2729-P",76,539.729312963411,"IHARZ","Houston","Texas","UK","National Pumpkin Festival","1344 C","1851 E",-5,-4,-3,"Lady Godiva",244.775198622862,"medium"
"1771","2533-P",73,535.158120528422,"GKLFX","Houston","Florida","USA","Local Pumpkin Festival","1685 I","1624 R",302,636,-16,"Porcelain Doll",242.702095477743,"medium"
"1772","2852-P",28,510.21346127335,"VVTFU","Nottingham","Texas","USA","Regional Pumpkin Festival","1395 Y","1460 K",283,513,-1,"Lady Godiva",231.389324840521,"medium"
"1773","2822-P",75,503.672986534797,"NXSTB","Houston","New York","France","Regional Pumpkin Festival","1135 Y","1958 D",288,541,-1,"Hooligan",228.423123145032,"medium"
"1774","2612-P",72,514.488923065364,"ERNEY","Paris","Texas","UK","Local Pumpkin Festival","1599 V","1999 W",294,584,-12,"Hooligan",233.328309780211,"medium"
"1775","2341-P",88,501.953044145368,"QPAVG","Los Angeles","New York","USA","Local Pumpkin Festival","1911 R","2000 R",272,444,10,"Lady Godiva",227.643103920802,"medium"
"1776","2315-P",1,495.757138866931,"WMYCJ","Chicago","California","USA","National Pumpkin Festival","1352 Z","1307 L",285,525,-3,"White Pumpkin",224.833169554164,"medium"
"1777","2420-P",80,492.586788797751,"XVDAZ","Nottingham","Florida","France","Regional Pumpkin Festival","1323 O","1263 H",-3,-1,3,"Porcelain Doll",223.395369069275,"medium"
"1778","2268-P",18,484.212349947169,"QBYWF","Nottingham","California","USA","National Pumpkin Festival","1331 K","1813 T",282,514,-11,"White Pumpkin",219.597437617764,"medium"
"1779","2095-P",69,487.262559645809,"MKKWS","Los Angeles","California","France","Regional Pumpkin Festival","1842 H","1346 N",285,525,-12,"Hooligan",220.980752673836,"medium"
"1780","2287-P",65,486.46719607152,"LCTGU","New York","New York","USA","Regional Pumpkin Festival","1195 N","1363 H",276,488,-2,"White Pumpkin",220.620043569851,"medium"
"1781","2489-P",3,468.410184988752,"SSBMJ","New York","Texas","France","National Pumpkin Festival","1529 Y","1198 B",264,441,2,"Porcelain Doll",212.430922897393,"medium"
"1782","2280-P",31,469.194131291658,"XCLYM","Los Angeles","Florida","UK","Regional Pumpkin Festival","1695 M","1358 Z",279,521,-11,"Lady Godiva",212.786454100525,"medium"
"1783","2818-P",85,467.568928753026,"BTZHR","Nottingham","Florida","France","Local Pumpkin Festival","1414 T","1447 V",-2,5,0,"Porcelain Doll",212.049400795023,"medium"
"1784","2470-P",35,464.02705805935,"GZKHK","Paris","New York","USA","National Pumpkin Festival","1854 H","1634 Y",267,433,7,"White Pumpkin",210.443110230998,"medium"
"1785","2189-P",20,451.675156118162,"DBJND","New York","New York","USA","Local Pumpkin Festival","1187 A","1810 U",262,417,12,"Lady Godiva",204.841340643157,"medium"
"1786","2147-P",23,455.800489296205,"WHFDR","New York","Florida","France","National Pumpkin Festival","1687 K","1394 K",271,436,7,"Porcelain Doll",206.712240043631,"medium"
"1787","2697-P",86,437.998602560908,"ZNMZK","Paris","California","France","Regional Pumpkin Festival","1983 Y","1224 Q",-5,0,5,"Hooligan",198.638822023087,"medium"
"1788","2714-P",75,446.205282812938,"XMPHJ","Houston","Texas","USA","Local Pumpkin Festival","1600 U","1525 Z",256,384,15,"Lady Godiva",202.360672477523,"medium"
"1789","2410-P",24,430.15992672462,"DRRFI","Houston","California","France","Regional Pumpkin Festival","1306 L","1094 W",263,411,4,"White Pumpkin",195.083866995293,"medium"
"1790","2252-P",14,420.833434344642,"TLIBL","Paris","Florida","USA","National Pumpkin Festival","1007 O","1347 D",252,376,10,"Lady Godiva",190.854165235665,"medium"
"1791","2701-P",17,418.444111160189,"ELLTG","Chicago","New York","UK","National Pumpkin Festival","1600 I","1708 J",255,396,12,"Hooligan",189.770571954734,"medium"
"1792","2150-P",30,418.69810881,"LICQA","Houston","California","France","National Pumpkin Festival","1380 A","1727 V",270,433,-6,"White Pumpkin",189.885763632653,"medium"
"1793","2461-P",15,424.189636659808,"UJVEC","Nottingham","Texas","UK","Local Pumpkin Festival","1249 B","1521 J",269,452,-11,"Hooligan",192.376252453428,"medium"
"1794","2052-P",73,415.840272666886,"BLKUW","Nottingham","New York","UK","National Pumpkin Festival","1716 K","1672 S",258,416,1,"Porcelain Doll",188.58969281945,"medium"
"1795","2112-P",40,423.200939375907,"YCVNP","Paris","California","UK","Local Pumpkin Festival","1476 N","1430 A",262,399,5,"Porcelain Doll",191.927863662543,"medium"
"1796","2595-P",10,420.917852581479,"EWLRN","Paris","California","France","National Pumpkin Festival","1469 F","1244 W",3,-4,3,"Lady Godiva",190.89245015033,"medium"
"1797","2370-P",92,422.549169291742,"CHZWU","Paris","Texas","USA","Regional Pumpkin Festival","1647 A","1429 L",258,410,-1,"Hooligan",191.632276322786,"medium"
"1798","2027-P",54,420.686560548842,"ZZXHU","Los Angeles","Florida","UK","Local Pumpkin Festival","1030 P","1291 U",262,420,2,"Hooligan",190.787555804463,"medium"
"1799","2388-P",68,413.014643233269,"FCGED","Paris","New York","France","Regional Pumpkin Festival","1300 S","1297 U",247,348,13,"Porcelain Doll",187.308228223705,"medium"
"1800","2439-P",64,386.103227338567,"QCKUU","New York","New York","USA","Local Pumpkin Festival","1220 I","1926 J",-5,1,-5,"Porcelain Doll",175.103504461935,"medium"
"1801","2389-P",4,397.853111966513,"QKKNZ","New York","New York","UK","Local Pumpkin Festival","1488 U","1162 G",254,378,5,"Lady Godiva",180.432250324949,"medium"
"1802","2068-P",69,385.537952403538,"UKUBZ","Chicago","Florida","France","Regional Pumpkin Festival","1541 W","1607 T",250,365,5,"Porcelain Doll",174.847143947183,"medium"
"1803","2366-P",31,386.038222581707,"RTIKT","Houston","Texas","UK","Regional Pumpkin Festival","1519 D","1562 C",259,414,-13,"Lady Godiva",175.074023846579,"medium"
"1804","2929-P",74,378.244475807063,"TORAL","Paris","California","UK","Regional Pumpkin Festival","1952 H","1449 F",259,422,-13,"White Pumpkin",171.53944481046,"medium"
"1805","2048-P",40,384.163916289806,"NVHWP","Houston","Texas","UK","National Pumpkin Festival","1918 I","1942 I",3,2,-3,"Lady Godiva",174.223998317372,"medium"
"1806","2478-P",19,371.885590523481,"MGDCJ","Paris","Texas","France","Local Pumpkin Festival","1420 D","1344 Y",253,375,-2,"Hooligan",168.655596609289,"medium"
"1807","2246-P",26,362.645312514156,"RYWSQ","Nottingham","Texas","USA","National Pumpkin Festival","1612 R","1011 S",258,415,-14,"White Pumpkin",164.464994337486,"medium"
"1808","2754-P",37,359.817161183432,"TNPIL","Chicago","California","UK","Regional Pumpkin Festival","1441 P","1015 N",256,377,-8,"Porcelain Doll",163.182386024232,"medium"
"1809","2841-P",91,358.261258055829,"BZHFK","Nottingham","New York","UK","National Pumpkin Festival","1477 W","1447 O",269,456,-28,"Porcelain Doll",162.476761023051,"medium"
"1810","2179-P",100,341.5389273623,"THWWX","Chicago","Texas","France","Local Pumpkin Festival","1099 C","1920 M",242,325,11,"Lady Godiva",154.892937579275,"medium"
"1811","2874-P",28,328.847427582368,"NEROZ","Chicago","California","UK","Regional Pumpkin Festival","1968 G","1796 G",243,332,0,"White Pumpkin",149.137155366153,"medium"
"1812","2650-P",62,319.760112521425,"CSUMI","Chicago","California","USA","Regional Pumpkin Festival","1316 I","1495 W",241,322,4,"Porcelain Doll",145.015924045998,"medium"
"1813","2590-P",6,327.448960486427,"BBYBE","Los Angeles","New York","UK","Local Pumpkin Festival","1752 J","1622 W",248,338,-3,"Porcelain Doll",148.502929925817,"medium"
"1814","2578-P",93,327.22264175117,"BVIOX","Houston","Texas","UK","National Pumpkin Festival","1674 S","1084 E",225,275,24,"Hooligan",148.400291043615,"medium"
"1815","2465-P",42,319.167147421278,"DONEQ","Nottingham","California","France","Regional Pumpkin Festival","1859 S","1132 K",243,338,0,"Lady Godiva",144.747005633233,"medium"
"1816","2367-P",48,305.377051747404,"IVINU","Los Angeles","New York","France","Local Pumpkin Festival","1746 H","1206 G",317,771,-62,"Porcelain Doll",138.492993989752,"medium"
"1817","2885-P",72,316.322151183151,"VZGDN","Chicago","New York","USA","Regional Pumpkin Festival","1061 D","1127 X",245,321,1,"Porcelain Doll",143.456757906191,"medium"
"1818","2218-P",39,306.073578811809,"TQOHN","New York","Florida","USA","National Pumpkin Festival","1459 X","1305 U",238,298,2,"Lady Godiva",138.808879279732,"medium"
"1819","2020-P",48,304.810624351725,"UBFPI","Los Angeles","Texas","France","National Pumpkin Festival","1958 N","1315 V",222,268,12,"Porcelain Doll",138.236110817109,"medium"
"1820","2323-P",13,313.459390822798,"BWGJG","Paris","California","USA","Local Pumpkin Festival","1686 U","1152 X",-4,-5,5,"Lady Godiva",142.15845388789,"medium"
"1821","2221-P",37,307.620577785186,"CMTVK","New York","New York","USA","National Pumpkin Festival","1141 A","1891 D",231,287,6,"Hooligan",139.510466115731,"medium"
"1822","2371-P",36,297.705575538799,"IFRDL","Paris","Texas","UK","National Pumpkin Festival","1316 W","1842 N",225,267,14,"Lady Godiva",135.013866457505,"medium"
"1823","2001-P",58,294.628185833804,"AZIXK","Houston","Texas","UK","National Pumpkin Festival","1597 B","1448 B",234,309,-6,"Hooligan",133.618224867938,"medium"
"1824","2754-P",96,277.795322130434,"XYLPP","Paris","New York","UK","National Pumpkin Festival","1216 R","1417 E",231,302,-3,"Hooligan",125.984273075027,"medium"
"1825","2371-P",77,276.494621601887,"AUKKO","Chicago","Florida","UK","Regional Pumpkin Festival","1372 E","1779 V",3,5,3,"Porcelain Doll",125.394386214008,"medium"
"1826","2879-P",87,284.830838861875,"CVIEE","Chicago","California","USA","Local Pumpkin Festival","1633 H","1559 R",0,4,5,"Porcelain Doll",129.174983610828,"medium"
"1827","2236-P",40,267.330222259276,"RCWAH","Nottingham","New York","France","Local Pumpkin Festival","1311 M","1241 T",237,303,-6,"White Pumpkin",121.238196035953,"medium"
"1828","2411-P",84,276.905110312998,"SLEUB","Nottingham","Florida","USA","Regional Pumpkin Festival","1708 Z","1182 K",219,253,1,"Porcelain Doll",125.580548894784,"medium"
"1829","2684-P",100,269.79966837354,"TFDYB","Nottingham","New York","USA","National Pumpkin Festival","1654 R","1600 B",221,250,14,"Hooligan",122.358126246503,"medium"
"1830","2564-P",39,273.484771822579,"BGRAJ","Nottingham","Florida","France","Local Pumpkin Festival","1271 I","1717 L",3,5,0,"Porcelain Doll",124.029374976226,"medium"
"1831","2961-P",10,266.435688439757,"OZEYZ","Paris","Florida","USA","Regional Pumpkin Festival","1254 D","1743 H",4,1,-1,"Lady Godiva",120.832511764062,"medium"
"1832","2781-P",100,273.389811896719,"NITMU","Los Angeles","California","UK","Regional Pumpkin Festival","1814 O","1625 Q",1,-1,-2,"White Pumpkin",123.986309250213,"medium"
"1833","2928-P",41,251.913614844903,"EPJQT","Paris","California","USA","Regional Pumpkin Festival","1033 B","1358 Z",222,238,10,"White Pumpkin",114.246537344627,"medium"
"1834","2111-P",34,261.722393575124,"JHABB","Houston","Texas","France","Local Pumpkin Festival","1224 U","1229 F",222,272,-7,"White Pumpkin",118.694963072619,"medium"
"1835","2815-P",36,243.321431762539,"HQFBK","Houston","Florida","UK","Regional Pumpkin Festival","1381 A","1363 H",-2,0,-1,"Lady Godiva",110.349855674621,"medium"
"1836","2632-P",23,251.902463560924,"XYOBF","New York","Texas","UK","National Pumpkin Festival","1241 I","1204 C",-2,-4,3,"Hooligan",114.241480072981,"medium"
"1837","2074-P",4,238.316134942695,"MJYPU","New York","New York","UK","Regional Pumpkin Festival","1433 V","1439 I",236,294,-14,"White Pumpkin",108.079879792606,"medium"
"1838","2448-P",23,251.388337414712,"UVLLN","Los Angeles","New York","UK","Regional Pumpkin Festival","1023 R","1059 W",221,240,-4,"Porcelain Doll",114.008316287851,"medium"
"1839","2304-P",49,236.18399679102,"LZPBJ","Nottingham","California","UK","Regional Pumpkin Festival","1642 O","1777 N",214,220,6,"Porcelain Doll",107.112923714748,"medium"
"1840","2809-P",73,247.711004032008,"EWZOR","Los Angeles","Florida","France","Regional Pumpkin Festival","1410 B","1228 J",-3,-5,-4,"Porcelain Doll",112.340591397736,"medium"
"1841","2865-P",32,245.795327491127,"ATFDR","Nottingham","Texas","UK","Regional Pumpkin Festival","1301 X","1224 W",218,252,-6,"Hooligan",111.471803850851,"medium"
"1842","2281-P",58,226.589940084144,"GGVEK","Paris","Florida","UK","Regional Pumpkin Festival","1308 Q","1020 M",216,228,2,"Porcelain Doll",102.761877589181,"medium"
"1843","2788-P",64,216.797982773744,"DZIOW","Chicago","Florida","France","Local Pumpkin Festival","1491 S","1794 U",4,-3,-2,"Porcelain Doll",98.321080623013,"light"
"1844","2918-P",2,219.392203171737,"WTKPW","Nottingham","California","USA","Regional Pumpkin Festival","1862 A","1854 Q",204,193,16,"Hooligan",99.4975978103118,"light"
"1845","2856-P",39,220.51137856897,"XWKMG","Chicago","New York","USA","Regional Pumpkin Festival","1150 U","1311 L",2,-3,-2,"Porcelain Doll",100.005160348739,"medium"
"1846","2283-P",19,208.951626265608,"VBXOO","Paris","California","USA","National Pumpkin Festival","1992 S","1668 N",209,215,-1,"Porcelain Doll",94.7626422973278,"light"
"1847","2712-P",50,201.311208758503,"QYMMU","Houston","Texas","USA","National Pumpkin Festival","1084 R","1111 V",202,185,10,"Porcelain Doll",91.2976003439924,"light"
"1848","2071-P",28,195.074559754692,"PYMUJ","Nottingham","New York","USA","National Pumpkin Festival","1576 X","1938 B",206,211,-13,"Porcelain Doll",88.469188097366,"light"
"1849","2415-P",67,183.945962781087,"NOIOS","Chicago","Texas","UK","Local Pumpkin Festival","1847 C","1930 P",197,183,5,"Hooligan",83.4222053428964,"light"
"1850","2927-P",34,191.067463458516,"EOMNF","Chicago","New York","UK","Regional Pumpkin Festival","1673 W","1713 X",5,-5,-3,"Porcelain Doll",86.65191086554,"light"
"1851","2275-P",21,189.525515732728,"HGFNU","New York","New York","France","Regional Pumpkin Festival","1257 O","1853 J",214,220,-15,"Hooligan",85.9526148447746,"light"
"1852","2238-P",87,178.284004999138,"MOLNN","Houston","California","UK","National Pumpkin Festival","1327 P","1561 C",191,170,8,"Porcelain Doll",80.8544240358904,"light"
"1853","2382-P",3,181.355356609449,"OKAJV","New York","Texas","UK","National Pumpkin Festival","1158 O","1310 F",201,187,-7,"Lady Godiva",82.247327260521,"light"
"1854","2979-P",64,160.958470106125,"PACJW","Paris","New York","UK","Regional Pumpkin Festival","1886 U","1129 P",193,179,-1,"Hooligan",72.997038596882,"light"
"1855","2492-P",37,165.160316670313,"VNCSS","New York","California","USA","National Pumpkin Festival","1106 K","1148 S",189,165,-4,"White Pumpkin",74.9026379457204,"light"
"1856","2640-P",44,146.875599992462,"SAYWC","Houston","New York","USA","Local Pumpkin Festival","1631 T","1201 P",202,187,-13,"Hooligan",66.6102494296878,"light"
"1857","2275-P",15,153.432650127448,"WNKJT","New York","Florida","France","Regional Pumpkin Festival","1511 O","1218 Y",179,137,15,"White Pumpkin",69.5839683117679,"light"
"1858","2687-P",52,152.044707252644,"YGTJS","New York","Florida","USA","Regional Pumpkin Festival","1929 F","1180 T",149,87,77,"Porcelain Doll",68.9545157608363,"light"
"1859","2204-P",67,140.414843516052,"OENAP","Chicago","California","France","Regional Pumpkin Festival","1489 N","1902 P",0,-5,0,"Lady Godiva",63.6802011410666,"light"
"1860","2943-P",96,149.895700367168,"WNIYB","Houston","California","USA","National Pumpkin Festival","1272 E","1686 Z",187,148,-5,"Lady Godiva",67.9799094635681,"light"
"1861","2548-P",21,131.647991246544,"NSVTT","Chicago","New York","France","Regional Pumpkin Festival","1608 S","1911 Q",172,129,9,"White Pumpkin",59.7043044202013,"light"
"1862","2923-P",18,142.076771395281,"SDHXN","New York","Texas","France","National Pumpkin Festival","1946 O","1029 E",2,1,-1,"White Pumpkin",64.4339099298326,"light"
"1863","2444-P",37,132.914500002749,"QEHHQ","Nottingham","New York","France","National Pumpkin Festival","1847 Y","1197 O",173,126,-1,"Porcelain Doll",60.2786848085031,"light"
"1864","2729-P",11,122.665217896923,"NKVLC","Nottingham","Florida","UK","Local Pumpkin Festival","1666 I","1739 E",166,102,13,"White Pumpkin",55.6304843069947,"light"
"1865","2875-P",15,115.001691574231,"WYBFQ","Paris","California","USA","Local Pumpkin Festival","1439 G","1794 A",3,3,-5,"White Pumpkin",52.154962165184,"light"
"1866","2102-P",40,107.566393945366,"WHINA","Chicago","Texas","USA","Regional Pumpkin Festival","1064 C","1959 U",5,3,1,"White Pumpkin",48.7829450999393,"light"
"1867","2055-P",1,109.435907613486,"GPUBQ","New York","Texas","UK","Regional Pumpkin Festival","1942 K","1153 B",5,2,-2,"Porcelain Doll",49.6307971036218,"light"
"1868","2434-P",35,107.449658815004,"JLXLZ","Paris","California","USA","Regional Pumpkin Festival","1840 D","1943 N",155,96,8,"Lady Godiva",48.7300039977342,"light"
"1869","2937-P",26,88.6173511222005,"NERGL","New York","California","France","Local Pumpkin Festival","1327 A","1718 J",169,118,-13,"Hooligan",40.1892748853517,"light"
"1870","2166-P",16,80.6522481748834,"PEZTJ","Houston","Florida","UK","National Pumpkin Festival","1817 J","1601 A",1,-1,4,"Hooligan",36.5769832992669,"light"
"1871","2346-P",19,88.114953044802,"LFXJB","Nottingham","California","UK","Local Pumpkin Festival","1694 A","1049 E",148,83,5,"Hooligan",39.9614299522911,"light"
"1872","2385-P",48,85.7448070300743,"UYKXI","Los Angeles","Texas","France","Regional Pumpkin Festival","1537 W","1475 V",4,-2,4,"Hooligan",38.8865338004872,"light"
"1873","2262-P",90,82.8252540551126,"GVFLK","Los Angeles","New York","USA","Regional Pumpkin Festival","1090 F","1706 K",4,5,-1,"Porcelain Doll",37.5624734943821,"light"
"1874","2495-P",70,77.6747538385913,"XRPVZ","Los Angeles","California","France","Regional Pumpkin Festival","1220 T","1101 P",-5,2,-4,"Lady Godiva",35.2266457317874,"light"
"1875","2230-P",80,62.0184152023867,"VNRLI","Nottingham","Texas","UK","Regional Pumpkin Festival","1199 S","1210 U",144,78,-15,"Porcelain Doll",28.1262653979078,"light"
"1876","2924-P",82,75.8543288493529,"SYLNQ","Nottingham","California","UK","National Pumpkin Festival","1594 E","1828 J",5,-2,5,"Lady Godiva",34.401056167507,"light"
"1877","2468-P",54,74.5330978851765,"KUWRX","Houston","Texas","France","National Pumpkin Festival","1565 B","1812 P",-5,4,-3,"Lady Godiva",33.8018584513272,"light"
"1878","2370-P",8,60.722818332538,"XKUCI","Nottingham","California","France","National Pumpkin Festival","1228 J","1779 T",-3,-4,4,"White Pumpkin",27.5386931213324,"light"
"1879","2796-P",45,55.4903065385297,"IQSHZ","Paris","New York","UK","National Pumpkin Festival","1621 X","1130 L",137,61,-7,"Porcelain Doll",25.1656718995599,"light"
"1880","2952-P",32,64.8523090127856,"FSCWT","Paris","New York","France","Local Pumpkin Festival","1838 M","1299 F",134,55,-5,"Porcelain Doll",29.4114780103336,"light"
"1881","2097-P",59,57.318054260686,"MJYSJ","Nottingham","Texas","USA","Regional Pumpkin Festival","1908 P","1361 Y",133,65,-6,"White Pumpkin",25.9945824311501,"light"
"1882","2757-P",95,49.4883517827839,"FPBXI","Houston","California","UK","Regional Pumpkin Festival","1530 R","1269 G",-2,-1,-1,"Lady Godiva",22.4436969536435,"light"
"1883","2741-P",16,45.3124888576567,"GANOJ","Chicago","Texas","UK","Regional Pumpkin Festival","1854 Z","1855 A",3,0,-5,"Lady Godiva",20.5498815680983,"light"
"1884","2630-P",39,43.2961853956804,"EFMRQ","Chicago","Texas","USA","Local Pumpkin Festival","1516 W","1439 Y",114,37,-12,"Porcelain Doll",19.6354582293335,"light"
"1885","2922-P",8,29.8358807854354,"YRKNV","Chicago","New York","France","National Pumpkin Festival","1000 V","1557 M",-4,-5,5,"White Pumpkin",13.531011694075,"light"
"1886","2259-P",100,23.7336800945923,"NLIIE","Los Angeles","Florida","UK","Regional Pumpkin Festival","1247 F","1625 Q",3,-1,4,"Hooligan",10.7635737390441,"light"
"1887","2056-P",68,17.481081542559,"YSPPF","New York","Florida","France","Local Pumpkin Festival","1933 G","1470 A",3,4,-2,"Porcelain Doll",7.92792813721495,"light"
"1888","2050-P",68,1.58384027797729,"TKTOW","Chicago","New York","France","Local Pumpkin Festival","1813 E","1288 H",-2,2,-3,"Porcelain Doll",0.718294910647296,"light"
"1889","2155-P",39,-0.193895363248885,"ZPPTX","New York","California","USA","Local Pumpkin Festival","1975 H","1673 C",-1,-3,1,"Lady Godiva",-0.087934405101535,"light"
"1890","2731-P",100,1376.42419674899,"BJXQY","Paris","Florida","USA","National Pumpkin Festival","1978 Y","1544 H",387,1282,9,"Lady Godiva",624.22866065714,"heavy"
"1891","2843-P",63,1330.40606316645,"EWQNC","Houston","New York","USA","National Pumpkin Festival","1585 N","1483 T",372,1156,13,"Lady Godiva",603.358758805645,"heavy"
"1892","2470-P",40,1204.11205470283,"MXPNJ","Chicago","Florida","France","Regional Pumpkin Festival","1951 P","1416 M",387,1276,-4,"White Pumpkin",546.082564491078,"heavy"
"1893","2667-P",92,1107.08157254569,"MGXCN","Paris","Florida","USA","National Pumpkin Festival","1060 F","1346 T",372,1171,-9,"Lady Godiva",502.077810678318,"heavy"
"1894","2156-P",27,1086.2410883313,"ZGZMT","Chicago","New York","France","National Pumpkin Festival","1115 M","1533 N",359,1079,1,"Lady Godiva",492.626343914424,"medium"
"1895","2327-P",57,670.910864597186,"EFOYZ","Los Angeles","Texas","UK","Regional Pumpkin Festival","1730 D","1348 S",326,771,-18,"Hooligan",304.267965803713,"medium"
"1896","2212-P",30,634.021588908136,"LKNML","Nottingham","Texas","France","National Pumpkin Festival","1365 K","1255 C",335,831,-21,"Hooligan",287.538135559245,"medium"
"1897","2278-P",48,2174.38228340447,"EEXEU","Houston","Florida","France","National Pumpkin Festival","1207 X","1602 Y",473,2097,8,"Lady Godiva",986.11441424239,"heavy"
"1898","2115-P",96,2167.04114115257,"QOVXW","Paris","Florida","USA","Regional Pumpkin Festival","1366 Y","1956 O",487,2243,-7,"Lady Godiva",982.785098028376,"heavy"
"1899","2869-P",39,2093.47586511262,"XDKYY","Chicago","New York","USA","Regional Pumpkin Festival","1928 V","1842 C",457,1948,2,"White Pumpkin",949.422161048806,"heavy"
"1900","2814-P",82,2043.2896532584,"CPEDJ","Houston","Texas","UK","Local Pumpkin Festival","1495 W","1294 I",440,1797,17,"Hooligan",926.661974266847,"heavy"
"1901","2589-P",81,2019.10933806654,"GDQCM","Paris","New York","UK","Regional Pumpkin Festival","1969 Y","1408 O",463,2012,-1,"Porcelain Doll",915.695844928136,"heavy"
"1902","2729-P",72,1966.6824168507,"BDRTO","Houston","Florida","France","National Pumpkin Festival","1579 I","1732 G",440,1802,7,"Hooligan",891.919463424354,"heavy"
"1903","2510-P",69,1944.38390509877,"BKNMN","Paris","New York","France","Local Pumpkin Festival","1304 R","1622 K",434,1755,14,"Hooligan",881.806759681983,"heavy"
"1904","2492-P",31,1935.59934391174,"NOYRJ","Nottingham","California","USA","National Pumpkin Festival","1506 T","1565 J",434,1746,16,"Hooligan",877.822831706007,"heavy"
"1905","2156-P",57,1906.88965015579,"KTYAT","Paris","California","France","Local Pumpkin Festival","1045 S","1863 R",449,1831,3,"Hooligan",864.80256242893,"heavy"
"1906","2714-P",97,1901.22456252761,"RDEWA","Houston","Florida","UK","Regional Pumpkin Festival","1876 Z","1246 V",426,1706,10,"Lady Godiva",862.233361690527,"heavy"
"1907","2107-P",77,1849.53887848742,"KYMPW","Nottingham","Texas","France","National Pumpkin Festival","1473 D","1164 J",446,1838,-3,"Porcelain Doll",838.793142171167,"heavy"
"1908","2578-P",9,1842.60228559934,"CCKCM","Chicago","California","UK","Regional Pumpkin Festival","1549 S","1459 B",442,1800,7,"Lady Godiva",835.647295056388,"heavy"
"1909","2342-P",26,1803.13650452532,"ONYNO","Houston","Texas","France","Local Pumpkin Festival","1497 E","1149 S",423,1604,9,"Hooligan",817.748981644135,"heavy"
"1910","2577-P",80,1812.1963073276,"DSGTI","Nottingham","California","UK","National Pumpkin Festival","1756 I","1797 L",426,1669,6,"Hooligan",821.857735749478,"heavy"
"1911","2376-P",20,1798.39638425317,"PYDRJ","Nottingham","Texas","UK","Local Pumpkin Festival","1660 F","1507 G",412,1528,15,"Porcelain Doll",815.599267234996,"heavy"
"1912","2005-P",72,1778.82329364028,"NUZNN","Houston","California","UK","Regional Pumpkin Festival","1297 S","1911 U",437,1762,1,"Porcelain Doll",806.722582149786,"heavy"
"1913","2893-P",89,1730.66416707449,"UTUXY","Los Angeles","New York","France","Local Pumpkin Festival","1913 D","1458 U",408,1467,13,"Porcelain Doll",784.881708423803,"heavy"
"1914","2295-P",94,1700.48885954916,"PEWLQ","Houston","California","France","Regional Pumpkin Festival","1663 K","1501 S",420,1594,11,"Lady Godiva",771.196761700301,"heavy"
"1915","2507-P",23,1687.27551481407,"DHFBX","Los Angeles","Florida","France","Regional Pumpkin Festival","1606 C","1675 U",447,1878,-14,"Porcelain Doll",765.204315108422,"heavy"
"1916","2108-P",42,1651.97309715208,"OLAPQ","Chicago","Florida","USA","Local Pumpkin Festival","1813 V","1576 R",414,1556,2,"Lady Godiva",749.194148368289,"heavy"
"1917","2388-P",34,1635.514631534,"SLOMZ","Chicago","California","France","National Pumpkin Festival","1362 G","1096 T",-3,0,0,"Porcelain Doll",741.729991625395,"heavy"
"1918","2342-P",99,1632.00632452313,"IJSTC","Nottingham","Florida","France","National Pumpkin Festival","1945 B","1555 E",431,1710,-9,"Porcelain Doll",740.138922686226,"heavy"
"1919","2454-P",60,1560.36048215441,"DKCVP","Paris","Florida","UK","Regional Pumpkin Festival","1893 B","1600 F",401,1392,8,"Lady Godiva",707.646477167535,"heavy"
"1920","2370-P",91,1559.17765765022,"JNVNS","Houston","California","USA","Local Pumpkin Festival","1169 B","1390 M",421,1568,2,"Lady Godiva",707.110048820964,"heavy"
"1921","2692-P",92,1541.94511528313,"EWFIJ","Houston","Florida","France","National Pumpkin Festival","1527 E","1406 G",407,1450,2,"Hooligan",699.294836863098,"heavy"
"1922","2554-P",57,1507.93114291616,"MCXYN","Nottingham","New York","USA","Local Pumpkin Festival","1973 K","1973 P",409,1546,2,"White Pumpkin",683.868999054947,"heavy"
"1923","2970-P",2,1503.01497016475,"QNPRG","Paris","New York","France","Local Pumpkin Festival","1686 N","1481 E",396,1365,13,"White Pumpkin",681.639442251585,"heavy"
"1924","2734-P",71,1480.59481544979,"AUORY","Chicago","Texas","France","Local Pumpkin Festival","1039 P","1332 W",410,1460,5,"Porcelain Doll",671.471571632557,"heavy"
"1925","2900-P",4,1483.13939022087,"XJWBU","Nottingham","California","France","National Pumpkin Festival","1885 I","1416 E",418,1541,-8,"Porcelain Doll",672.625573796311,"heavy"
"1926","2513-P",31,1472.02012680098,"VEQSO","Chicago","Texas","UK","Regional Pumpkin Festival","1881 W","1094 Y",378,1218,25,"Hooligan",667.582823946025,"heavy"
"1927","2815-P",12,1458.64649411198,"OSURS","New York","California","France","Local Pumpkin Festival","1023 I","1620 I",401,1414,1,"White Pumpkin",661.517684404525,"heavy"
"1928","2145-P",47,1431.74472113326,"UIZNM","Nottingham","Florida","France","Regional Pumpkin Festival","1380 S","1528 S",373,1201,16,"White Pumpkin",649.317333847284,"heavy"
"1929","2657-P",9,1405.51707164384,"VOASI","New York","California","France","National Pumpkin Festival","1743 G","1717 C",400,1402,4,"Lady Godiva",637.422708228501,"heavy"
"1930","2494-P",19,1404.32684547547,"QDGDF","Los Angeles","California","France","Local Pumpkin Festival","1144 G","1041 N",403,1422,-4,"Porcelain Doll",636.882923118128,"heavy"
"1931","2584-P",51,1384.63982112892,"XIGGR","Chicago","New York","USA","National Pumpkin Festival","1143 U","1072 R",394,1382,-1,"White Pumpkin",627.954567405406,"heavy"
"1932","2062-P",60,1381.45382278878,"GVIHG","Los Angeles","Texas","France","Regional Pumpkin Festival","1389 H","1584 S",398,1406,0,"Porcelain Doll",626.509670198994,"heavy"
"1933","2508-P",9,1369.92349222694,"QLAOV","Chicago","New York","France","Local Pumpkin Festival","1322 I","1303 X",394,1350,2,"Hooligan",621.280495341014,"heavy"
"1934","2487-P",11,1338.71393870283,"EXGUX","Nottingham","Texas","USA","National Pumpkin Festival","1470 F","1663 B",375,1166,10,"Hooligan",607.126502813074,"heavy"
"1935","2671-P",63,1339.27468727995,"UTXAE","New York","New York","UK","Regional Pumpkin Festival","1444 L","1915 E",391,1303,-1,"Lady Godiva",607.380810557799,"heavy"
"1936","2459-P",18,1319.71963469498,"EHOQS","Los Angeles","California","USA","Regional Pumpkin Festival","1232 U","1410 G",378,1200,6,"Lady Godiva",598.512305984117,"heavy"
"1937","2464-P",99,1303.45149611868,"TZIDM","Paris","Texas","UK","Regional Pumpkin Festival","1192 V","1510 N",393,1346,-2,"White Pumpkin",591.134465359945,"heavy"
"1938","2343-P",26,1305.67478989251,"UCDFU","Houston","Texas","USA","Regional Pumpkin Festival","1030 J","1137 B",378,1222,5,"Hooligan",592.142761856013,"heavy"
"1939","2203-P",60,1289.73921940476,"FHGZN","Los Angeles","Florida","UK","Local Pumpkin Festival","1049 Y","1828 J",384,1259,8,"White Pumpkin",584.915745761795,"heavy"
"1940","2923-P",97,1279.57770639565,"TWBKF","Paris","Florida","France","Local Pumpkin Festival","1651 L","1520 F",404,1395,-11,"White Pumpkin",580.307349839296,"heavy"
"1941","2910-P",9,1272.95101334713,"SVNGL","Nottingham","New York","France","National Pumpkin Festival","1765 S","1104 H",370,1164,12,"Hooligan",577.302046869449,"heavy"
"1942","2610-P",34,1265.25017651636,"RXIMO","New York","Florida","USA","Local Pumpkin Festival","1963 N","1677 A",-3,-2,1,"White Pumpkin",573.809603862295,"heavy"
"1943","2772-P",52,1260.94971065503,"VXHYS","Chicago","Florida","UK","Regional Pumpkin Festival","1051 Z","1004 B",391,1334,-2,"Hooligan",571.859279208629,"heavy"
"1944","2283-P",75,1263.94491732679,"MKJBA","Houston","Florida","UK","Local Pumpkin Festival","1037 I","1609 O",379,1188,9,"Porcelain Doll",573.217649581312,"heavy"
"1945","2260-P",72,1236.50541598909,"WKFNC","Paris","Texas","France","Regional Pumpkin Festival","1443 Q","1116 U",370,1093,10,"Lady Godiva",560.773431287567,"heavy"
"1946","2235-P",34,1247.16722737625,"ITYXF","Chicago","New York","UK","Regional Pumpkin Festival","1024 O","1298 S",376,1213,0,"Porcelain Doll",565.608719898527,"heavy"
"1947","2140-P",53,1242.64661536273,"ZKDGY","Nottingham","New York","USA","National Pumpkin Festival","1055 I","1868 F",382,1227,2,"Lady Godiva",563.558555720057,"heavy"
"1948","2998-P",44,1219.82955346275,"VAOFI","Houston","California","UK","Local Pumpkin Festival","1308 Q","1784 O",390,1289,-5,"Hooligan",553.210681842517,"heavy"
"1949","2073-P",89,1230.29522636905,"SYZVW","Paris","Florida","France","National Pumpkin Festival","1113 K","1613 C",388,1249,-6,"Lady Godiva",557.957018761475,"heavy"
"1950","2725-P",47,1216.74013069458,"WQZJU","Chicago","New York","France","National Pumpkin Festival","1624 K","1275 M",384,1264,0,"Porcelain Doll",551.809583081444,"heavy"
"1951","2656-P",47,1213.72133817803,"XGXTH","Paris","California","France","National Pumpkin Festival","1408 D","1476 G",375,1165,-1,"Lady Godiva",550.440516180513,"heavy"
"1952","2294-P",39,1184.18625944015,"CZOQM","Chicago","New York","USA","National Pumpkin Festival","1372 U","1246 D",376,1153,-1,"White Pumpkin",537.045922648592,"heavy"
"1953","2012-P",85,1174.82364802714,"KCGUX","New York","New York","France","Local Pumpkin Festival","1207 J","1605 C",387,1247,-7,"Lady Godiva",532.799840375122,"heavy"
"1954","2823-P",94,1165.27401677389,"ZTNVK","Los Angeles","New York","UK","Regional Pumpkin Festival","1483 U","1543 C",393,1306,-7,"White Pumpkin",528.468941847568,"heavy"
"1955","2242-P",96,1163.98627022579,"DPRVY","Houston","California","USA","Regional Pumpkin Festival","1023 V","1508 Y",374,1205,-7,"Porcelain Doll",527.884929807616,"heavy"
"1956","2111-P",98,1175.89378440287,"OMXIU","Chicago","California","USA","Regional Pumpkin Festival","1261 M","1241 U",365,1072,5,"White Pumpkin",533.285162994499,"heavy"
"1957","2058-P",82,1155.40408201516,"AODTF","Paris","Texas","France","Local Pumpkin Festival","1404 B","1241 J",358,1088,11,"White Pumpkin",523.992780959255,"heavy"
"1958","2871-P",75,1138.27624488436,"AMWOL","Paris","Texas","USA","Local Pumpkin Festival","1797 U","1104 E",349,994,17,"Porcelain Doll",516.225054369323,"heavy"
"1959","2384-P",99,1121.13007644378,"NUGCB","Houston","New York","UK","National Pumpkin Festival","1131 E","1360 Z",368,1126,-3,"Porcelain Doll",508.449014260216,"heavy"
"1960","2463-P",17,1109.53934371192,"DALPR","New York","California","France","National Pumpkin Festival","1114 G","1095 L",365,1130,-3,"Porcelain Doll",503.192446127855,"heavy"
"1961","2135-P",87,1094.29983186908,"CNSSW","Paris","Texas","UK","Local Pumpkin Festival","1878 K","1643 M",373,1200,-7,"Lady Godiva",496.281102888472,"medium"
"1962","2782-P",57,1079.65912491549,"ODGZS","Paris","Florida","USA","Regional Pumpkin Festival","1204 S","1860 W",364,1059,6,"Porcelain Doll",489.641326492285,"medium"
"1963","2874-P",59,1069.14617278147,"IEBVU","Paris","Florida","France","Regional Pumpkin Festival","1896 Z","1077 J",366,1081,3,"Lady Godiva",484.873547746701,"medium"
"1964","2776-P",8,1068.01495702751,"KPILH","Houston","California","USA","Local Pumpkin Festival","1680 G","1378 A",346,928,12,"Porcelain Doll",484.360524729029,"medium"
"1965","2054-P",74,1052.9064898584,"DFRXQ","Chicago","California","France","National Pumpkin Festival","1994 R","1594 S",354,1017,5,"Lady Godiva",477.508612180682,"medium"
"1966","2585-P",6,1055.50673735235,"BUZOV","Chicago","New York","USA","Local Pumpkin Festival","1479 C","1739 X",358,1034,3,"Porcelain Doll",478.687862744829,"medium"
"1967","2963-P",39,1055.50153148975,"XXMMJ","Houston","New York","France","Regional Pumpkin Festival","1488 B","1771 U",365,1093,-8,"Lady Godiva",478.685501809411,"medium"
"1968","2454-P",33,1047.32269731201,"JNYBN","Paris","Texas","France","National Pumpkin Festival","1906 S","1449 U",359,1012,1,"Hooligan",474.976279960096,"medium"
"1969","2022-P",55,1052.93150185049,"MQZDB","Chicago","New York","France","Local Pumpkin Festival","1112 S","1996 C",377,1201,-14,"Hooligan",477.519955487749,"medium"
"1970","2770-P",32,1050.31729140859,"HRXJJ","Chicago","Florida","France","National Pumpkin Festival","1502 L","1630 G",349,997,6,"Porcelain Doll",476.334372520903,"medium"
"1971","2783-P",61,1027.10612686183,"SILVC","Paris","California","France","Local Pumpkin Festival","1907 D","1216 L",358,1029,-6,"Hooligan",465.807767284278,"medium"
"1972","2553-P",21,1006.14643878024,"KCRJU","Nottingham","New York","USA","Regional Pumpkin Festival","1993 J","1656 J",348,957,8,"Lady Godiva",456.302239809633,"medium"
"1973","2886-P",2,992.891265161335,"GHMIN","Los Angeles","New York","France","Regional Pumpkin Festival","1874 K","1780 L",346,958,1,"Porcelain Doll",450.29082320242,"medium"
"1974","2921-P",6,989.97252666764,"HCQBO","Houston","New York","UK","Regional Pumpkin Festival","1842 E","1251 C",348,1003,1,"White Pumpkin",448.967132275574,"medium"
"1975","2256-P",43,982.613189772703,"YPLZP","Los Angeles","Florida","France","National Pumpkin Festival","1651 X","1573 A",376,1151,-13,"Hooligan",445.629564522768,"medium"
"1976","2162-P",32,975.888053795323,"ELBHR","New York","New York","UK","National Pumpkin Festival","1410 Y","1240 H",364,1074,-5,"Lady Godiva",442.579616233706,"medium"
"1977","2998-P",7,962.871291328222,"EHYOG","Nottingham","California","France","Regional Pumpkin Festival","1418 R","1660 I",348,979,-3,"Hooligan",436.676322597833,"medium"
"1978","2648-P",85,976.744072782807,"ADALR","Chicago","New York","France","National Pumpkin Festival","1946 D","1262 B",341,928,4,"Lady Godiva",442.96783346159,"medium"
"1979","2684-P",63,978.492816401646,"GGKQM","Paris","New York","USA","Regional Pumpkin Festival","1876 W","1623 N",337,915,8,"White Pumpkin",443.760914467866,"medium"
"1980","2543-P",47,958.185616550967,"DXMUN","Paris","California","UK","National Pumpkin Festival","1272 S","1780 K",331,835,16,"White Pumpkin",434.551300023114,"medium"
"1981","2278-P",41,952.925499697216,"CUPQD","Los Angeles","Florida","France","Regional Pumpkin Festival","1724 F","1503 A",351,999,-3,"Hooligan",432.165759499871,"medium"
"1982","2419-P",34,952.250355187804,"CXKMJ","Paris","California","UK","National Pumpkin Festival","1717 O","1040 H",365,1096,-12,"Porcelain Doll",431.859571513743,"medium"
"1983","2065-P",22,957.320357566141,"MIJJR","Houston","Florida","France","Regional Pumpkin Festival","1294 G","1275 G",346,911,3,"Lady Godiva",434.158892320245,"medium"
"1984","2603-P",41,945.364565260708,"ZVZYP","Los Angeles","California","France","Local Pumpkin Festival","1713 M","1798 A",337,884,12,"Hooligan",428.736764290571,"medium"
"1985","2513-P",92,931.341477259994,"LHTYF","Los Angeles","Texas","France","Regional Pumpkin Festival","1207 E","1278 W",356,1026,-12,"White Pumpkin",422.377087192741,"medium"
"1986","2991-P",12,933.034404491074,"SSDBJ","Los Angeles","Florida","France","Local Pumpkin Festival","1712 O","1832 Y",325,780,17,"Porcelain Doll",423.144854644478,"medium"
"1987","2192-P",4,924.441063904203,"PEOUT","Houston","California","UK","National Pumpkin Festival","1791 J","1123 S",341,900,4,"White Pumpkin",419.247648029117,"medium"
"1988","2281-P",96,913.39126512222,"OCRHZ","Los Angeles","Texas","France","Local Pumpkin Festival","1421 V","1735 N",345,962,-4,"Porcelain Doll",414.236401415973,"medium"
"1989","2054-P",93,915.787886133417,"WOQOO","Chicago","Texas","UK","Local Pumpkin Festival","1853 U","1503 N",337,878,1,"White Pumpkin",415.323304368897,"medium"
"1990","2434-P",80,900.873427134939,"QFJTX","Nottingham","Florida","UK","National Pumpkin Festival","1053 F","1003 P",349,950,-8,"Lady Godiva",408.55937738546,"medium"
"1991","2788-P",56,885.995844824426,"KMNHO","Paris","California","UK","Regional Pumpkin Festival","1822 I","1182 D",346,976,-5,"Lady Godiva",401.812174523549,"medium"
"1992","2701-P",23,882.384806008451,"YYLDW","New York","Florida","UK","Regional Pumpkin Festival","1757 Z","1389 E",5,4,-3,"Porcelain Doll",400.174515196576,"medium"
"1993","2435-P",72,834.255869220011,"UZFVL","Houston","Texas","UK","National Pumpkin Festival","1272 T","1141 H",4,-1,5,"Hooligan",378.347332979597,"medium"
"1994","2883-P",68,831.665346695669,"YGWHQ","Houston","Florida","France","Local Pumpkin Festival","1490 H","1967 L",332,834,4,"Lady Godiva",377.172492832503,"medium"
"1995","2005-P",65,831.960722787306,"AFLNZ","Los Angeles","Texas","France","Local Pumpkin Festival","1184 I","1970 F",326,800,2,"Hooligan",377.306450243676,"medium"
"1996","2359-P",92,839.927209613845,"DASVN","Los Angeles","Texas","France","Local Pumpkin Festival","1798 D","1413 Q",-1,-4,3,"Lady Godiva",380.919369439385,"medium"
"1997","2924-P",2,821.124851550907,"VGVII","Paris","New York","USA","Regional Pumpkin Festival","1448 J","1589 H",327,781,2,"Hooligan",372.392222925581,"medium"
"1998","2622-P",5,828.228764218278,"HCQQS","Chicago","Florida","USA","Regional Pumpkin Festival","1560 W","1598 T",336,884,-1,"Porcelain Doll",375.61395202643,"medium"
"1999","2160-P",17,822.691999094561,"RXTEE","Nottingham","Florida","USA","National Pumpkin Festival","1048 O","1005 K",331,833,-7,"Lady Godiva",373.102947435175,"medium"
"2000","2513-P",23,796.375465849973,"WGFGV","New York","Texas","France","Local Pumpkin Festival","1085 A","1024 A",342,899,-6,"Hooligan",361.168011723344,"medium"
"2001","2939-P",10,795.689190895297,"DCEWL","Nottingham","California","UK","Local Pumpkin Festival","1858 E","1155 T",330,834,-6,"Porcelain Doll",360.856775916234,"medium"
"2002","2700-P",1,780.899906406924,"BTHTB","Los Angeles","New York","France","National Pumpkin Festival","1470 G","1959 W",334,859,-8,"Lady Godiva",354.149617418106,"medium"
"2003","2235-P",50,775.173487663269,"ORYNT","Los Angeles","California","France","National Pumpkin Festival","1521 G","1781 S",329,844,-3,"White Pumpkin",351.552602114861,"medium"
"2004","2205-P",71,778.113112337515,"HLTKO","Los Angeles","Florida","France","Regional Pumpkin Festival","1560 G","1436 T",334,818,-8,"White Pumpkin",352.885765232433,"medium"
"2005","2082-P",79,756.068277771585,"YBWLZ","Chicago","New York","USA","National Pumpkin Festival","1015 D","1331 R",325,827,-9,"Porcelain Doll",342.888107832918,"medium"
"2006","2996-P",26,767.838940314017,"YWPII","New York","New York","France","National Pumpkin Festival","1221 L","1077 K",308,673,14,"Lady Godiva",348.226276786402,"medium"
"2007","2068-P",44,747.817216154188,"WRTAM","Houston","Texas","France","Regional Pumpkin Festival","1218 X","1382 I",298,623,19,"Porcelain Doll",339.146129775142,"medium"
"2008","2260-P",28,749.210851737298,"SQNQY","Houston","Texas","France","Local Pumpkin Festival","1743 T","1651 Q",330,795,-3,"Porcelain Doll",339.778164053196,"medium"
"2009","2146-P",30,740.218636412174,"OYBAE","Nottingham","Florida","France","Regional Pumpkin Festival","1058 E","1061 M",326,785,-7,"Lady Godiva",335.700061864931,"medium"
"2010","2303-P",52,734.794170228764,"PGTET","Houston","Texas","USA","Regional Pumpkin Festival","1832 V","1003 B",323,757,-6,"White Pumpkin",333.239986498306,"medium"
"2011","2735-P",36,730.753608409315,"BCLFT","Nottingham","New York","UK","National Pumpkin Festival","1660 E","1632 W",-3,1,0,"White Pumpkin",331.40753215842,"medium"
"2012","2057-P",62,739.208815615624,"QCQYJ","Houston","California","France","Local Pumpkin Festival","1411 O","1211 K",316,697,8,"Lady Godiva",335.242093249716,"medium"
"2013","2007-P",15,734.554983559065,"PJBHC","Chicago","Texas","France","Local Pumpkin Festival","1540 L","1930 I",325,800,-5,"Hooligan",333.13151181817,"medium"
"2014","2196-P",46,733.856629689224,"EEGKK","Chicago","Florida","France","Local Pumpkin Festival","1473 Q","1247 L",317,754,-8,"White Pumpkin",332.814798045,"medium"
"2015","2704-P",48,731.48705419153,"TXTMT","Los Angeles","Florida","USA","Regional Pumpkin Festival","1533 N","1789 Z",349,1006,-31,"White Pumpkin",331.740160631079,"medium"
"2016","2914-P",7,727.420973367058,"DHDQO","Houston","Florida","France","National Pumpkin Festival","1386 J","1676 S",1,2,3,"Lady Godiva",329.896133046285,"medium"
"2017","2733-P",21,726.62279219646,"CSBRW","Nottingham","Florida","USA","Local Pumpkin Festival","1778 L","1990 Y",303,657,14,"Lady Godiva",329.534146120844,"medium"
"2018","2561-P",99,724.752183946781,"MHTHR","Nottingham","New York","UK","National Pumpkin Festival","1090 K","1998 H",318,718,5,"Porcelain Doll",328.685797708291,"medium"
"2019","2994-P",2,725.119562542997,"QUKBJ","Chicago","California","USA","Regional Pumpkin Festival","1334 H","1808 F",312,685,7,"Porcelain Doll",328.852409316552,"medium"
"2020","2572-P",17,722.497337360866,"HLNTG","New York","Texas","UK","Local Pumpkin Festival","1990 W","1093 S",307,701,6,"Porcelain Doll",327.663191546878,"medium"
"2021","2675-P",6,725.863071043044,"TLPMR","Los Angeles","Texas","France","Local Pumpkin Festival","1948 D","1944 J",313,711,0,"Lady Godiva",329.189601380065,"medium"
"2022","2956-P",54,699.929234381765,"ZOYUS","Houston","New York","UK","Local Pumpkin Festival","1776 W","1938 O",297,616,16,"Porcelain Doll",317.428224209417,"medium"
"2023","2849-P",36,702.582675837912,"BBSBF","Nottingham","Texas","France","National Pumpkin Festival","1070 U","1470 I",3,3,4,"Porcelain Doll",318.631599019461,"medium"
"2024","2649-P",11,701.866835970432,"YZDBB","Los Angeles","California","France","Local Pumpkin Festival","1943 Q","1007 B",316,712,-5,"White Pumpkin",318.306955088631,"medium"
"2025","2871-P",68,700.072215698659,"XQSJC","Nottingham","Texas","USA","Regional Pumpkin Festival","1671 H","1631 A",323,759,-3,"Lady Godiva",317.493068344063,"medium"
"2026","2576-P",73,687.645522160642,"EZAPF","Los Angeles","California","France","Regional Pumpkin Festival","1776 D","1457 D",300,645,10,"Lady Godiva",311.85737966469,"medium"
"2027","2950-P",79,688.105562153086,"KZLUA","Los Angeles","New York","USA","Regional Pumpkin Festival","1305 N","1999 N",305,675,1,"Porcelain Doll",312.066014581898,"medium"
"2028","2885-P",96,681.031904688105,"KAECS","Paris","California","USA","Regional Pumpkin Festival","1615 X","1574 F",320,719,-5,"Hooligan",308.858006661272,"medium"
"2029","2051-P",33,678.331411544234,"RFNEO","Chicago","Florida","France","National Pumpkin Festival","1959 H","1474 S",311,664,-4,"Lady Godiva",307.633293217339,"medium"
"2030","2632-P",6,674.985749734566,"UYWWF","Los Angeles","New York","France","National Pumpkin Festival","1458 A","1522 Y",318,761,-12,"Lady Godiva",306.115986274179,"medium"
"2031","2015-P",77,671.923933228478,"GTBMS","Houston","New York","USA","National Pumpkin Festival","1619 Q","1072 D",299,585,11,"White Pumpkin",304.727407359854,"medium"
"2032","2268-P",44,663.165276811644,"RDHCQ","Houston","Florida","USA","National Pumpkin Festival","1944 C","1905 N",303,660,-2,"White Pumpkin",300.755227578977,"medium"
"2033","2801-P",56,651.92214457076,"JQGZM","Chicago","Florida","France","Regional Pumpkin Festival","1635 C","1013 X",303,647,-4,"Lady Godiva",295.656301392635,"medium"
"2034","2907-P",31,638.660022885352,"PMOUK","Los Angeles","California","UK","Regional Pumpkin Festival","1252 J","1226 K",303,629,6,"Hooligan",289.641733734854,"medium"
"2035","2514-P",4,649.335813743435,"YKNMA","Houston","Texas","USA","Regional Pumpkin Festival","1978 T","1179 X",307,633,6,"Lady Godiva",294.483362241921,"medium"
"2036","2275-P",60,625.8921710141,"TZVLW","Los Angeles","Texas","USA","Regional Pumpkin Festival","1349 R","1331 E",301,608,1,"Lady Godiva",283.851324722948,"medium"
"2037","2741-P",3,628.640274461545,"JPAOG","Nottingham","New York","UK","Local Pumpkin Festival","1055 L","1833 C",310,656,1,"White Pumpkin",285.09763014129,"medium"
"2038","2850-P",9,607.581936950609,"CYKDG","Nottingham","Texas","USA","Regional Pumpkin Festival","1006 D","1964 M",302,635,-9,"White Pumpkin",275.547363696421,"medium"
"2039","2161-P",73,602.125667107292,"KWJXC","Nottingham","Texas","UK","Local Pumpkin Festival","1199 T","1429 S",297,589,8,"Lady Godiva",273.072864901266,"medium"
"2040","2508-P",22,605.061669954099,"DTKXP","Chicago","Texas","USA","National Pumpkin Festival","1606 C","1254 P",307,662,-13,"Hooligan",274.404385466711,"medium"
"2041","2520-P",76,593.300355314277,"GVTCA","Los Angeles","California","UK","Regional Pumpkin Festival","1859 Q","1538 L",286,544,6,"Lady Godiva",269.070455924842,"medium"
"2042","2087-P",100,576.526156351902,"LDKXC","Paris","New York","USA","Regional Pumpkin Festival","1117 V","1908 V",286,573,5,"White Pumpkin",261.463109456645,"medium"
"2043","2443-P",23,581.479040920548,"IAUPZ","Paris","California","UK","Regional Pumpkin Festival","1383 B","1515 G",292,562,9,"White Pumpkin",263.709315610226,"medium"
"2044","2742-P",69,563.106595635414,"JVQYD","Los Angeles","California","France","Regional Pumpkin Festival","1477 O","1541 J",0,1,5,"Hooligan",255.377140877739,"medium"
"2045","2638-P",37,542.974636632018,"XDLIX","Chicago","California","USA","Local Pumpkin Festival","1634 Q","1771 B",279,473,17,"White Pumpkin",246.247000740144,"medium"
"2046","2246-P",88,532.161533662491,"TEYEW","New York","California","UK","Local Pumpkin Festival","1128 Y","1131 D",276,490,12,"Porcelain Doll",241.343099166662,"medium"
"2047","2265-P",55,536.278671158478,"LHDPU","Houston","Florida","UK","National Pumpkin Festival","1326 D","1930 V",271,464,15,"Hooligan",243.210281704525,"medium"
"2048","2217-P",3,533.94304039795,"XXCGJ","Chicago","New York","UK","Local Pumpkin Festival","1480 Z","1247 O",289,539,1,"Lady Godiva",242.151038729229,"medium"
"2049","2911-P",33,509.166354945861,"SNDIQ","Los Angeles","California","France","Local Pumpkin Festival","1536 S","1722 S",292,582,-11,"White Pumpkin",230.914446687465,"medium"
"2050","2619-P",21,491.533603963442,"IZFZN","Los Angeles","California","UK","Regional Pumpkin Festival","1792 I","1731 F",287,536,-2,"Hooligan",222.917734223783,"medium"
"2051","2093-P",77,502.819540744461,"MDIDV","Paris","Florida","France","Local Pumpkin Festival","1063 X","1987 I",288,569,-12,"Hooligan",228.036072899982,"medium"
"2052","2668-P",6,475.565398726612,"OEHRK","Nottingham","Florida","USA","Regional Pumpkin Festival","1951 Z","1973 M",285,546,-7,"Porcelain Doll",215.675917789847,"medium"
"2053","2130-P",92,481.919046386145,"RMOAC","Chicago","Florida","USA","National Pumpkin Festival","1415 L","1583 O",282,493,2,"White Pumpkin",218.557390651313,"medium"
"2054","2968-P",88,459.313767868094,"XSGLX","Nottingham","California","USA","Regional Pumpkin Festival","1909 L","1434 B",5,0,-3,"Hooligan",208.305563659,"medium"
"2055","2843-P",10,452.087919557653,"SXNJL","New York","New York","UK","National Pumpkin Festival","1957 H","1460 H",272,460,-4,"Porcelain Doll",205.028534946782,"medium"
"2056","2376-P",68,465.04500891827,"GGSJY","Los Angeles","California","USA","Local Pumpkin Festival","1503 U","1752 S",286,548,-18,"White Pumpkin",210.904765949329,"medium"
"2057","2666-P",64,457.062392659485,"FEXVB","Paris","Texas","UK","Local Pumpkin Festival","1287 F","1922 J",283,521,-11,"Lady Godiva",207.284531818361,"medium"
"2058","2087-P",22,454.09537137486,"OPUXE","Chicago","California","France","National Pumpkin Festival","1345 P","1320 L",263,402,9,"Lady Godiva",205.938943934177,"medium"
"2059","2189-P",2,440.079048933461,"GOSBV","Paris","California","UK","Local Pumpkin Festival","1275 W","1165 L",260,393,11,"Porcelain Doll",199.582335117216,"medium"
"2060","2671-P",67,414.019826135598,"SHLDD","Nottingham","New York","UK","Local Pumpkin Festival","1751 E","1040 P",-1,-5,-3,"Hooligan",187.764093485532,"medium"
"2061","2598-P",3,396.679095457308,"SLTZS","Chicago","New York","UK","Local Pumpkin Festival","1843 N","1196 N",265,417,-4,"White Pumpkin",179.899816533927,"medium"
"2062","2339-P",11,382.820248447359,"THUGE","Nottingham","New York","France","Local Pumpkin Festival","1872 Y","1349 E",259,414,-2,"Lady Godiva",173.614625146194,"medium"
"2063","2802-P",5,378.696476871707,"SBJQT","Nottingham","Florida","USA","Regional Pumpkin Festival","1169 F","1536 R",248,366,1,"Hooligan",171.744433955422,"medium"
"2064","2945-P",28,379.186307721585,"XACGO","New York","New York","UK","Local Pumpkin Festival","1141 C","1557 H",249,372,4,"White Pumpkin",171.966579465571,"medium"
"2065","2573-P",93,349.529987703823,"MNZCA","New York","New York","UK","Local Pumpkin Festival","1267 L","1779 M",255,382,-3,"Lady Godiva",158.517001226223,"medium"
"2066","2914-P",30,348.407294124365,"IDDBH","Chicago","Texas","France","Local Pumpkin Festival","1001 D","1938 G",247,340,2,"White Pumpkin",158.007843140302,"medium"
"2067","2662-P",12,353.464512266219,"RZCLE","Paris","Florida","France","National Pumpkin Festival","1833 W","1386 C",251,386,-12,"Hooligan",160.301366107129,"medium"
"2068","2630-P",78,343.81745606102,"BBBOV","Houston","New York","France","Regional Pumpkin Festival","1149 H","1511 I",251,391,-14,"Lady Godiva",155.9262839279,"medium"
"2069","2374-P",88,349.788779760152,"CXQVG","Paris","New York","USA","Regional Pumpkin Festival","1693 O","1426 Z",240,344,5,"White Pumpkin",158.634367238164,"medium"
"2070","2256-P",4,333.919260557182,"KBZSW","Nottingham","Florida","UK","Local Pumpkin Festival","1436 F","1760 G",256,367,-11,"White Pumpkin",151.437306375139,"medium"
"2071","2272-P",20,342.180874514394,"IYFYY","Houston","Texas","USA","Regional Pumpkin Festival","1740 T","1844 F",249,347,-6,"Lady Godiva",155.184070074555,"medium"
"2072","2136-P",62,324.402347561345,"LYDSL","Los Angeles","New York","France","National Pumpkin Festival","1435 N","1733 M",240,315,9,"Porcelain Doll",147.121246059567,"medium"
"2073","2150-P",25,321.315258968063,"NVPMI","New York","California","UK","National Pumpkin Festival","1160 E","1055 P",242,337,-2,"White Pumpkin",145.721205881208,"medium"
"2074","2104-P",13,319.342828216031,"EKWII","Los Angeles","California","France","National Pumpkin Festival","1460 S","1060 J",225,281,14,"White Pumpkin",144.826679463053,"medium"
"2075","2911-P",58,307.724667396583,"LBPYL","Nottingham","New York","USA","Regional Pumpkin Festival","1462 B","1469 M",-2,-1,-3,"White Pumpkin",139.5576722887,"medium"
"2076","2056-P",4,306.872266614251,"BZCAF","Los Angeles","California","UK","Regional Pumpkin Festival","1052 V","1055 R",-3,4,3,"Lady Godiva",139.171095970182,"medium"
"2077","2986-P",16,300.122101518326,"VBJGC","New York","New York","USA","Regional Pumpkin Festival","1817 P","1087 S",235,292,6,"Lady Godiva",136.10979660695,"medium"
"2078","2239-P",55,299.801770390384,"ZFMTS","Houston","New York","UK","National Pumpkin Festival","1221 V","1572 D",238,311,-4,"Porcelain Doll",135.964521718995,"medium"
"2079","2488-P",26,304.466512910649,"FPULS","Nottingham","Texas","France","National Pumpkin Festival","1988 H","1932 N",229,269,13,"White Pumpkin",138.080051206644,"medium"
"2080","2068-P",61,261.499390537851,"JZFHP","Los Angeles","New York","USA","Regional Pumpkin Festival","1597 L","1386 M",231,272,2,"White Pumpkin",118.593827908322,"medium"
"2081","2135-P",14,262.131862286851,"DCCML","Nottingham","California","France","Local Pumpkin Festival","1019 C","1704 I",1,-3,3,"White Pumpkin",118.88066316864,"medium"
"2082","2149-P",23,262.326590068452,"XCLCH","Los Angeles","New York","USA","Regional Pumpkin Festival","1540 N","1212 H",210,217,23,"White Pumpkin",118.968975087733,"medium"
"2083","2692-P",4,264.640731666237,"SABFY","Houston","New York","UK","Local Pumpkin Festival","1947 X","1139 U",-5,-2,-5,"White Pumpkin",120.018472410992,"medium"
"2084","2184-P",77,255.868331548944,"UBEOW","Los Angeles","Texas","UK","Local Pumpkin Festival","1813 U","1028 P",0,-1,5,"Hooligan",116.040059659385,"medium"
"2085","2076-P",74,255.971722685173,"WOBIG","Houston","New York","USA","Local Pumpkin Festival","1946 G","1789 J",222,244,1,"Porcelain Doll",116.086949063571,"medium"
"2086","2775-P",28,245.459968967736,"JFGWW","New York","Texas","UK","Local Pumpkin Festival","1600 V","1173 X",230,283,-11,"Hooligan",111.319713817567,"medium"
"2087","2702-P",82,255.700976556912,"XXIVN","Chicago","New York","USA","Local Pumpkin Festival","1926 P","1699 B",214,226,9,"Lady Godiva",115.964161703815,"medium"
"2088","2805-P",14,227.387113352306,"NLLCD","Chicago","California","USA","Local Pumpkin Festival","1193 W","1443 L",209,229,3,"Porcelain Doll",103.123407416012,"medium"
"2089","2336-P",45,213.938746619225,"GUUQG","Houston","Texas","USA","National Pumpkin Festival","1791 E","1771 P",206,218,-4,"Hooligan",97.0243748840021,"light"
"2090","2295-P",29,225.348212231882,"SJDTH","Los Angeles","New York","UK","Local Pumpkin Festival","1498 T","1370 C",211,222,1,"White Pumpkin",102.198735706069,"medium"
"2091","2146-P",7,199.352467046492,"UDSFH","Los Angeles","Texas","France","Regional Pumpkin Festival","1842 O","2000 Q",229,263,-22,"Porcelain Doll",90.4092821072525,"light"
"2092","2887-P",10,172.426131045632,"TFQCY","Nottingham","Florida","France","National Pumpkin Festival","1671 Y","1684 W",194,179,7,"Hooligan",78.1977918574295,"light"
"2093","2898-P",75,168.181806209497,"SNVLQ","Paris","Florida","USA","Regional Pumpkin Festival","1666 L","1817 B",195,164,1,"White Pumpkin",76.2729279861665,"light"
"2094","2535-P",24,163.735398239456,"MUXDN","Chicago","California","France","National Pumpkin Festival","1018 J","1161 O",-3,1,4,"Lady Godiva",74.2564164351275,"light"
"2095","2454-P",3,169.219105167314,"PVKXL","Chicago","Texas","France","National Pumpkin Festival","1278 O","1734 Z",184,151,7,"Hooligan",76.7433583525235,"light"
"2096","2838-P",54,159.337655113079,"IXYRY","Chicago","Florida","France","National Pumpkin Festival","1718 L","1077 Q",180,141,4,"Hooligan",72.2619751079722,"light"
"2097","2779-P",39,143.312468188629,"CQUEB","Chicago","California","France","Local Pumpkin Festival","1841 U","1726 W",179,148,-1,"Porcelain Doll",64.9943166388338,"light"
"2098","2965-P",3,137.965346597135,"NJCUG","New York","Florida","USA","Local Pumpkin Festival","1740 Z","1830 A",2,3,-5,"White Pumpkin",62.5693181846418,"light"
"2099","2363-P",27,150.843606473878,"HVPQZ","Nottingham","California","France","Local Pumpkin Festival","1849 K","1067 L",200,205,-23,"White Pumpkin",68.4097988543664,"light"
"2100","2911-P",46,137.272627421655,"QPLBO","Paris","Florida","France","National Pumpkin Festival","1493 W","1016 L",-4,5,-3,"White Pumpkin",62.2551598284149,"light"
"2101","2886-P",49,122.027168782428,"PGWLN","Los Angeles","California","UK","Local Pumpkin Festival","1162 K","1303 T",183,147,-14,"Hooligan",55.341119629219,"light"
"2102","2131-P",96,126.699833415262,"IFMIM","Chicago","Florida","UK","Regional Pumpkin Festival","1098 T","1440 S",189,152,-19,"White Pumpkin",57.4602419116836,"light"
"2103","2351-P",54,112.490542179905,"LUWRE","New York","New York","France","Local Pumpkin Festival","1002 M","1801 Y",164,100,9,"Hooligan",51.0161189024512,"light"
"2104","2682-P",85,103.940774635412,"BYPSV","Paris","New York","UK","National Pumpkin Festival","1223 C","1099 M",164,105,-3,"Lady Godiva",47.1386733040416,"light"
"2105","2842-P",78,84.1710222475231,"OBNLJ","Nottingham","California","UK","Local Pumpkin Festival","1919 F","1593 Z",1,-1,2,"Hooligan",38.1727992052259,"light"
"2106","2409-P",87,87.3148986414075,"MRVDM","Paris","Texas","France","Regional Pumpkin Festival","1985 E","1421 A",159,92,-6,"Lady Godiva",39.5985934881667,"light"
"2107","2545-P",55,90.3596570139751,"KDGXO","Nottingham","California","USA","Local Pumpkin Festival","1987 J","1934 B",164,114,-20,"White Pumpkin",40.979436287517,"light"
"2108","2785-P",88,87.1586786163971,"NAQUM","Paris","Florida","France","Local Pumpkin Festival","1962 K","1450 Q",158,86,-3,"White Pumpkin",39.5277454042617,"light"
"2109","2381-P",8,94.3442079450935,"PLQPW","Chicago","Texas","France","National Pumpkin Festival","1543 Q","1162 X",156,91,-7,"Porcelain Doll",42.786488863988,"light"
"2110","2348-P",74,75.5333535075188,"HTUAX","Nottingham","Texas","USA","Local Pumpkin Festival","1297 D","1020 B",148,75,-2,"White Pumpkin",34.2554891190561,"light"
"2111","2093-P",81,64.2122007738799,"BFKYR","Los Angeles","New York","France","Local Pumpkin Festival","1863 X","1467 L",154,82,-18,"Lady Godiva",29.1211794892879,"light"
"2112","2243-P",17,53.8556776968762,"AOSUN","Nottingham","New York","France","National Pumpkin Festival","1888 I","1397 L",141,63,-9,"Porcelain Doll",24.4243436267012,"light"
"2113","2522-P",35,64.1364201353863,"YBFLN","New York","New York","France","Local Pumpkin Festival","1942 S","1949 U",138,64,-18,"White Pumpkin",29.0868118527829,"light"
"2114","2613-P",72,48.8175062935799,"MKWVT","Paris","New York","USA","Regional Pumpkin Festival","1501 Z","1114 A",2,3,0,"Lady Godiva",22.1394586365442,"light"
"2115","2341-P",85,44.6177008021623,"OOUYP","Los Angeles","Texas","France","Regional Pumpkin Festival","1853 N","1190 M",-4,-4,-4,"Hooligan",20.2347849442913,"light"
"2116","2202-P",60,33.0183454826474,"LXNXQ","Los Angeles","Texas","UK","Local Pumpkin Festival","1019 Y","1390 C",111,43,-14,"Porcelain Doll",14.9743063413367,"light"
"2117","2230-P",11,27.9777917526662,"SDEBI","New York","California","USA","National Pumpkin Festival","1372 Z","1545 V",0,-4,-4,"Lady Godiva",12.6883409309144,"light"
"2118","2305-P",61,28.3892932124436,"MQUZX","Chicago","California","UK","National Pumpkin Festival","1394 S","1358 I",-1,-1,-2,"Porcelain Doll",12.8749629081377,"light"
"2119","2246-P",35,11.0770741764456,"PUACN","Los Angeles","Florida","USA","Local Pumpkin Festival","1580 F","1960 G",4,-2,5,"Lady Godiva",5.02361640655129,"light"
"2120","2350-P",96,1724.51626429055,"WZXAI","Chicago","Texas","France","Regional Pumpkin Festival","1840 V","1897 R",429,1694,4,"White Pumpkin",782.09354389594,"heavy"
"2121","2461-P",81,1545.64739067201,"QQYII","New York","Florida","USA","Local Pumpkin Festival","1191 J","1800 F",420,1586,-1,"Porcelain Doll",700.973873320637,"heavy"
"2122","2350-P",100,1546.90795650743,"AYPWA","Chicago","Texas","UK","National Pumpkin Festival","1553 R","1314 Q",411,1534,0,"Lady Godiva",701.545558506771,"heavy"
"2123","2628-P",86,1195.74672758393,"MYMII","Houston","New York","UK","National Pumpkin Festival","1622 H","1755 W",388,1284,-4,"White Pumpkin",542.288765344186,"heavy"
"2124","2379-P",15,858.585373223759,"QEJYV","New York","Texas","UK","Local Pumpkin Festival","1122 H","1081 H",320,758,12,"Porcelain Doll",389.381121643428,"medium"
"2125","2459-P",16,2525.61012268979,"DLFXX","New York","California","France","Local Pumpkin Festival","1373 G","1577 L",489,2293,5,"Lady Godiva",1145.40141618585,"heavy"
"2126","2251-P",17,2120.0398264369,"RECJT","New York","California","France","National Pumpkin Festival","1693 S","1649 D",447,1911,11,"Hooligan",961.469309041678,"heavy"
"2127","2079-P",56,1974.94240451697,"NCSFH","Los Angeles","Florida","USA","National Pumpkin Festival","1682 R","1124 F",432,1719,15,"Hooligan",895.665489576858,"heavy"
"2128","2418-P",24,1956.15628389828,"DLGQB","Paris","Florida","USA","Local Pumpkin Festival","1044 J","1192 X",448,1883,7,"Lady Godiva",887.145706983346,"heavy"
"2129","2757-P",56,1933.54818111565,"XJWXN","Los Angeles","New York","France","Regional Pumpkin Festival","1998 N","1075 R",456,1904,-3,"Porcelain Doll",876.892599145419,"heavy"
"2130","2863-P",37,1794.98280879017,"QGRRW","New York","New York","USA","Local Pumpkin Festival","1209 M","1488 U",431,1746,-1,"Porcelain Doll",814.051160449057,"heavy"
"2131","2094-P",95,1804.94283652864,"CEERI","New York","Florida","France","Regional Pumpkin Festival","1557 U","1088 T",415,1524,14,"Porcelain Doll",818.568179831585,"heavy"
"2132","2223-P",26,1714.04461598769,"TPVMZ","Houston","Florida","USA","Regional Pumpkin Festival","1275 X","1400 E",432,1760,3,"White Pumpkin",777.344497046571,"heavy"
"2133","2185-P",64,1706.88786498737,"XKDBW","Houston","California","UK","Local Pumpkin Festival","1826 Q","1861 P",421,1657,8,"White Pumpkin",774.098804982932,"heavy"
"2134","2928-P",24,1683.14063196443,"UQGSJ","Chicago","New York","UK","National Pumpkin Festival","1650 G","1147 B",430,1660,0,"Porcelain Doll",763.329084791125,"heavy"
"2135","2489-P",39,1687.82438591309,"EJYZC","Chicago","Florida","France","Local Pumpkin Festival","1244 I","1172 O",430,1744,-4,"Lady Godiva",765.453236241764,"heavy"
"2136","2681-P",52,1680.87278506998,"IOYEG","Nottingham","New York","USA","National Pumpkin Festival","1720 A","1189 E",431,1691,-4,"White Pumpkin",762.300582798177,"heavy"
"2137","2209-P",20,1664.88750611246,"YBRZL","Paris","California","France","Regional Pumpkin Festival","1745 W","1066 Z",414,1582,6,"Porcelain Doll",755.051023180252,"heavy"
"2138","2202-P",93,1671.84686565492,"CFUFZ","Chicago","California","USA","Local Pumpkin Festival","1297 A","1537 O",443,1840,-9,"Porcelain Doll",758.207195308355,"heavy"
"2139","2507-P",72,1650.42511343956,"QQTQP","Chicago","New York","France","Regional Pumpkin Festival","1873 D","1927 U",411,1559,11,"Hooligan",748.492114938576,"heavy"
"2140","2573-P",9,1589.71358255018,"WXBBT","Los Angeles","Texas","UK","Local Pumpkin Festival","1748 S","1956 O",412,1477,8,"Lady Godiva",720.958540839082,"heavy"
"2141","2016-P",15,1562.56583078727,"JBQTN","Chicago","New York","UK","Regional Pumpkin Festival","1598 K","1125 S",401,1468,8,"Hooligan",708.646635277674,"heavy"
"2142","2313-P",100,1542.05239182152,"ZQHGN","Chicago","California","UK","Local Pumpkin Festival","1857 F","1972 Y",404,1465,1,"Lady Godiva",699.34348835443,"heavy"
"2143","2663-P",48,1520.14084099233,"XAXFD","Paris","New York","France","Local Pumpkin Festival","1582 D","1822 L",382,1207,21,"White Pumpkin",689.406277094028,"heavy"
"2144","2809-P",34,1493.68574886397,"HDUUP","Houston","California","France","National Pumpkin Festival","1795 J","1391 X",409,1517,-5,"White Pumpkin",677.408502886152,"heavy"
"2145","2307-P",65,1489.36363227572,"EZMYS","Paris","California","UK","Local Pumpkin Festival","1396 X","1018 Z",415,1510,3,"White Pumpkin",675.448359308718,"heavy"
"2146","2001-P",15,1477.46958489753,"SEGBB","Chicago","New York","France","Regional Pumpkin Festival","1105 Q","1969 A",417,1539,-5,"Hooligan",670.05423351362,"heavy"
"2147","2247-P",68,1480.79422127269,"GFLYH","Los Angeles","Texas","USA","National Pumpkin Festival","1119 Q","1771 N",408,1533,0,"Porcelain Doll",671.562005112332,"heavy"
"2148","2012-P",20,1471.17457739636,"YDFAL","Nottingham","Florida","USA","Local Pumpkin Festival","1040 K","1172 H",400,1398,7,"White Pumpkin",667.199354828282,"heavy"
"2149","2173-P",99,1419.12302598823,"BCPVO","Nottingham","Texas","UK","Regional Pumpkin Festival","1032 A","1532 H",411,1474,-1,"White Pumpkin",643.593209064956,"heavy"
"2150","2369-P",63,1417.96221309435,"YPBWS","Los Angeles","Texas","USA","Local Pumpkin Festival","1913 M","1733 D",416,1552,-12,"Lady Godiva",643.066763308094,"heavy"
"2151","2935-P",82,1392.25177801121,"HWNOJ","Paris","California","USA","National Pumpkin Festival","1487 W","1300 D",402,1469,-9,"Lady Godiva",631.4067020459,"heavy"
"2152","2962-P",30,1383.86841331795,"DXYRA","Los Angeles","Texas","UK","National Pumpkin Festival","1949 U","1467 Y",389,1335,5,"Lady Godiva",627.604722593174,"heavy"
"2153","2199-P",72,1396.92163474858,"NXWVW","Chicago","New York","France","Regional Pumpkin Festival","1222 M","1599 O",386,1313,4,"Hooligan",633.524550906385,"heavy"
"2154","2998-P",79,1376.64799829107,"ZRGOH","Nottingham","Texas","France","Local Pumpkin Festival","1923 L","1088 V",397,1403,2,"Porcelain Doll",624.330157955133,"heavy"
"2155","2229-P",48,1337.12958758604,"MYLCR","New York","California","UK","Local Pumpkin Festival","1031 H","1688 S",389,1320,-2,"White Pumpkin",606.407976229496,"heavy"
"2156","2735-P",30,1334.87367853746,"DQLRT","Houston","Florida","France","National Pumpkin Festival","1715 S","1708 X",409,1488,-5,"Porcelain Doll",605.384888225605,"heavy"
"2157","2157-P",94,1334.36398895644,"PZMIW","Houston","New York","USA","Local Pumpkin Festival","1031 R","1019 K",393,1315,1,"Lady Godiva",605.15373648818,"heavy"
"2158","2078-P",1,1330.98591545969,"DVSFG","Paris","Florida","UK","National Pumpkin Festival","1070 K","1863 P",388,1332,-2,"White Pumpkin",603.621730367207,"heavy"
"2159","2930-P",80,1326.7299666442,"YJEVV","Nottingham","New York","France","Local Pumpkin Festival","1693 F","1578 T",401,1404,-3,"White Pumpkin",601.691594849976,"heavy"
"2160","2067-P",34,1324.9470998561,"TPRMD","Paris","New York","USA","National Pumpkin Festival","1947 W","1583 D",382,1248,4,"Lady Godiva",600.883038483492,"heavy"
"2161","2218-P",7,1302.39334299397,"JLLED","Chicago","California","UK","Regional Pumpkin Festival","1617 W","1313 X",392,1330,-3,"Lady Godiva",590.654577321527,"heavy"
"2162","2728-P",21,1257.71027958952,"IHEKW","Houston","Texas","USA","Regional Pumpkin Festival","1301 T","1887 G",382,1295,-4,"Lady Godiva",570.390149473705,"heavy"
"2163","2528-P",88,1229.82562513929,"STYWJ","Los Angeles","Florida","USA","National Pumpkin Festival","1467 J","1198 C",363,1087,11,"Hooligan",557.744047682217,"heavy"
"2164","2616-P",23,1224.36948917005,"LVMPZ","Paris","New York","USA","Regional Pumpkin Festival","1648 Y","1243 I",401,1368,-12,"Porcelain Doll",555.269609600931,"heavy"
"2165","2745-P",28,1207.8071247777,"QLGVX","New York","California","USA","Local Pumpkin Festival","1376 D","1142 R",377,1219,-3,"Lady Godiva",547.758333232516,"heavy"
"2166","2021-P",10,1209.19173604362,"DDMKM","Chicago","Florida","UK","National Pumpkin Festival","1865 Y","1679 J",396,1358,-11,"White Pumpkin",548.386274849713,"heavy"
"2167","2471-P",57,1195.93932259455,"WICXB","Nottingham","Texas","UK","Local Pumpkin Festival","1516 F","1693 Q",376,1159,-1,"Hooligan",542.376110020205,"heavy"
"2168","2129-P",85,1176.98776387982,"AJJKE","Los Angeles","New York","UK","Regional Pumpkin Festival","1434 G","1724 H",368,1139,8,"White Pumpkin",533.78129881171,"heavy"
"2169","2900-P",70,1164.7540823061,"RIKFS","Los Angeles","California","UK","Local Pumpkin Festival","1227 Z","1852 C",375,1215,-10,"White Pumpkin",528.233143902994,"heavy"
"2170","2951-P",3,1093.78486410063,"APSUT","Houston","New York","France","National Pumpkin Festival","1448 O","1190 I",363,1120,-6,"Lady Godiva",496.047557415251,"medium"
"2171","2802-P",59,1089.38321050722,"BNKPG","Nottingham","Florida","France","National Pumpkin Festival","1216 A","1842 P",382,1215,-15,"Hooligan",494.051342633661,"medium"
"2172","2453-P",99,1096.49127680808,"JFWSX","Paris","California","USA","National Pumpkin Festival","1183 G","1125 T",360,1027,10,"Porcelain Doll",497.274955468518,"medium"
"2173","2895-P",56,1081.19096139539,"BTBWC","Houston","New York","UK","National Pumpkin Festival","1607 N","1517 M",4,0,1,"White Pumpkin",490.336036914009,"medium"
"2174","2476-P",17,1093.6578831343,"UYDOL","Nottingham","California","France","Local Pumpkin Festival","1728 Y","1268 U",357,1060,0,"Hooligan",495.989969675419,"medium"
"2175","2347-P",5,1071.93477710895,"GWRQT","Houston","California","UK","Regional Pumpkin Festival","1862 Q","1465 Z",371,1166,-11,"Lady Godiva",486.138220911089,"medium"
"2176","2049-P",40,1071.26849488262,"RSYOV","Los Angeles","Texas","USA","Local Pumpkin Festival","1060 H","1433 S",359,1068,-3,"White Pumpkin",485.836052100962,"medium"
"2177","2730-P",98,1045.04395839572,"RUAZU","Los Angeles","Texas","France","Local Pumpkin Festival","1353 M","1120 I",361,1047,1,"Lady Godiva",473.942838274703,"medium"
"2178","2332-P",79,1012.19861911889,"ZPSWE","Chicago","New York","UK","Local Pumpkin Festival","1878 Z","1690 A",353,964,8,"Porcelain Doll",459.046992797683,"medium"
"2179","2988-P",42,999.947328291833,"KBIDT","Los Angeles","New York","UK","Regional Pumpkin Festival","1773 T","1904 T",338,922,13,"Hooligan",453.490851833031,"medium"
"2180","2640-P",11,1006.06003160682,"SFACW","Paris","Florida","France","National Pumpkin Festival","1370 D","1086 U",363,1068,-8,"Lady Godiva",456.26305288291,"medium"
"2181","2133-P",15,994.841389002651,"EZQAU","New York","California","UK","National Pumpkin Festival","1371 L","1210 V",344,969,1,"White Pumpkin",451.175233107778,"medium"
"2182","2488-P",26,987.020318128727,"PBEAF","Los Angeles","Texas","France","Local Pumpkin Festival","1266 F","1224 D",347,970,4,"Lady Godiva",447.628262189899,"medium"
"2183","2114-P",43,961.205486272089,"SKTLB","Nottingham","California","UK","Local Pumpkin Festival","1920 D","1233 D",366,1123,-19,"Hooligan",435.920855452195,"medium"
"2184","2833-P",8,960.660177900456,"MDVRM","Los Angeles","New York","France","Local Pumpkin Festival","1455 D","1735 W",341,880,13,"White Pumpkin",435.673550068234,"medium"
"2185","2700-P",79,940.514803399332,"NXIGZ","New York","Texas","UK","Regional Pumpkin Festival","1833 C","1650 M",341,900,2,"Porcelain Doll",426.537325804686,"medium"
"2186","2088-P",93,953.660617567599,"YPDHQ","Houston","New York","France","Regional Pumpkin Festival","1790 A","1881 W",349,950,-4,"Hooligan",432.49914628916,"medium"
"2187","2734-P",9,944.247726164758,"NDICS","New York","New York","UK","Regional Pumpkin Festival","1766 Q","1755 N",349,1000,-2,"Hooligan",428.23026129921,"medium"
"2188","2217-P",11,934.685281336308,"GMEWT","Chicago","Texas","France","Regional Pumpkin Festival","1418 W","1171 V",348,975,1,"Porcelain Doll",423.893551626443,"medium"
"2189","2750-P",4,930.809937591664,"XOXCI","New York","New York","UK","National Pumpkin Festival","1225 C","1393 V",327,821,10,"Porcelain Doll",422.136026118669,"medium"
"2190","2900-P",76,911.625714326277,"YCRBG","New York","Texas","France","National Pumpkin Festival","1051 D","1279 B",322,772,19,"Lady Godiva",413.435698107155,"medium"
"2191","2269-P",76,894.663211469539,"ZQYNB","Chicago","New York","UK","Regional Pumpkin Festival","1926 D","1318 Q",352,951,-3,"Hooligan",405.74295304741,"medium"
"2192","2208-P",30,899.785625101998,"CQHPT","Los Angeles","Florida","UK","Regional Pumpkin Festival","1464 S","1681 I",357,1003,-8,"White Pumpkin",408.066043130158,"medium"
"2193","2762-P",9,886.271535466425,"PQSCY","Paris","New York","UK","Local Pumpkin Festival","1432 R","1371 O",347,916,-1,"White Pumpkin",401.937204293163,"medium"
"2194","2331-P",6,871.17265806254,"BAQFI","Houston","California","UK","National Pumpkin Festival","1030 E","1714 B",333,831,6,"Porcelain Doll",395.089640844689,"medium"
"2195","2142-P",51,878.591040765122,"BGKEP","Los Angeles","Florida","France","National Pumpkin Festival","1764 A","1295 C",341,929,-9,"Lady Godiva",398.453986741552,"medium"
"2196","2019-P",93,861.20567653887,"ITAJZ","New York","Texas","France","Regional Pumpkin Festival","1269 F","1950 W",353,966,-11,"White Pumpkin",390.569467818081,"medium"
"2197","2994-P",37,851.780792524107,"NBJUC","Houston","California","USA","National Pumpkin Festival","1973 T","1881 G",338,843,-5,"White Pumpkin",386.295144001862,"medium"
"2198","2043-P",77,841.610538000241,"XLJAO","Paris","New York","UK","National Pumpkin Festival","1366 O","1816 T",335,823,7,"White Pumpkin",381.682783673579,"medium"
"2199","2024-P",36,833.904990650713,"TLCYD","New York","California","USA","Regional Pumpkin Festival","1957 T","1918 V",-4,-4,-2,"Porcelain Doll",378.188204376741,"medium"
"2200","2709-P",98,806.93697572872,"DIFGT","Paris","New York","USA","Local Pumpkin Festival","1139 P","1301 F",322,754,4,"Lady Godiva",365.957812121869,"medium"
"2201","2825-P",99,799.533081318066,"EMCMH","Houston","California","USA","National Pumpkin Festival","1117 P","1326 F",313,712,16,"Hooligan",362.600036878941,"medium"
"2202","2900-P",17,773.422088192776,"AOHOR","New York","Florida","UK","Local Pumpkin Festival","1250 X","1548 A",296,600,27,"Hooligan",350.758316640715,"medium"
"2203","2758-P",2,780.077786699869,"EIOOH","Paris","Florida","France","Local Pumpkin Festival","1479 S","1816 H",306,696,11,"Lady Godiva",353.776774013546,"medium"
"2204","2456-P",18,771.972158049233,"FQNQY","Houston","Florida","UK","Regional Pumpkin Festival","1938 N","1149 P",313,707,13,"Lady Godiva",350.100751949766,"medium"
"2205","2506-P",97,758.600346666761,"CEXWB","New York","Florida","USA","National Pumpkin Festival","1023 J","1915 Y",310,650,18,"Hooligan",344.036438397624,"medium"
"2206","2547-P",53,746.016504233703,"GUUQU","Nottingham","New York","UK","Regional Pumpkin Festival","1828 Y","1308 R",-3,3,2,"Lady Godiva",338.329480378097,"medium"
"2207","2291-P",99,745.632779308595,"FJYPR","Nottingham","Texas","USA","National Pumpkin Festival","1794 A","1626 R",329,855,-17,"Hooligan",338.15545546875,"medium"
"2208","2753-P",20,724.51471609883,"GFEMF","Chicago","California","UK","Local Pumpkin Festival","1934 M","1449 X",330,792,-13,"Hooligan",328.578102539152,"medium"
"2209","2418-P",40,722.584972438402,"SJPTE","Paris","Texas","USA","Local Pumpkin Festival","1097 T","1824 H",312,704,3,"Porcelain Doll",327.702935346214,"medium"
"2210","2981-P",79,694.168189745396,"EUUMD","New York","New York","UK","National Pumpkin Festival","1324 H","1470 L",3,-2,-5,"Hooligan",314.815505553468,"medium"
"2211","2340-P",8,684.517807278782,"UNVTN","Houston","Texas","France","National Pumpkin Festival","1385 Q","1147 Y",309,684,-1,"Porcelain Doll",310.438914865661,"medium"
"2212","2554-P",3,673.04644787591,"HFYDE","New York","Florida","USA","National Pumpkin Festival","1065 J","1986 R",309,673,-2,"Lady Godiva",305.236484297465,"medium"
"2213","2054-P",34,666.240851256996,"GNSFZ","Paris","California","France","National Pumpkin Festival","1729 D","1202 S",308,658,0,"Porcelain Doll",302.15004592154,"medium"
"2214","2391-P",72,650.698228385299,"CDXAR","Houston","Florida","France","Regional Pumpkin Festival","1907 C","1916 H",320,737,-8,"White Pumpkin",295.101237362948,"medium"
"2215","2176-P",34,638.106108883396,"BTDPQ","Chicago","Florida","France","National Pumpkin Festival","1057 Y","1295 G",4,4,2,"Lady Godiva",289.390525570701,"medium"
"2216","2506-P",42,634.805622971244,"TOJHF","Nottingham","New York","UK","National Pumpkin Festival","1215 T","1708 R",306,650,-4,"Porcelain Doll",287.893706562922,"medium"
"2217","2886-P",37,638.692776321433,"SBVYQ","New York","New York","France","Regional Pumpkin Festival","1114 V","1962 E",299,642,-2,"Lady Godiva",289.656587900877,"medium"
"2218","2488-P",1,625.421492788941,"HFCSB","Chicago","California","France","National Pumpkin Festival","1575 U","1309 D",302,666,-7,"White Pumpkin",283.637865210404,"medium"
"2219","2618-P",46,623.084685127251,"UKILY","Nottingham","Texas","France","Regional Pumpkin Festival","1954 D","1661 R",284,519,21,"Porcelain Doll",282.578088493084,"medium"
"2220","2591-P",70,612.928070544265,"OPJXP","Nottingham","Florida","France","Local Pumpkin Festival","1134 B","1457 W",301,625,-2,"White Pumpkin",277.971914079032,"medium"
"2221","2076-P",84,610.25325863529,"LLICY","Nottingham","Texas","France","Local Pumpkin Festival","1366 A","1269 P",295,622,-6,"White Pumpkin",276.758847453646,"medium"
"2222","2388-P",36,583.389397929423,"CAULV","New York","New York","UK","National Pumpkin Festival","1046 M","1114 S",287,560,5,"Hooligan",264.57569067094,"medium"
"2223","2004-P",13,577.273565789685,"OXQNU","Paris","Texas","France","National Pumpkin Festival","1986 F","1348 K",276,506,16,"Hooligan",261.802070652918,"medium"
"2224","2504-P",52,580.577981470153,"PKQWG","Paris","California","France","National Pumpkin Festival","1371 U","1087 A",287,541,7,"White Pumpkin",263.30067186855,"medium"
"2225","2200-P",7,572.497352739796,"OIODM","Nottingham","Florida","USA","Local Pumpkin Festival","1829 E","1628 N",295,620,-4,"Hooligan",259.635987637096,"medium"
"2226","2891-P",64,560.245558924973,"DUDDY","Houston","California","USA","Regional Pumpkin Festival","1531 Q","1720 E",297,622,-14,"Hooligan",254.079618560078,"medium"
"2227","2526-P",29,537.66095036082,"PFSRX","Paris","New York","USA","Local Pumpkin Festival","1430 Y","1882 G",291,539,-4,"White Pumpkin",243.837165696517,"medium"
"2228","2600-P",10,541.580555665307,"VUUVW","Los Angeles","Florida","France","Local Pumpkin Festival","1710 L","1476 N",283,525,6,"Hooligan",245.614764474062,"medium"
"2229","2320-P",42,530.462921193801,"ULTSW","Paris","New York","France","Local Pumpkin Festival","1587 L","1374 K",277,498,5,"Porcelain Doll",240.572753375873,"medium"
"2230","2162-P",62,513.523100762255,"GXSNB","Nottingham","California","France","National Pumpkin Festival","1742 L","1385 S",280,485,6,"Porcelain Doll",232.890295130275,"medium"
"2231","2924-P",2,517.211353072897,"NSFFP","Nottingham","New York","France","Regional Pumpkin Festival","1091 S","1396 G",-4,5,0,"White Pumpkin",234.562971915146,"medium"
"2232","2269-P",93,509.894352566451,"ZATFN","Chicago","California","USA","National Pumpkin Festival","1551 O","1033 X",248,373,42,"White Pumpkin",231.244604338526,"medium"
"2233","2771-P",96,502.580000217818,"ADKQR","Los Angeles","California","USA","National Pumpkin Festival","1565 F","1444 R",310,712,-29,"Hooligan",227.927437740507,"medium"
"2234","2918-P",17,507.501457510516,"TZSZM","New York","Florida","UK","National Pumpkin Festival","1671 L","1199 U",283,505,-6,"Porcelain Doll",230.159391161232,"medium"
"2235","2186-P",8,486.097341721132,"UXDSJ","Chicago","Florida","UK","Regional Pumpkin Festival","1382 U","1359 J",286,534,-10,"White Pumpkin",220.452309170582,"medium"
"2236","2840-P",47,482.795015956089,"QCKZW","New York","Texas","USA","Regional Pumpkin Festival","1183 B","1536 P",282,499,-8,"Hooligan",218.954655762399,"medium"
"2237","2371-P",64,484.74609701056,"YZVWD","Paris","Florida","France","National Pumpkin Festival","1329 E","1055 T",271,476,5,"Lady Godiva",219.839499778032,"medium"
"2238","2456-P",11,471.154327295721,"PDCQD","Houston","Florida","USA","National Pumpkin Festival","1107 A","1002 K",273,492,3,"Porcelain Doll",213.675431880145,"medium"
"2239","2424-P",75,470.102426290512,"RDFUH","Paris","New York","France","Local Pumpkin Festival","1067 W","1643 P",267,410,12,"Porcelain Doll",213.198379270074,"medium"
"2240","2170-P",46,432.092905032448,"KCVJL","Los Angeles","Texas","France","Local Pumpkin Festival","1816 L","1304 B",274,466,-11,"Hooligan",195.960501148503,"medium"
"2241","2375-P",76,428.322335353121,"QONMJ","Los Angeles","California","USA","Local Pumpkin Festival","1733 B","1502 E",273,450,2,"Lady Godiva",194.250492223638,"medium"
"2242","2013-P",71,446.123338818736,"ZWSXI","Paris","California","UK","Regional Pumpkin Festival","1499 G","1085 Q",259,429,4,"Lady Godiva",202.323509668361,"medium"
"2243","2445-P",30,425.147773679346,"HJBOS","Paris","Texas","France","Regional Pumpkin Festival","1321 W","1536 P",262,397,5,"Hooligan",192.810781713989,"medium"
"2244","2773-P",87,436.790844785981,"EGLWW","Paris","New York","UK","Local Pumpkin Festival","1608 S","1813 F",291,564,-26,"White Pumpkin",198.09108607074,"medium"
"2245","3000-P",68,424.897141266242,"KZWMU","Chicago","New York","USA","National Pumpkin Festival","1125 L","1190 E",291,549,-17,"Porcelain Doll",192.697116220518,"medium"
"2246","2778-P",80,420.608876765706,"VOJUT","New York","Texas","UK","National Pumpkin Festival","1963 Z","1223 C",253,383,4,"Hooligan",190.752325063812,"medium"
"2247","2778-P",75,417.624533663504,"ECAQK","Chicago","California","France","National Pumpkin Festival","1780 F","1283 Q",272,466,-13,"White Pumpkin",189.398881480047,"medium"
"2248","2295-P",37,408.956471609883,"MNISJ","Chicago","Florida","UK","Local Pumpkin Festival","1970 R","1494 K",4,0,-5,"Lady Godiva",185.467787578178,"medium"
"2249","2068-P",20,416.930751216598,"BIKXJ","New York","Texas","France","Local Pumpkin Festival","1461 W","1716 X",266,416,-6,"White Pumpkin",189.084240914557,"medium"
"2250","2000-P",51,406.281830740161,"DEPCF","Nottingham","Texas","USA","Local Pumpkin Festival","1365 R","1706 W",249,365,10,"Porcelain Doll",184.254798521615,"medium"
"2251","2417-P",88,402.977636021189,"JBMOB","New York","Florida","USA","Local Pumpkin Festival","1092 P","1433 Z",271,440,-11,"White Pumpkin",182.756297515279,"medium"
"2252","2176-P",58,388.717565818503,"YRXBE","Los Angeles","California","USA","Regional Pumpkin Festival","1901 W","1623 I",265,447,-14,"Porcelain Doll",176.28914549592,"medium"
"2253","2705-P",32,373.314777355641,"FAFZN","Houston","Florida","France","National Pumpkin Festival","1917 L","1836 B",261,414,-14,"Lady Godiva",169.303753902785,"medium"
"2254","2427-P",18,368.141033160873,"PZKJS","New York","Florida","USA","National Pumpkin Festival","1384 N","1386 A",271,432,-17,"Lady Godiva",166.957384653457,"medium"
"2255","2205-P",62,363.863677338697,"LEMIK","New York","California","UK","National Pumpkin Festival","1469 A","1583 R",-1,-1,-1,"Porcelain Doll",165.017540743173,"medium"
"2256","2515-P",16,361.626921147108,"AONSI","Paris","Florida","USA","Regional Pumpkin Festival","1429 T","1405 D",248,333,6,"Porcelain Doll",164.003138842226,"medium"
"2257","2132-P",20,355.8260842802,"XVZNS","Los Angeles","California","France","Local Pumpkin Festival","1856 B","1837 Y",261,429,-22,"Lady Godiva",161.37237382322,"medium"
"2258","2287-P",35,335.722834358737,"GPSWG","Nottingham","New York","USA","Regional Pumpkin Festival","1203 I","1681 C",247,363,-4,"White Pumpkin",152.255253677432,"medium"
"2259","2107-P",41,300.145826384798,"ASCGG","Paris","Florida","France","Regional Pumpkin Festival","1334 F","1883 H",234,295,10,"Hooligan",136.120556183582,"medium"
"2260","2678-P",79,306.466567094624,"MBAAA","New York","Florida","USA","Regional Pumpkin Festival","1067 K","1329 F",0,-3,2,"Lady Godiva",138.987105258333,"medium"
"2261","2863-P",94,301.55071371235,"ANWDW","Paris","Florida","France","National Pumpkin Festival","1347 O","1393 X",243,342,-6,"White Pumpkin",136.757693293583,"medium"
"2262","2958-P",61,291.994975584559,"POTYV","Houston","New York","France","Regional Pumpkin Festival","1669 B","1554 S",240,331,-10,"Lady Godiva",132.424025208417,"medium"
"2263","2622-P",57,300.307651519217,"WGSKP","Paris","Texas","France","Regional Pumpkin Festival","1199 Z","1234 V",233,309,-6,"Lady Godiva",136.193946267218,"medium"
"2264","2392-P",88,287.849633399397,"SNMGU","Houston","Florida","France","Regional Pumpkin Festival","1056 I","1849 N",230,291,5,"Lady Godiva",130.544051428298,"medium"
"2265","2038-P",26,272.398271976411,"XHIAZ","Houston","Florida","France","Local Pumpkin Festival","1711 F","1550 L",5,-1,3,"Porcelain Doll",123.536631281819,"medium"
"2266","2727-P",91,280.189216974191,"KRUNK","Houston","Texas","UK","Regional Pumpkin Festival","1620 O","1227 K",234,302,-13,"Porcelain Doll",127.069939670835,"medium"
"2267","2883-P",69,271.131747582927,"IRMXR","Houston","Florida","UK","National Pumpkin Festival","1784 D","1387 J",217,234,8,"Porcelain Doll",122.962243801781,"medium"
"2268","2822-P",61,254.278927896172,"DGLGL","New York","Florida","France","Regional Pumpkin Festival","1219 L","1460 W",223,244,7,"Lady Godiva",115.319241676268,"medium"
"2269","2877-P",4,246.198005491868,"PJVDZ","Los Angeles","California","USA","Local Pumpkin Festival","1795 H","1231 R",1,2,0,"Lady Godiva",111.65442425935,"medium"
"2270","2458-P",11,237.093406749517,"SARGD","Houston","New York","USA","National Pumpkin Festival","1768 O","1279 D",183,158,57,"Porcelain Doll",107.525354534928,"medium"
"2271","2453-P",13,209.384683785588,"FUANU","Paris","California","USA","Local Pumpkin Festival","1701 P","1227 Q",206,197,14,"Lady Godiva",94.9590402655726,"light"
"2272","2916-P",57,211.114916781522,"JDVHS","New York","California","USA","Local Pumpkin Festival","1604 M","1376 I",216,232,-12,"White Pumpkin",95.7437264315294,"light"
"2273","2995-P",78,195.594520590268,"HYTRI","Chicago","California","France","Regional Pumpkin Festival","1850 I","1461 R",222,233,-11,"Hooligan",88.7049980001216,"light"
"2274","2025-P",74,194.228272737563,"ZZOTM","Nottingham","New York","France","Local Pumpkin Festival","1034 Q","1549 Z",251,361,-44,"Porcelain Doll",88.0853844614797,"light"
"2275","2599-P",50,185.96670430284,"EOWPT","Houston","New York","France","Regional Pumpkin Festival","1205 F","1732 T",193,182,6,"Porcelain Doll",84.3386414071836,"light"
"2276","2539-P",8,159.807418726385,"ANRKS","New York","Texas","UK","Regional Pumpkin Festival","1547 W","1486 J",-5,-4,5,"Lady Godiva",72.4750198305599,"light"
"2277","2231-P",26,167.202179106325,"JZZGO","Paris","Texas","UK","Local Pumpkin Festival","1416 U","1517 W",191,160,3,"Lady Godiva",75.8286526559297,"light"
"2278","2135-P",37,147.315599960834,"OXDDK","New York","California","France","National Pumpkin Festival","1774 T","1559 V",189,169,-4,"Hooligan",66.8097959006049,"light"
"2279","2406-P",22,154.176204359159,"OATKX","Chicago","New York","USA","Regional Pumpkin Festival","1905 O","1165 U",180,145,8,"Lady Godiva",69.9211811152648,"light"
"2280","2920-P",62,149.390986676887,"PRLEO","Nottingham","New York","UK","National Pumpkin Festival","1750 L","1765 P",188,159,2,"Lady Godiva",67.751014365935,"light"
"2281","2666-P",66,142.637082992122,"IDCQO","Los Angeles","Texas","France","Local Pumpkin Festival","1346 L","1673 R",190,156,-10,"Porcelain Doll",64.6880194975608,"light"
"2282","2090-P",50,140.877171943896,"ZFKFJ","New York","California","USA","Local Pumpkin Festival","1942 P","1506 L",-5,3,5,"Lady Godiva",63.8898738974583,"light"
"2283","2719-P",34,130.115609813482,"DUQKU","Paris","California","USA","Local Pumpkin Festival","1917 X","1258 N",4,0,-4,"Hooligan",59.0093468541867,"light"
"2284","2094-P",48,133.315491595306,"DEHSG","Nottingham","Florida","UK","National Pumpkin Festival","1615 B","1085 M",168,110,18,"Porcelain Doll",60.4605404060342,"light"
"2285","2953-P",52,120.24974024035,"LYHRK","Chicago","New York","USA","National Pumpkin Festival","1600 V","1144 X",195,168,-29,"Hooligan",54.5350295874605,"light"
"2286","2654-P",82,113.504139855504,"VUXFS","Los Angeles","New York","France","National Pumpkin Festival","1224 R","1366 N",163,113,4,"Porcelain Doll",51.4758003879837,"light"
"2287","2765-P",63,97.0069215212017,"TVIWO","New York","Florida","USA","Local Pumpkin Festival","1110 V","1981 K",174,118,-18,"Porcelain Doll",43.9940687170983,"light"
"2288","2556-P",95,84.2861838238314,"MPDMO","Chicago","Texas","France","Regional Pumpkin Festival","1650 P","1619 V",159,95,-4,"Lady Godiva",38.2250266774745,"light"
"2289","2833-P",88,75.5086127603427,"GASUM","New York","California","USA","National Pumpkin Festival","1992 C","1022 H",161,97,-14,"Hooligan",34.2442688255522,"light"
"2290","2419-P",87,79.5762401716784,"JFISF","Paris","Florida","France","Regional Pumpkin Festival","1874 G","1436 R",157,93,-16,"Hooligan",36.088997810285,"light"
"2291","2195-P",89,56.6118576368317,"WDCXF","Houston","New York","France","National Pumpkin Festival","1868 U","1241 U",136,57,10,"Hooligan",25.6743118534384,"light"
"2292","2252-P",49,60.8019464576617,"OTTFH","Los Angeles","California","USA","National Pumpkin Festival","1961 C","1150 D",-3,4,0,"Porcelain Doll",27.5745788923636,"light"
"2293","2563-P",43,48.9629199244082,"JSIKY","Chicago","Texas","USA","National Pumpkin Festival","1670 L","1213 E",136,57,-16,"White Pumpkin",22.2054058614096,"light"
"2294","2666-P",6,51.5634725932032,"DSTLC","New York","New York","France","National Pumpkin Festival","1346 K","1936 R",120,53,5,"Lady Godiva",23.3847948268495,"light"
"2295","2738-P",59,55.0159340053797,"MDLKX","Nottingham","New York","USA","Local Pumpkin Festival","1054 S","1698 M",120,43,8,"Hooligan",24.950536963891,"light"
"2296","2158-P",3,52.745718405582,"XBBLQ","Chicago","Texas","USA","Local Pumpkin Festival","1529 I","1137 L",128,49,-8,"White Pumpkin",23.9209607281551,"light"
"2297","2248-P",76,34.001021033898,"XFAZJ","New York","California","UK","National Pumpkin Festival","1086 T","1578 F",115,47,-11,"Porcelain Doll",15.4199641877088,"light"
"2298","2194-P",10,40.9782516084611,"TCEZN","Paris","California","UK","Regional Pumpkin Festival","1751 H","1914 N",100,34,-2,"White Pumpkin",18.5842410922726,"light"
"2299","2178-P",33,274.648207617737,"LUSEJ","New York","Texas","USA","Local Pumpkin Festival","1465 L","1893 P",229,270,4,"Hooligan",124.557010257477,"medium"
